// Angry2 - 75 frames, 128x64, XOR-delta + PackBits
#pragma once
#include <Arduino.h>

#define ANGRY2_FRAMES 75

const uint16_t angry2_offsets[76] PROGMEM = {
  0, 363, 595, 1001, 1394, 1725, 1990, 2083, 2150, 2379, 2510, 2583, 2668, 2779, 2879, 3213,
  3592, 3919, 4553, 5022, 5493, 5729, 6035, 6178, 6311, 6492, 6593, 6716, 6888, 7094, 7350, 7506,
  7641, 7831, 8075, 8265, 8561, 8805, 9004, 9503, 9885, 10290, 10604, 10959, 11338, 11628, 11838, 12130,
  12427, 12730, 13153, 13468, 13682, 14003, 14288, 14632, 15030, 15253, 15524, 15877, 16187, 16585, 16960, 17230,
  17487, 17813, 18083, 18447, 18760, 19021, 19238, 19564, 19851, 20256, 20578, 20821
};

const uint8_t angry2_data[20821] PROGMEM = {
  0xac, 0x00, 0x06, 0x7f, 0xff, 0x80, 0x00, 0x1f, 0xff, 0xf8, 0xf8, 0x00, 0xff, 0xff, 0x04, 0xc0,
  0x00, 0x1f, 0xff, 0xf8, 0xf8, 0x00, 0xff, 0xff, 0x04, 0xe0, 0x00, 0x0f, 0xff, 0xfc, 0xf8, 0x00,
  0xff, 0xff, 0x04, 0xe0, 0x00, 0x0f, 0xff, 0xfc, 0xf8, 0x00, 0xff, 0xff, 0x04, 0xf0, 0x00, 0x0f,
  0xff, 0xfe, 0xf8, 0x00, 0xff, 0xff, 0x04, 0xf0, 0x00, 0x07, 0xff, 0xfe, 0xf8, 0x00, 0xff, 0xff,
  0x02, 0xf8, 0x00, 0x07, 0xff, 0xff, 0xf8, 0x00, 0xff, 0xff, 0x02, 0xf8, 0x00, 0x07, 0xff, 0xff,
  0xf8, 0x00, 0x04, 0x7f, 0xff, 0xfc, 0x00, 0x03, 0xff, 0xff, 0xf8, 0x00, 0x04, 0x7f, 0xff, 0xfc,
  0x00, 0x03, 0xff, 0xff, 0xf8, 0x00, 0x04, 0x7f, 0xff, 0xfc, 0x00, 0x01, 0xff, 0xff, 0x00, 0x80,
  0xf9, 0x00, 0x04, 0x7f, 0xff, 0xfe, 0x00, 0x01, 0xff, 0xff, 0x00, 0x80, 0xf9, 0x00, 0x04, 0x3f,
  0xff, 0xfe, 0x00, 0x01, 0xff, 0xff, 0x00, 0x80, 0xf9, 0x00, 0x04, 0x3f, 0xff, 0xfe, 0x00, 0x81,
  0xff, 0xff, 0x00, 0x80, 0xf9, 0x00, 0x04, 0x3f, 0xff, 0xfe, 0x01, 0xe1, 0xff, 0xff, 0x00, 0x80,
  0xf9, 0x00, 0x00, 0x3f, 0xff, 0xff, 0x01, 0x03, 0xf0, 0xff, 0xff, 0x00, 0x80, 0xf9, 0x00, 0x00,
  0x3f, 0xff, 0xff, 0x01, 0x07, 0xf0, 0xff, 0xff, 0x00, 0x80, 0xf9, 0x00, 0x00, 0x3f, 0xff, 0xff,
  0x01, 0x07, 0xf0, 0xff, 0xff, 0x00, 0x80, 0xf9, 0x00, 0x00, 0x1f, 0xff, 0xff, 0x01, 0x07, 0xf0,
  0xff, 0xff, 0x00, 0x80, 0xf9, 0x00, 0x00, 0x1f, 0xff, 0xff, 0x01, 0x0f, 0xf8, 0xff, 0xff, 0xf8,
  0x00, 0x00, 0x1f, 0xff, 0xff, 0x01, 0x0f, 0xf8, 0xff, 0xff, 0xf8, 0x00, 0x00, 0x1f, 0xff, 0xff,
  0x01, 0x0f, 0xf8, 0xff, 0xff, 0xf8, 0x00, 0x00, 0x1f, 0xff, 0xff, 0x03, 0x0f, 0xf8, 0x7f, 0xfe,
  0xf8, 0x00, 0x00, 0x1f, 0xff, 0xff, 0x03, 0x0f, 0xf8, 0x7f, 0xfc, 0xf8, 0x00, 0x06, 0x1f, 0xff,
  0xfe, 0x07, 0xf8, 0x3f, 0xf8, 0xf8, 0x00, 0x06, 0x1f, 0xff, 0xfe, 0x07, 0xf8, 0x0f, 0xc0, 0xf8,
  0x00, 0x04, 0x0f, 0xff, 0xfe, 0x07, 0xfc, 0xf6, 0x00, 0x04, 0x0f, 0xff, 0xfe, 0x07, 0xfc, 0xf6,
  0x00, 0x04, 0x0f, 0xff, 0xfc, 0x03, 0xfc, 0xf6, 0x00, 0x04, 0x0f, 0xff, 0xfc, 0x03, 0xfc, 0xf6,
  0x00, 0x04, 0x0f, 0xff, 0xfc, 0x03, 0xfc, 0xf6, 0x00, 0x04, 0x07, 0xff, 0xf8, 0x01, 0xf8, 0xf6,
  0x00, 0x04, 0x03, 0xff, 0xf0, 0x00, 0xf8, 0xf6, 0x00, 0x04, 0x01, 0xff, 0xe0, 0x00, 0x70, 0xf5,
  0x00, 0x00, 0x7f, 0x81, 0x00, 0x81, 0x00, 0x81, 0x00, 0xf8, 0x00, 0xac, 0x00, 0x06, 0x7f, 0xff,
  0x80, 0x00, 0x1e, 0x00, 0x08, 0xf8, 0x00, 0xff, 0xff, 0x02, 0xc0, 0x00, 0x1c, 0xf6, 0x00, 0x04,
  0xff, 0x00, 0xe0, 0x00, 0x0c, 0xf6, 0x00, 0x06, 0xf8, 0x00, 0x20, 0x00, 0x0c, 0x00, 0x02, 0xf8,
  0x00, 0x04, 0xe0, 0x00, 0x10, 0x00, 0x08, 0xf6, 0x00, 0x00, 0xe0, 0xfe, 0x00, 0x00, 0x04, 0xf6,
  0x00, 0x00, 0xc0, 0xfe, 0x00, 0x00, 0x04, 0xf6, 0x00, 0x04, 0xc0, 0x00, 0x04, 0x00, 0x04, 0xdf,
  0x00, 0x00, 0x80, 0xf7, 0x00, 0x00, 0x02, 0xe4, 0x00, 0x00, 0x40, 0xf2, 0x00, 0x04, 0x40, 0x00,
  0x01, 0x00, 0x80, 0xf4, 0x00, 0xff, 0x01, 0x00, 0xe0, 0xf3, 0x00, 0x01, 0x03, 0xf1, 0xf3, 0x00,
  0x01, 0x07, 0xf1, 0xf3, 0x00, 0x01, 0x07, 0xf0, 0xf6, 0x00, 0x00, 0x20, 0xff, 0x00, 0x01, 0x07,
  0xc0, 0xf3, 0x00, 0x00, 0x0f, 0xfe, 0x00, 0x00, 0x80, 0xf6, 0x00, 0x01, 0x0e, 0x04, 0xf3, 0x00,
  0x01, 0x0e, 0x04, 0xf3, 0x00, 0x02, 0x0c, 0x04, 0x80, 0xf4, 0x00, 0x01, 0x0c, 0x04, 0xf4, 0x00,
  0x03, 0x01, 0x00, 0x04, 0x40, 0xf5, 0x00, 0x04, 0x01, 0x00, 0x04, 0x10, 0x30, 0xf8, 0x00, 0x02,
  0x10, 0x00, 0x01, 0xff, 0x00, 0x00, 0x07, 0xf7, 0x00, 0x00, 0x10, 0xf2, 0x00, 0x03, 0x10, 0x00,
  0x02, 0x04, 0xf5, 0x00, 0x00, 0x10, 0xff, 0x00, 0x00, 0x04, 0xe5, 0x00, 0x04, 0x08, 0x00, 0x04,
  0x02, 0x04, 0xf6, 0x00, 0x04, 0x04, 0x00, 0x08, 0x01, 0x04, 0xf6, 0x00, 0x04, 0x02, 0x00, 0x10,
  0x00, 0x88, 0xf5, 0x00, 0x03, 0x80, 0xc0, 0x00, 0x30, 0xf5, 0x00, 0x00, 0x1c, 0x81, 0x00, 0x81,
  0x00, 0x88, 0x00, 0xa9, 0x00, 0x03, 0x0e, 0x7d, 0xff, 0xf0, 0xf5, 0x00, 0x03, 0x0e, 0x1b, 0xff,
  0xf8, 0xf7, 0x00, 0x05, 0xff, 0x00, 0x0e, 0x00, 0x7f, 0xfc, 0xf8, 0x00, 0x06, 0x07, 0xff, 0xc0,
  0x0e, 0x00, 0x7f, 0xfe, 0xf8, 0x00, 0x06, 0x1f, 0xff, 0xe0, 0x0e, 0x00, 0x7f, 0xfe, 0xf8, 0x00,
  0x06, 0x1f, 0xff, 0xf0, 0x0c, 0x04, 0xff, 0xfe, 0xf8, 0x00, 0x04, 0x3f, 0xff, 0xf8, 0x00, 0x04,
  0xff, 0xff, 0xf8, 0x00, 0x04, 0x3f, 0xff, 0xfc, 0x01, 0x84, 0xff, 0xff, 0xf8, 0x00, 0x04, 0x7f,
  0xff, 0xfc, 0x03, 0xe4, 0xff, 0xff, 0xf8, 0x00, 0x04, 0x7f, 0xff, 0xfc, 0x07, 0xe3, 0xff, 0xff,
  0x00, 0x80, 0xf9, 0x00, 0x04, 0x7f, 0xff, 0xfe, 0x07, 0xf1, 0xff, 0xff, 0x00, 0x80, 0xf9, 0x00,
  0x04, 0x7f, 0xff, 0xfe, 0x00, 0x71, 0xff, 0xff, 0x00, 0x80, 0xf9, 0x00, 0x04, 0x7f, 0xff, 0xfe,
  0x00, 0x01, 0xff, 0xff, 0x00, 0x80, 0xf9, 0x00, 0x00, 0x7f, 0xff, 0xff, 0x04, 0x00, 0x01, 0xe7,
  0xff, 0x80, 0xf9, 0x00, 0x00, 0x3f, 0xff, 0xff, 0x04, 0x00, 0x01, 0xc7, 0xf1, 0x80, 0xf9, 0x00,
  0x00, 0x3f, 0xff, 0xff, 0x04, 0x00, 0x01, 0x87, 0xe0, 0x80, 0xf9, 0x00, 0x00, 0x3f, 0xff, 0xff,
  0x03, 0x00, 0x07, 0x0f, 0xc0, 0xf8, 0x00, 0x00, 0x3f, 0xff, 0xff, 0x00, 0x00, 0xff, 0x0f, 0xf7,
  0x00, 0x00, 0x3f, 0xff, 0xff, 0x02, 0x10, 0x3f, 0x1e, 0xf7, 0x00, 0x00, 0x1f, 0xff, 0xff, 0x02,
  0x38, 0xff, 0x18, 0xf7, 0x00, 0x00, 0x1f, 0xff, 0xff, 0x04, 0xf9, 0xff, 0xf0, 0x00, 0xc0, 0xf9,
  0x00, 0x07, 0x1f, 0xff, 0x00, 0xf9, 0xfc, 0xc0, 0x00, 0xc0, 0xf9, 0x00, 0x07, 0x1f, 0xff, 0x00,
  0xf3, 0xfc, 0xc0, 0x01, 0xc0, 0xf9, 0x00, 0x07, 0x1f, 0xff, 0x80, 0xf3, 0xfc, 0x00, 0x03, 0x80,
  0xf9, 0x00, 0x07, 0x1f, 0xff, 0xf0, 0xc7, 0xfc, 0x00, 0x07, 0x80, 0xf9, 0x00, 0x00, 0x1f, 0xff,
  0xff, 0x03, 0x07, 0xfc, 0x60, 0x0f, 0xf8, 0x00, 0x00, 0xdf, 0xff, 0xff, 0x03, 0x07, 0xfc, 0x78,
  0xff, 0xf9, 0x00, 0x07, 0x01, 0xe0, 0xff, 0xfe, 0x07, 0xfc, 0x7f, 0xfe, 0xf9, 0x00, 0x01, 0x01,
  0xe0, 0xff, 0x00, 0x03, 0x07, 0xfc, 0x3f, 0xfc, 0xf9, 0x00, 0x07, 0x01, 0xe0, 0x00, 0x03, 0x87,
  0xfc, 0x3f, 0xf8, 0xf9, 0x00, 0x07, 0x01, 0xf0, 0x00, 0x03, 0x83, 0xfc, 0x07, 0xc0, 0xf9, 0x00,
  0x05, 0x01, 0xf0, 0x00, 0x03, 0x83, 0xf0, 0xf6, 0x00, 0x04, 0xf8, 0x00, 0x07, 0x81, 0x82, 0xf6,
  0x00, 0x04, 0xfc, 0x00, 0x0f, 0x80, 0x07, 0xf6, 0x00, 0x04, 0xff, 0x00, 0x3f, 0x01, 0xcf, 0xf6,
  0x00, 0x04, 0x7f, 0xe3, 0xff, 0x01, 0xfe, 0xf6, 0x00, 0x04, 0x3f, 0xff, 0xfe, 0x01, 0xfc, 0xf6,
  0x00, 0x04, 0x3f, 0xff, 0xfc, 0x00, 0xc0, 0xf6, 0x00, 0x02, 0x0f, 0xff, 0xf8, 0xf4, 0x00, 0x02,
  0x07, 0xff, 0x80, 0x81, 0x00, 0x81, 0x00, 0xc9, 0x00, 0xa9, 0x00, 0x01, 0x0e, 0x7c, 0xf3, 0x00,
  0x01, 0x0e, 0x28, 0xf3, 0x00, 0x02, 0x0e, 0x3b, 0x80, 0xf4, 0x00, 0x02, 0x09, 0x3c, 0x80, 0xf4,
  0x00, 0x01, 0x09, 0x98, 0xf3, 0x00, 0x02, 0x0f, 0x88, 0x80, 0xf4, 0x00, 0x01, 0x03, 0xc0, 0xf3,
  0x00, 0x02, 0x02, 0x47, 0xe0, 0xf4, 0x00, 0x02, 0x04, 0x26, 0xe0, 0xf4, 0x00, 0x02, 0x08, 0x61,
  0xc0, 0xf4, 0x00, 0x02, 0x08, 0xf1, 0xc0, 0xf3, 0x00, 0x01, 0x73, 0xc0, 0xf3, 0x00, 0x01, 0xf1,
  0x80, 0xf4, 0x00, 0x03, 0x01, 0xf9, 0x98, 0x01, 0xf5, 0x00, 0x04, 0x03, 0xf8, 0x38, 0x0d, 0xc0,
  0xf6, 0x00, 0x04, 0x01, 0xf8, 0x78, 0x18, 0xc0, 0xf5, 0x00, 0x03, 0x1a, 0xf0, 0x30, 0x40, 0xf5,
  0x00, 0x03, 0x0f, 0xf0, 0xe0, 0x40, 0xf6, 0x00, 0x04, 0x10, 0x0f, 0xf9, 0xe0, 0x40, 0xf6, 0x00,
  0x04, 0x38, 0x07, 0xdf, 0xc0, 0x40, 0xf6, 0x00, 0x04, 0xf8, 0x03, 0xf7, 0x80, 0x40, 0xf7, 0x00,
  0x05, 0xff, 0xf8, 0x01, 0xcf, 0x00, 0xc0, 0xf7, 0x00, 0x05, 0xff, 0xf0, 0x0f, 0xce, 0x01, 0xc0,
  0xf7, 0x00, 0x05, 0x7f, 0xf0, 0x0f, 0x9e, 0x01, 0x80, 0xf7, 0x00, 0x05, 0x0f, 0xc0, 0x07, 0xbc,
  0x03, 0x80, 0xf6, 0x00, 0x03, 0x30, 0x03, 0x78, 0x07, 0xf8, 0x00, 0x06, 0xc0, 0x03, 0xe0, 0x70,
  0x00, 0x70, 0x0f, 0xf9, 0x00, 0x07, 0x01, 0xff, 0x03, 0xff, 0xf0, 0x00, 0x60, 0x1e, 0xf9, 0x00,
  0x00, 0x01, 0xff, 0xff, 0x01, 0x01, 0xf0, 0xff, 0x00, 0x01, 0x03, 0xc0, 0xfa, 0x00, 0x00, 0x01,
  0xff, 0xff, 0x05, 0xc0, 0x60, 0x00, 0x40, 0x07, 0xe0, 0xfa, 0x00, 0x00, 0x01, 0xff, 0xff, 0x05,
  0xf0, 0x40, 0x00, 0x78, 0x3f, 0xe0, 0xfa, 0x00, 0x00, 0x01, 0xfe, 0xff, 0x04, 0x80, 0x0c, 0x7f,
  0xff, 0xc0, 0xfa, 0x00, 0x01, 0x03, 0x01, 0xff, 0xff, 0x04, 0x80, 0x7e, 0x7f, 0xff, 0x80, 0xfa,
  0x00, 0x07, 0x03, 0x00, 0x07, 0xff, 0x86, 0xf9, 0x00, 0x40, 0xf9, 0x00, 0x00, 0x03, 0xfe, 0x00,
  0x01, 0x06, 0xf1, 0xf7, 0x00, 0x01, 0x03, 0x80, 0xff, 0x00, 0x01, 0x86, 0x70, 0xf6, 0x00, 0x04,
  0xc0, 0x00, 0x01, 0x82, 0x03, 0xf4, 0x00, 0x02, 0x03, 0x01, 0x3f, 0xf6, 0x00, 0x05, 0x08, 0x00,
  0x07, 0x01, 0xff, 0x80, 0xf7, 0x00, 0x05, 0x07, 0x80, 0x7e, 0x01, 0xe7, 0xc0, 0xf7, 0x00, 0x05,
  0x03, 0xff, 0xf8, 0x01, 0xf3, 0xe0, 0xf7, 0x00, 0x05, 0x0f, 0xff, 0xf0, 0x01, 0xe1, 0xf0, 0xf7,
  0x00, 0x05, 0x3f, 0xff, 0xc0, 0x01, 0xe0, 0x7c, 0xf7, 0x00, 0x05, 0x3f, 0xff, 0x00, 0x01, 0xe0,
  0x18, 0xf7, 0x00, 0x04, 0x3f, 0xfc, 0x00, 0x03, 0xe0, 0xf6, 0x00, 0x04, 0x1f, 0xe0, 0x00, 0x03,
  0xc0, 0xf6, 0x00, 0x00, 0x0e, 0xff, 0x00, 0x01, 0x07, 0x80, 0xf3, 0x00, 0x00, 0x07, 0x81, 0x00,
  0xca, 0x00, 0x81, 0x00, 0xf9, 0x00, 0x00, 0x04, 0xf0, 0x00, 0x00, 0x40, 0xf3, 0x00, 0x01, 0x10,
  0x40, 0xf3, 0x00, 0x01, 0x08, 0xc0, 0xf3, 0x00, 0x01, 0x07, 0x20, 0xf4, 0x00, 0x00, 0x04, 0xf2,
  0x00, 0x02, 0x08, 0x40, 0x20, 0xf4, 0x00, 0x02, 0x08, 0xc0, 0x20, 0xf4, 0x00, 0x01, 0x0f, 0x80,
  0xf3, 0x00, 0x02, 0x06, 0x92, 0x40, 0xf3, 0x00, 0x02, 0x08, 0x40, 0x01, 0xf5, 0x00, 0x02, 0x02,
  0x01, 0x80, 0xf4, 0x00, 0x04, 0x02, 0x04, 0x80, 0x04, 0x20, 0xf6, 0x00, 0x04, 0x01, 0xe0, 0x00,
  0x08, 0x20, 0xf5, 0x00, 0x03, 0x1c, 0x00, 0x10, 0x20, 0xf5, 0x00, 0x03, 0x0c, 0x00, 0x10, 0x20,
  0xf3, 0x00, 0x00, 0x20, 0xf3, 0x00, 0x01, 0x80, 0x40, 0xf4, 0x00, 0x01, 0x01, 0x08, 0xff, 0x80,
  0xf4, 0x00, 0xff, 0x01, 0xf3, 0x00, 0x00, 0x10, 0xf3, 0x00, 0x01, 0x08, 0x20, 0xf4, 0x00, 0x02,
  0x20, 0x0c, 0xe0, 0xf5, 0x00, 0x03, 0x60, 0x00, 0x0f, 0xc0, 0xf5, 0x00, 0x04, 0x09, 0x00, 0x03,
  0x80, 0x10, 0xf7, 0x00, 0x00, 0x07, 0xfd, 0x00, 0x01, 0x1c, 0x40, 0xf8, 0x00, 0x02, 0x01, 0xc0,
  0x10, 0xf3, 0x00, 0x01, 0xf0, 0x20, 0xf3, 0x00, 0x01, 0x3f, 0xc0, 0xfe, 0x00, 0x00, 0x20, 0xfa,
  0x00, 0x01, 0x02, 0x1e, 0xfe, 0x00, 0x00, 0x06, 0xff, 0x00, 0x00, 0x60, 0xf8, 0x00, 0x06, 0x78,
  0x00, 0x0a, 0x00, 0x3f, 0xbf, 0xc0, 0xfa, 0x00, 0x00, 0x04, 0xff, 0x00, 0x04, 0x01, 0x08, 0x01,
  0x07, 0xf8, 0xf9, 0x00, 0x00, 0x04, 0xfe, 0x00, 0x01, 0x08, 0x01, 0xf7, 0x00, 0x00, 0x07, 0xfe,
  0x00, 0x00, 0x44, 0xf6, 0x00, 0x01, 0x07, 0xc0, 0xff, 0x00, 0x00, 0xc2, 0xf6, 0x00, 0x01, 0x03,
  0xf8, 0xff, 0x00, 0x00, 0x82, 0xf5, 0x00, 0x04, 0x7f, 0x80, 0x01, 0x00, 0x18, 0xf6, 0x00, 0x04,
  0x02, 0x00, 0x06, 0x00, 0x04, 0xf6, 0x00, 0x04, 0x08, 0x00, 0x0c, 0x00, 0x12, 0xf6, 0x00, 0x02,
  0x20, 0x00, 0x30, 0xff, 0x00, 0x00, 0x80, 0xf5, 0x00, 0x00, 0xe0, 0xff, 0x00, 0x00, 0x66, 0xf6,
  0x00, 0x01, 0x03, 0x80, 0xff, 0x00, 0x00, 0x1e, 0xf6, 0x00, 0x00, 0x1e, 0xf3, 0x00, 0x01, 0x11,
  0xf8, 0xff, 0x00, 0x00, 0x40, 0xf6, 0x00, 0x04, 0x1f, 0xe0, 0x00, 0x18, 0x80, 0xf6, 0x00, 0x00,
  0x0f, 0xff, 0x00, 0x00, 0x7f, 0xf2, 0x00, 0x00, 0x3c, 0x81, 0x00, 0xea, 0x00, 0x98, 0x00, 0x00,
  0x30, 0xe3, 0x00, 0xff, 0x03, 0xf2, 0x00, 0x00, 0x80, 0xf3, 0x00, 0x00, 0x04, 0xe0, 0x00, 0x00,
  0x40, 0xf3, 0x00, 0x00, 0x01, 0xd1, 0x00, 0x00, 0x20, 0xf4, 0x00, 0x01, 0x09, 0x60, 0xf3, 0x00,
  0x00, 0x01, 0xf0, 0x00, 0x01, 0x40, 0x02, 0xf4, 0x00, 0x01, 0x01, 0x40, 0xf4, 0x00, 0x00, 0x02,
  0xff, 0x00, 0x00, 0x04, 0xf2, 0x00, 0x00, 0x08, 0xf4, 0x00, 0x01, 0x10, 0x18, 0xf2, 0x00, 0x01,
  0x20, 0x10, 0xf3, 0x00, 0x01, 0x40, 0x20, 0xf3, 0x00, 0x01, 0x80, 0x40, 0xf4, 0x00, 0x02, 0x0f,
  0x00, 0x80, 0xf4, 0x00, 0x01, 0x0e, 0x01, 0xf3, 0x00, 0x01, 0x10, 0x02, 0xf4, 0x00, 0xff, 0x10,
  0x00, 0x04, 0xf6, 0x00, 0x03, 0x03, 0x80, 0x40, 0x00, 0xff, 0x08, 0xf7, 0x00, 0x04, 0x01, 0xf6,
  0x80, 0x04, 0x18, 0xf5, 0x00, 0x00, 0x06, 0xff, 0x00, 0x02, 0x30, 0x03, 0x80, 0xf8, 0x00, 0x00,
  0x02, 0xfe, 0x00, 0x02, 0x60, 0x30, 0x20, 0xf8, 0x00, 0x00, 0x01, 0xfe, 0x00, 0x00, 0x40, 0xf5,
  0x00, 0x00, 0x40, 0xfd, 0x00, 0x00, 0x10, 0xfa, 0x00, 0x04, 0x01, 0xe0, 0x00, 0x07, 0x80, 0xf6,
  0x00, 0x02, 0x03, 0xff, 0x80, 0xfe, 0x00, 0x00, 0x40, 0xf7, 0x00, 0x06, 0x01, 0xff, 0xfe, 0x10,
  0x08, 0x00, 0x04, 0xf9, 0x00, 0x00, 0x08, 0xf2, 0x00, 0x00, 0x08, 0xfd, 0x00, 0x00, 0x30, 0xe7,
  0x00, 0x00, 0x04, 0xf1, 0x00, 0x00, 0x80, 0xfd, 0x00, 0x00, 0x40, 0xf7, 0x00, 0x00, 0x01, 0xfd,
  0x00, 0x00, 0x20, 0xf7, 0x00, 0x01, 0x07, 0xf0, 0xff, 0x00, 0x00, 0x10, 0xf6, 0x00, 0x02, 0x1f,
  0xc0, 0x08, 0xff, 0x00, 0x00, 0x04, 0xf7, 0x00, 0x00, 0x3e, 0xfd, 0x00, 0x00, 0x01, 0xf7, 0x00,
  0x00, 0x30, 0xe2, 0x00, 0x00, 0x20, 0xf2, 0x00, 0x00, 0x20, 0xf2, 0x00, 0x00, 0x10, 0xef, 0x00,
  0x00, 0x40, 0x81, 0x00, 0xea, 0x00, 0x81, 0x00, 0x99, 0x00, 0x00, 0x04, 0xe0, 0x00, 0x00, 0x20,
  0xf4, 0x00, 0x00, 0x01, 0xdf, 0x00, 0x00, 0x01, 0xf3, 0x00, 0x01, 0x40, 0x02, 0x81, 0x00, 0xf4,
  0x00, 0x00, 0x10, 0xb0, 0x00, 0x00, 0x0c, 0xd5, 0x00, 0x00, 0x80, 0xe2, 0x00, 0x00, 0x01, 0xe6,
  0x00, 0x00, 0x08, 0xe2, 0x00, 0x00, 0x04, 0xe1, 0x00, 0x00, 0x01, 0xee, 0x00, 0x00, 0x10, 0xf5,
  0x00, 0x00, 0x40, 0xff, 0x00, 0x00, 0x11, 0xf6, 0x00, 0x00, 0x02, 0xed, 0x00, 0x00, 0x20, 0xe6,
  0x00, 0x00, 0x04, 0xf3, 0x00, 0x00, 0x20, 0xf2, 0x00, 0x00, 0x10, 0xef, 0x00, 0x00, 0x40, 0x81,
  0x00, 0xea, 0x00, 0x81, 0x00, 0x99, 0x00, 0x00, 0x04, 0xaf, 0x00, 0x00, 0x01, 0xf2, 0x00, 0x00,
  0x02, 0x81, 0x00, 0xf4, 0x00, 0xff, 0x10, 0xe2, 0x00, 0x01, 0x04, 0x08, 0xd2, 0x00, 0x00, 0x0c,
  0xd5, 0x00, 0x00, 0x80, 0xe2, 0x00, 0x00, 0x01, 0xa5, 0x00, 0x01, 0x01, 0x80, 0xef, 0x00, 0x00,
  0x10, 0xf5, 0x00, 0x00, 0x40, 0xff, 0x00, 0x00, 0x10, 0xf6, 0x00, 0x00, 0x02, 0xd2, 0x00, 0x01,
  0x20, 0x04, 0x81, 0x00, 0xb8, 0x00, 0x88, 0x00, 0x00, 0x20, 0xd1, 0x00, 0x00, 0x20, 0xd2, 0x00,
  0x00, 0x80, 0xf4, 0x00, 0x01, 0x04, 0x01, 0xe2, 0x00, 0x01, 0x02, 0x20, 0xf4, 0x00, 0x01, 0x01,
  0x02, 0xf2, 0x00, 0x00, 0x80, 0xf0, 0x00, 0x00, 0x01, 0xf3, 0x00, 0x01, 0x40, 0x02, 0xf3, 0x00,
  0x00, 0x80, 0xe1, 0x00, 0x00, 0x08, 0xf4, 0x00, 0x00, 0x08, 0xef, 0x00, 0x00, 0x40, 0xe4, 0x00,
  0x00, 0x80, 0xf3, 0x00, 0x02, 0x01, 0x00, 0x80, 0xf4, 0x00, 0x02, 0x10, 0x01, 0x02, 0xf3, 0x00,
  0x01, 0x02, 0x04, 0xf5, 0x00, 0x03, 0x10, 0x00, 0x20, 0x08, 0xf7, 0x00, 0x00, 0x02, 0xff, 0x00,
  0x01, 0x08, 0x40, 0xf5, 0x00, 0x00, 0x09, 0xee, 0x00, 0x00, 0x0c, 0xe5, 0x00, 0x00, 0x20, 0xf3,
  0x00, 0x00, 0x18, 0xf1, 0x00, 0x01, 0x10, 0x01, 0xf7, 0x00, 0x01, 0x08, 0x0e, 0xff, 0x00, 0x02,
  0x01, 0x00, 0x18, 0xf8, 0x00, 0x00, 0x10, 0xf2, 0x00, 0x00, 0x18, 0xfd, 0x00, 0x00, 0x40, 0xf7,
  0x00, 0x00, 0x08, 0xfd, 0x00, 0x00, 0x10, 0xf7, 0x00, 0x00, 0x04, 0xfe, 0x00, 0x00, 0x40, 0xf6,
  0x00, 0x00, 0x01, 0xfe, 0x00, 0x00, 0x80, 0xf5, 0x00, 0x04, 0x07, 0x80, 0x01, 0x00, 0x08, 0xf2,
  0x00, 0xff, 0x10, 0xf6, 0x00, 0x00, 0x40, 0xf1, 0x00, 0x00, 0x10, 0xff, 0x00, 0x00, 0x80, 0xf5,
  0x00, 0x00, 0x40, 0xff, 0x00, 0x00, 0x01, 0xf7, 0x00, 0x01, 0x20, 0x01, 0xff, 0x00, 0x00, 0x20,
  0xf6, 0x00, 0x01, 0x20, 0x04, 0xf3, 0x00, 0x01, 0x20, 0x10, 0xf3, 0x00, 0x01, 0x10, 0x80, 0xf0,
  0x00, 0x00, 0xc2, 0xf2, 0x00, 0x00, 0x70, 0x81, 0x00, 0xfa, 0x00, 0x81, 0x00, 0xb7, 0x00, 0x00,
  0x40, 0xc3, 0x00, 0x00, 0x40, 0xe3, 0x00, 0x00, 0x0c, 0xc2, 0x00, 0x00, 0x02, 0xc0, 0x00, 0x01,
  0x40, 0x20, 0xf2, 0x00, 0x00, 0x40, 0xc5, 0x00, 0x01, 0x20, 0x10, 0xe4, 0x00, 0x02, 0x10, 0x00,
  0x02, 0xd2, 0x00, 0x00, 0x02, 0xf2, 0x00, 0x00, 0x01, 0xff, 0x00, 0x00, 0x10, 0xe9, 0x00, 0x00,
  0x30, 0xf3, 0x00, 0x05, 0x10, 0x00, 0x0d, 0xfd, 0x80, 0x88, 0xf7, 0x00, 0x00, 0x10, 0xfd, 0x00,
  0x00, 0x08, 0xf2, 0x00, 0x00, 0x20, 0xf7, 0x00, 0x00, 0x08, 0xf2, 0x00, 0x00, 0x02, 0xf1, 0x00,
  0x00, 0x08, 0xf0, 0x00, 0x00, 0x02, 0xf3, 0x00, 0x00, 0x40, 0xf3, 0x00, 0x00, 0x01, 0xf2, 0x00,
  0x00, 0x08, 0xfc, 0x00, 0x00, 0x80, 0xf3, 0x00, 0x00, 0x02, 0xe4, 0x00, 0x00, 0x10, 0xf5, 0x00,
  0x00, 0x20, 0xf2, 0x00, 0x00, 0x0c, 0xef, 0x00, 0x00, 0x88, 0x81, 0x00, 0xfa, 0x00, 0x81, 0x00,
  0xb7, 0x00, 0x00, 0x40, 0xc3, 0x00, 0x00, 0x40, 0x81, 0x00, 0xd1, 0x00, 0x00, 0x08, 0x81, 0x00,
  0xf5, 0x00, 0x00, 0x80, 0xf0, 0x00, 0x00, 0x01, 0xe6, 0x00, 0x00, 0x20, 0xf1, 0x00, 0x03, 0x0d,
  0xfd, 0x80, 0x08, 0xf2, 0x00, 0x00, 0x08, 0xa5, 0x00, 0x00, 0x40, 0xf3, 0x00, 0x00, 0x01, 0xf2,
  0x00, 0x00, 0x08, 0xfc, 0x00, 0x00, 0x80, 0xf3, 0x00, 0x00, 0x02, 0xc7, 0x00, 0x00, 0x08, 0xef,
  0x00, 0x00, 0x80, 0x81, 0x00, 0xfa, 0x00, 0x81, 0x00, 0x81, 0x00, 0xf8, 0x00, 0x00, 0x40, 0xf3,
  0x00, 0x00, 0x10, 0xb1, 0x00, 0x00, 0x20, 0xe1, 0x00, 0x00, 0x10, 0xe1, 0x00, 0x00, 0x20, 0x96,
  0x00, 0x02, 0x10, 0x00, 0x01, 0xe3, 0x00, 0x00, 0x10, 0xf1, 0x00, 0x00, 0x02, 0xc5, 0x00, 0x03,
  0x01, 0xf8, 0x00, 0x08, 0xf2, 0x00, 0x00, 0x08, 0xe7, 0x00, 0x00, 0x08, 0xfc, 0x00, 0x00, 0x80,
  0xe7, 0x00, 0x00, 0x08, 0xf1, 0x00, 0x00, 0x08, 0xf2, 0x00, 0x00, 0x40, 0xf3, 0x00, 0x00, 0x01,
  0xf2, 0x00, 0x00, 0x08, 0xed, 0x00, 0x00, 0x02, 0x81, 0x00, 0xac, 0x00, 0x81, 0x00, 0xe8, 0x00,
  0x00, 0x20, 0xe1, 0x00, 0x00, 0x20, 0xa4, 0x00, 0x01, 0x10, 0x80, 0xdf, 0x00, 0x00, 0x40, 0xd5,
  0x00, 0x00, 0x20, 0xdf, 0x00, 0x00, 0x20, 0xf4, 0x00, 0x00, 0x20, 0xf1, 0x00, 0x00, 0x20, 0x96,
  0x00, 0x00, 0x30, 0xc0, 0x00, 0x00, 0x01, 0xe6, 0x00, 0x00, 0x20, 0xf1, 0x00, 0x02, 0x0e, 0x07,
  0x80, 0xf6, 0x00, 0x00, 0x10, 0xee, 0x00, 0x00, 0x20, 0xf6, 0x00, 0x00, 0x08, 0xfc, 0x00, 0x00,
  0x80, 0xe7, 0x00, 0x00, 0x38, 0xe0, 0x00, 0x02, 0x04, 0x00, 0x10, 0xf6, 0x00, 0x00, 0x01, 0xfc,
  0x00, 0x00, 0x80, 0xf2, 0x00, 0x00, 0x80, 0xd8, 0x00, 0x00, 0x40, 0xff, 0x00, 0x00, 0x10, 0xe5,
  0x00, 0x00, 0x08, 0xef, 0x00, 0x00, 0x80, 0x81, 0x00, 0xfa, 0x00, 0x81, 0x00, 0xe9, 0x00, 0x00,
  0x04, 0x81, 0x00, 0x01, 0x00, 0x20, 0xf4, 0x00, 0x00, 0x02, 0xd0, 0x00, 0x00, 0x40, 0xf4, 0x00,
  0x01, 0x01, 0x20, 0xa0, 0x00, 0x00, 0x01, 0xf4, 0x00, 0x00, 0x06, 0xb5, 0x00, 0x00, 0x04, 0xfd,
  0x00, 0x00, 0x02, 0xf7, 0x00, 0x00, 0x02, 0xe0, 0x00, 0x00, 0x40, 0xe6, 0x00, 0x01, 0x08, 0x40,
  0xfd, 0x00, 0x01, 0x20, 0x02, 0xf7, 0x00, 0x02, 0x10, 0x00, 0x10, 0xf6, 0x00, 0x00, 0x10, 0xdc,
  0x00, 0x00, 0x80, 0xc3, 0x00, 0x00, 0x10, 0xf6, 0x00, 0x00, 0x01, 0xdd, 0x00, 0x00, 0x04, 0xf7,
  0x00, 0x00, 0x40, 0xef, 0x00, 0x00, 0x10, 0xe5, 0x00, 0x00, 0x12, 0x81, 0x00, 0xe7, 0x00, 0x88,
  0x00, 0x00, 0x18, 0xf2, 0x00, 0x00, 0x24, 0xf3, 0x00, 0x01, 0x01, 0x21, 0xf2, 0x00, 0x00, 0x80,
  0xf2, 0x00, 0x01, 0x40, 0x20, 0xe3, 0x00, 0x01, 0x0c, 0x60, 0xf3, 0x00, 0x00, 0x0e, 0xf3, 0x00,
  0x01, 0x04, 0x0e, 0xf3, 0x00, 0x01, 0x08, 0x06, 0xf2, 0x00, 0x01, 0x40, 0x20, 0xf4, 0x00, 0x01,
  0x01, 0xb0, 0xf2, 0x00, 0x00, 0x08, 0xff, 0x00, 0x00, 0x80, 0xf5, 0x00, 0x03, 0x04, 0x00, 0x01,
  0x20, 0xf5, 0x00, 0x02, 0x05, 0x00, 0x02, 0xf5, 0x00, 0x03, 0x01, 0x41, 0x80, 0x04, 0xf4, 0x00,
  0x00, 0xe0, 0xf2, 0x00, 0x00, 0xf0, 0xff, 0x08, 0x00, 0x20, 0xf5, 0x00, 0x02, 0x60, 0x00, 0x10,
  0xf1, 0x00, 0x00, 0x60, 0xf4, 0x00, 0x02, 0x08, 0x00, 0xe0, 0xf2, 0x00, 0x00, 0xe0, 0xf5, 0x00,
  0x03, 0x08, 0x00, 0x01, 0xe0, 0xf5, 0x00, 0x03, 0x10, 0x19, 0x03, 0xc0, 0xf5, 0x00, 0x03, 0x10,
  0x12, 0x07, 0x80, 0xf6, 0x00, 0x03, 0x50, 0x00, 0x34, 0x0f, 0xf7, 0x00, 0x05, 0x04, 0xc0, 0x80,
  0x04, 0xf8, 0x1e, 0xf4, 0x00, 0x02, 0x0f, 0xf0, 0x3d, 0xf7, 0x00, 0x04, 0x02, 0x00, 0x10, 0x0f,
  0xe0, 0xf3, 0x00, 0x01, 0x07, 0x40, 0xf6, 0x00, 0x02, 0x03, 0x20, 0x40, 0xf4, 0x00, 0x06, 0x07,
  0xff, 0x1c, 0x00, 0x80, 0x00, 0x30, 0xfa, 0x00, 0x08, 0x07, 0x80, 0x03, 0xff, 0x82, 0x00, 0xc0,
  0x01, 0xe0, 0xf9, 0x00, 0x07, 0x01, 0xe1, 0xff, 0x90, 0x00, 0x7f, 0xff, 0x80, 0xf4, 0x00, 0x01,
  0x07, 0xf0, 0xf5, 0x00, 0x01, 0x20, 0x08, 0xf7, 0x00, 0x00, 0x10, 0xfd, 0x00, 0x00, 0x10, 0xf7,
  0x00, 0x00, 0x1c, 0xfe, 0x00, 0x00, 0x02, 0xf6, 0x00, 0x01, 0x1f, 0xc0, 0xff, 0x00, 0x00, 0x02,
  0xf6, 0x00, 0x02, 0x07, 0xff, 0xf8, 0xff, 0x00, 0x00, 0x0c, 0xf7, 0x00, 0x02, 0x01, 0xff, 0xc0,
  0xff, 0x00, 0x01, 0x1e, 0x08, 0xf7, 0x00, 0x00, 0x0f, 0xfe, 0x00, 0x02, 0x1b, 0x00, 0x80, 0xf8,
  0x00, 0x00, 0x78, 0xfe, 0x00, 0x02, 0x01, 0xc0, 0x80, 0xf9, 0x00, 0x01, 0x07, 0xc0, 0xfd, 0x00,
  0x00, 0x06, 0xf8, 0x00, 0x01, 0x07, 0x80, 0xff, 0x00, 0x00, 0x04, 0xf6, 0x00, 0x01, 0x07, 0x80,
  0xff, 0x00, 0x00, 0x08, 0xf6, 0x00, 0x01, 0x03, 0xc0, 0xff, 0x00, 0x00, 0x60, 0xf5, 0x00, 0x00,
  0x16, 0xff, 0x00, 0x00, 0x02, 0xf2, 0x00, 0x00, 0x08, 0x81, 0x00, 0xfa, 0x00, 0x81, 0x00, 0xf8,
  0x00, 0x00, 0x18, 0xf3, 0x00, 0x02, 0x02, 0x1e, 0xc0, 0xf4, 0x00, 0x02, 0x07, 0x1f, 0xe0, 0xf4,
  0x00, 0x02, 0x03, 0x8f, 0xc0, 0xf4, 0x00, 0x02, 0x03, 0xc7, 0x80, 0xf4, 0x00, 0x01, 0x03, 0xc0,
  0xf3, 0x00, 0x02, 0x03, 0xc0, 0xe0, 0xf4, 0x00, 0x02, 0x02, 0x40, 0xe0, 0xf4, 0x00, 0x02, 0x06,
  0x00, 0xe0, 0xf4, 0x00, 0x02, 0x0c, 0x01, 0xc0, 0xf4, 0x00, 0x02, 0x0c, 0x41, 0xc0, 0xf4, 0x00,
  0x01, 0x02, 0x70, 0xf3, 0x00, 0x01, 0x02, 0xf8, 0xff, 0x00, 0x00, 0xc0, 0xf6, 0x00, 0x04, 0x03,
  0xf8, 0x00, 0x01, 0xe0, 0xf6, 0x00, 0x04, 0x02, 0x1c, 0x00, 0x03, 0xe0, 0xf5, 0x00, 0x03, 0x0c,
  0x00, 0x07, 0xe0, 0xf5, 0x00, 0x03, 0x08, 0x00, 0x07, 0xc0, 0xf5, 0x00, 0x02, 0x10, 0x18, 0x0f,
  0xf3, 0x00, 0x01, 0x38, 0x1e, 0xf3, 0x00, 0x01, 0x70, 0x3c, 0xf3, 0x00, 0x01, 0xf0, 0x70, 0xf4,
  0x00, 0x02, 0x01, 0xf0, 0xe0, 0xf4, 0x00, 0x02, 0x0f, 0x80, 0xc0, 0xf4, 0x00, 0x03, 0x0f, 0x09,
  0x80, 0x40, 0xf6, 0x00, 0x04, 0x20, 0x0c, 0x03, 0x00, 0x80, 0xf8, 0x00, 0x04, 0x03, 0x00, 0x70,
  0x00, 0x04, 0xf6, 0x00, 0x06, 0x07, 0xff, 0xf0, 0x00, 0x08, 0x00, 0xc0, 0xf8, 0x00, 0x02, 0x01,
  0xff, 0xe0, 0xff, 0x00, 0x01, 0x07, 0x10, 0xf7, 0x00, 0x03, 0xff, 0xe0, 0x08, 0x80, 0xf5, 0x00,
  0x02, 0xc3, 0x80, 0x07, 0xf2, 0x00, 0x00, 0x07, 0xf3, 0x00, 0x01, 0x1c, 0x07, 0xf7, 0x00, 0x08,
  0x0f, 0xfe, 0x01, 0x00, 0x8f, 0x07, 0x80, 0x00, 0x40, 0xfa, 0x00, 0x00, 0x0f, 0xff, 0xff, 0x05,
  0xc1, 0xc7, 0x87, 0x18, 0x0f, 0x80, 0xfa, 0x00, 0x00, 0x0f, 0xff, 0xff, 0x02, 0x00, 0xc3, 0xc4,
  0xff, 0xff, 0xf5, 0x00, 0x03, 0xc3, 0xe8, 0xff, 0xfc, 0xf5, 0x00, 0x03, 0x82, 0x70, 0x7f, 0xf0,
  0xf6, 0x00, 0x00, 0x01, 0xff, 0x00, 0x00, 0x3f, 0xf8, 0x00, 0x00, 0x08, 0xff, 0x00, 0x00, 0x02,
  0xff, 0x00, 0x00, 0xe0, 0xf5, 0x00, 0x00, 0x04, 0xff, 0x00, 0x00, 0x70, 0xf7, 0x00, 0x00, 0x70,
  0xff, 0x00, 0x02, 0x0e, 0x04, 0x3f, 0xf8, 0x00, 0x06, 0x7f, 0x80, 0x00, 0x20, 0x1c, 0x1e, 0x3f,
  0xf8, 0x00, 0x00, 0xf8, 0xfe, 0x00, 0x02, 0x7c, 0x1f, 0x80, 0xf8, 0x00, 0x00, 0x78, 0xfe, 0x00,
  0x02, 0xfc, 0x3f, 0x80, 0xf8, 0x00, 0x06, 0x18, 0x00, 0x10, 0x01, 0xf8, 0x7f, 0xc0, 0xf7, 0x00,
  0x05, 0x01, 0x80, 0x01, 0xe0, 0xff, 0xc0, 0xf7, 0x00, 0x01, 0x08, 0x00, 0xff, 0x03, 0x01, 0xff,
  0x80, 0xf5, 0x00, 0x02, 0x03, 0x0f, 0xff, 0xf4, 0x00, 0x02, 0x03, 0xff, 0xf0, 0xf4, 0x00, 0x01,
  0x01, 0xff, 0xf2, 0x00, 0x00, 0xfc, 0xaa, 0x00, 0x81, 0x00, 0xa8, 0x00, 0x00, 0x0c, 0xf2, 0x00,
  0x00, 0x0e, 0xf3, 0x00, 0x01, 0x01, 0x8f, 0xf3, 0x00, 0x01, 0x01, 0xc7, 0xf3, 0x00, 0x01, 0x03,
  0xc0, 0xf3, 0x00, 0x01, 0x03, 0x80, 0xf3, 0x00, 0x02, 0x03, 0x81, 0xc0, 0xf4, 0x00, 0xff, 0x01,
  0x00, 0xc0, 0xf3, 0x00, 0x01, 0x01, 0xc0, 0xf3, 0x00, 0x01, 0x61, 0x80, 0xf3, 0x00, 0x00, 0xf0,
  0xf2, 0x00, 0x00, 0xf0, 0xf2, 0x00, 0x00, 0x70, 0xff, 0x00, 0x00, 0xc0, 0xf3, 0x00, 0x01, 0x01,
  0xe0, 0xf3, 0x00, 0x01, 0x03, 0xe0, 0xf3, 0x00, 0x01, 0x0f, 0xe0, 0xf3, 0x00, 0x01, 0x1f, 0xe0,
  0xf4, 0x00, 0x02, 0x78, 0x3f, 0xc0, 0xf4, 0x00, 0x02, 0xf8, 0x7f, 0xc0, 0xf5, 0x00, 0x03, 0x03,
  0xf0, 0xff, 0x80, 0xf5, 0x00, 0x02, 0x07, 0xf3, 0xfe, 0xf4, 0x00, 0x02, 0x0f, 0xe7, 0xfc, 0xf4,
  0x00, 0x03, 0x0f, 0xdf, 0xf8, 0x80, 0xf5, 0x00, 0x03, 0x0f, 0xbf, 0xfe, 0x08, 0xf8, 0x00, 0x01,
  0x03, 0xfc, 0xff, 0x00, 0x02, 0x7f, 0xf8, 0x08, 0xf8, 0x00, 0x01, 0x07, 0xff, 0xff, 0x00, 0x02,
  0xff, 0xe0, 0x08, 0xf8, 0x00, 0x06, 0x03, 0xff, 0x80, 0x00, 0xff, 0x00, 0x10, 0xf7, 0x00, 0x00,
  0xff, 0xff, 0x00, 0x02, 0xf8, 0x00, 0x20, 0xf7, 0x00, 0x00, 0x3e, 0xff, 0x00, 0x02, 0x20, 0x00,
  0x40, 0xf7, 0x00, 0x02, 0xff, 0x00, 0x04, 0xff, 0x00, 0x00, 0x80, 0xfa, 0x00, 0x00, 0x1f, 0xfe,
  0xff, 0xfe, 0x00, 0x00, 0x02, 0xf9, 0x00, 0x00, 0x1f, 0xfe, 0xff, 0x03, 0x01, 0x88, 0x00, 0x08,
  0xf9, 0x00, 0x00, 0x1f, 0xff, 0xff, 0x04, 0x06, 0x03, 0xf8, 0x00, 0xc0, 0xf9, 0x00, 0x05, 0x0f,
  0xff, 0xf0, 0x00, 0x01, 0x0f, 0xf7, 0x00, 0x06, 0x01, 0xff, 0x00, 0x04, 0x06, 0x01, 0x80, 0xf8,
  0x00, 0x06, 0x7f, 0x80, 0x00, 0x08, 0x10, 0x00, 0xc0, 0xf8, 0x00, 0x00, 0x80, 0xfe, 0x00, 0x02,
  0x60, 0x00, 0x40, 0xf5, 0x00, 0x03, 0xc0, 0x80, 0x00, 0x40, 0xf8, 0x00, 0x03, 0x80, 0x00, 0x02,
  0x01, 0xff, 0x00, 0x00, 0x40, 0xf8, 0x00, 0x03, 0x20, 0x00, 0x10, 0x02, 0xf4, 0x00, 0x02, 0x01,
  0x00, 0x02, 0xef, 0x00, 0x00, 0x40, 0xf2, 0x00, 0x00, 0x80, 0xf3, 0x00, 0x00, 0x0f, 0xf4, 0x00,
  0x02, 0x02, 0x00, 0xe0, 0xf4, 0x00, 0x01, 0x01, 0x02, 0xf2, 0x00, 0x00, 0xf8, 0xba, 0x00, 0xad,
  0x00, 0x01, 0x03, 0xf0, 0xfe, 0x00, 0x01, 0x07, 0xe0, 0xf8, 0x00, 0x01, 0x1f, 0xfa, 0xfe, 0x00,
  0x01, 0x1f, 0xf0, 0xf8, 0x00, 0x01, 0x1f, 0xff, 0xfe, 0x00, 0x01, 0x3f, 0xf8, 0xf8, 0x00, 0x01,
  0x3f, 0xff, 0xfe, 0x00, 0x01, 0x7f, 0xfc, 0xf8, 0x00, 0x02, 0x3f, 0xff, 0x80, 0xff, 0x00, 0x01,
  0x7f, 0xfc, 0xf8, 0x00, 0x02, 0x3f, 0xff, 0x80, 0xff, 0x00, 0x01, 0xff, 0xc0, 0xf8, 0x00, 0x02,
  0x07, 0xff, 0x80, 0xff, 0x00, 0x00, 0xfe, 0xf6, 0x00, 0x00, 0x03, 0xfe, 0x00, 0x00, 0x78, 0xe1,
  0x00, 0x00, 0x7e, 0xf3, 0x00, 0x02, 0x01, 0xff, 0xc0, 0xf9, 0x00, 0x01, 0x1f, 0xf8, 0xfe, 0x00,
  0x02, 0x07, 0xff, 0xe0, 0xf9, 0x00, 0x01, 0x3f, 0xff, 0xfe, 0x00, 0x02, 0x0f, 0xff, 0xf0, 0xf9,
  0x00, 0xff, 0xff, 0xfe, 0x00, 0x02, 0x0f, 0xff, 0xfc, 0xfa, 0x00, 0x00, 0x01, 0xff, 0xff, 0x00,
  0xc0, 0xff, 0x00, 0x02, 0x1f, 0xff, 0xfe, 0xfa, 0x00, 0x00, 0x03, 0xff, 0xff, 0x00, 0xc0, 0xff,
  0x00, 0x02, 0x3f, 0xff, 0xfe, 0xfa, 0x00, 0x00, 0x03, 0xff, 0xff, 0x00, 0xc0, 0xff, 0x00, 0x00,
  0x3f, 0xff, 0xff, 0xfa, 0x00, 0x00, 0x07, 0xff, 0xff, 0x00, 0xc0, 0xff, 0x00, 0x00, 0x1f, 0xff,
  0xff, 0xfa, 0x00, 0x00, 0x07, 0xff, 0xff, 0x00, 0xe0, 0xff, 0x00, 0x00, 0x1f, 0xff, 0xff, 0x00,
  0x80, 0xfb, 0x00, 0x00, 0x07, 0xff, 0xff, 0x00, 0xe0, 0xff, 0x00, 0x00, 0x3f, 0xff, 0xff, 0x00,
  0x80, 0xfb, 0x00, 0x00, 0x07, 0xff, 0xff, 0x00, 0xe0, 0xff, 0x00, 0x00, 0x1f, 0xff, 0xff, 0x00,
  0x80, 0xfb, 0x00, 0x00, 0x0f, 0xff, 0xff, 0x00, 0xe0, 0xff, 0x00, 0x00, 0x1f, 0xff, 0xff, 0x00,
  0x80, 0xfb, 0x00, 0x00, 0x0f, 0xff, 0xff, 0x00, 0xe0, 0xff, 0x00, 0x00, 0x1f, 0xff, 0xff, 0x00,
  0xc0, 0xfb, 0x00, 0x00, 0x0f, 0xff, 0xff, 0x00, 0xe0, 0xff, 0x00, 0x00, 0x1f, 0xff, 0xff, 0x00,
  0xc0, 0xfb, 0x00, 0x00, 0x0f, 0xff, 0xff, 0x00, 0xe0, 0xff, 0x00, 0x00, 0x1f, 0xff, 0xff, 0x00,
  0xc0, 0xfb, 0x00, 0x00, 0x0f, 0xff, 0xff, 0x00, 0xe0, 0xff, 0x00, 0x00, 0x1f, 0xff, 0xff, 0x00,
  0xc0, 0xfb, 0x00, 0x00, 0x0f, 0xff, 0xff, 0x00, 0xe0, 0xff, 0x00, 0x00, 0x1f, 0xff, 0xff, 0x00,
  0xc0, 0xfb, 0x00, 0x00, 0x0f, 0xff, 0xff, 0x00, 0xe0, 0xff, 0x00, 0x00, 0x0f, 0xff, 0xff, 0x00,
  0xc0, 0xfb, 0x00, 0x00, 0x0f, 0xff, 0xff, 0x00, 0xf0, 0xff, 0x00, 0x00, 0x0f, 0xff, 0xff, 0x00,
  0xc0, 0xfb, 0x00, 0x00, 0x0f, 0xff, 0xff, 0x00, 0xe0, 0xff, 0x00, 0x00, 0x0f, 0xff, 0xff, 0x00,
  0xc0, 0xfb, 0x00, 0x00, 0x0f, 0xff, 0xff, 0x00, 0xe0, 0xff, 0x00, 0x00, 0x0f, 0xff, 0xff, 0x00,
  0xb0, 0xfb, 0x00, 0x00, 0x0f, 0xff, 0xff, 0x00, 0xe0, 0xff, 0x00, 0x03, 0x0f, 0xff, 0xfe, 0x38,
  0xfb, 0x00, 0x00, 0x07, 0xff, 0xff, 0x00, 0xf0, 0xff, 0x00, 0x03, 0x0f, 0xff, 0xf8, 0x38, 0xfb,
  0x00, 0x00, 0x07, 0xff, 0xff, 0x00, 0xe0, 0xff, 0x00, 0x03, 0x0f, 0xff, 0xe0, 0x78, 0xfb, 0x00,
  0x00, 0x07, 0xff, 0xff, 0x00, 0xe0, 0xff, 0x00, 0x03, 0x07, 0xff, 0x00, 0x70, 0xfb, 0x00, 0x00,
  0x03, 0xff, 0xff, 0x06, 0xf0, 0x07, 0xf0, 0x03, 0xf8, 0x00, 0xe0, 0xfb, 0x00, 0x00, 0x01, 0xff,
  0xff, 0x06, 0xf0, 0x0f, 0xf8, 0x03, 0xc0, 0x00, 0xc0, 0xfb, 0x00, 0x00, 0x01, 0xff, 0xff, 0x06,
  0xc0, 0x0f, 0xfc, 0x06, 0x00, 0x01, 0x80, 0xfa, 0x00, 0xff, 0xff, 0x05, 0xc0, 0x1f, 0xfc, 0x07,
  0x00, 0x02, 0xf9, 0x00, 0x07, 0x7f, 0xff, 0x80, 0x3f, 0xfe, 0x07, 0xc0, 0x18, 0xf9, 0x00, 0x07,
  0x3f, 0xff, 0x00, 0xc7, 0xfe, 0x07, 0xfb, 0x80, 0xf9, 0x00, 0x05, 0x1f, 0xfc, 0x0f, 0xc3, 0xfe,
  0xf0, 0xf6, 0x00, 0x04, 0xc0, 0xff, 0xc3, 0xf9, 0xfe, 0xf7, 0x00, 0x00, 0x7f, 0xff, 0xff, 0x02,
  0xc7, 0xe1, 0xff, 0xf7, 0x00, 0xfe, 0xff, 0x03, 0xdf, 0x81, 0xff, 0x80, 0xf8, 0x00, 0xfe, 0xff,
  0x03, 0xdf, 0x01, 0xff, 0xc0, 0xf8, 0x00, 0xff, 0xff, 0x04, 0xfe, 0x1e, 0x01, 0xff, 0xc0, 0xf8,
  0x00, 0x06, 0x3f, 0xff, 0xf0, 0x0c, 0x01, 0xff, 0xc0, 0xf8, 0x00, 0x06, 0x03, 0xff, 0x00, 0x04,
  0x03, 0xff, 0xc0, 0xf5, 0x00, 0x03, 0x02, 0x1f, 0xff, 0xc0, 0xf5, 0x00, 0x00, 0x03, 0xff, 0xff,
  0x00, 0x80, 0xf5, 0x00, 0x00, 0x03, 0xff, 0xff, 0xf4, 0x00, 0x02, 0x03, 0xff, 0xe0, 0xf4, 0x00,
  0x01, 0x01, 0xfe, 0xf2, 0x00, 0x00, 0xf8, 0xba, 0x00, 0xad, 0x00, 0x01, 0xfc, 0x0f, 0xfe, 0x00,
  0x01, 0xf8, 0x1e, 0xf8, 0x00, 0x01, 0xe0, 0xe4, 0xfe, 0x00, 0x01, 0x6f, 0x8e, 0xf8, 0x00, 0x01,
  0x61, 0xff, 0xfe, 0x00, 0x01, 0x3f, 0xf4, 0xf8, 0x00, 0x01, 0x3f, 0xff, 0xfe, 0x00, 0x01, 0x7f,
  0xfc, 0xf8, 0x00, 0x02, 0x3f, 0xff, 0x80, 0xff, 0x00, 0x01, 0x7f, 0xfc, 0xf8, 0x00, 0x02, 0x3f,
  0xff, 0x80, 0xff, 0x00, 0x01, 0xff, 0xc0, 0xf8, 0x00, 0x02, 0x07, 0xff, 0x80, 0xff, 0x00, 0x00,
  0xfe, 0xf6, 0x00, 0x00, 0x03, 0xfe, 0x00, 0x01, 0x78, 0xfc, 0xf8, 0x00, 0x01, 0x3f, 0xfc, 0xfe,
  0x00, 0x02, 0x07, 0xff, 0x80, 0xfa, 0x00, 0x02, 0x01, 0x7f, 0xfe, 0xfe, 0x00, 0x02, 0x0f, 0x81,
  0xe0, 0xfa, 0x00, 0x00, 0x01, 0xff, 0xff, 0xfe, 0x00, 0x02, 0x1e, 0x00, 0x30, 0xfa, 0x00, 0x03,
  0x01, 0xe0, 0x07, 0x80, 0xff, 0x00, 0x02, 0x38, 0x00, 0x18, 0xfa, 0x00, 0x03, 0x03, 0xc0, 0x00,
  0x80, 0xff, 0x00, 0x02, 0x30, 0x00, 0x0c, 0xfa, 0x00, 0x00, 0x03, 0xff, 0x00, 0x00, 0xc0, 0xff,
  0x00, 0x00, 0x70, 0xf8, 0x00, 0x00, 0x06, 0xfc, 0x00, 0x00, 0x20, 0xf8, 0x00, 0x00, 0x04, 0xf2,
  0x00, 0x00, 0x04, 0xf2, 0x00, 0x00, 0x08, 0xfc, 0x00, 0x00, 0x20, 0xf8, 0x00, 0x00, 0x08, 0xff,
  0x00, 0x00, 0x20, 0xff, 0x00, 0x00, 0x20, 0xf8, 0x00, 0x00, 0x08, 0xff, 0x00, 0x00, 0x20, 0xf5,
  0x00, 0x00, 0x18, 0xff, 0x00, 0x00, 0x20, 0xff, 0x00, 0x00, 0x20, 0xf8, 0x00, 0x00, 0x10, 0xff,
  0x00, 0x00, 0x20, 0xff, 0x00, 0x00, 0x20, 0xf8, 0x00, 0x00, 0x10, 0xff, 0x00, 0x00, 0x20, 0xfc,
  0x00, 0x00, 0x40, 0xfb, 0x00, 0x00, 0x10, 0xff, 0x00, 0x00, 0x20, 0xff, 0x00, 0x00, 0x20, 0xf8,
  0x00, 0x00, 0x10, 0xff, 0x00, 0x00, 0x20, 0xf5, 0x00, 0x00, 0x10, 0xff, 0x00, 0x00, 0x20, 0xf5,
  0x00, 0x00, 0x10, 0xff, 0x00, 0x00, 0x20, 0xf5, 0x00, 0x00, 0x10, 0xff, 0x00, 0x00, 0x20, 0xff,
  0x00, 0x00, 0x10, 0xf8, 0x00, 0x00, 0x10, 0xff, 0x00, 0x00, 0x30, 0xff, 0x00, 0x00, 0x10, 0xf8,
  0x00, 0x00, 0x10, 0xff, 0x00, 0x00, 0x20, 0xf2, 0x00, 0x00, 0x20, 0xff, 0x00, 0x00, 0x10, 0xf5,
  0x00, 0x00, 0x20, 0xf5, 0x00, 0x00, 0x08, 0xff, 0x00, 0x01, 0x30, 0x06, 0xf6, 0x00, 0x00, 0x08,
  0xff, 0x00, 0x02, 0x20, 0x0f, 0xc0, 0xf4, 0x00, 0x03, 0x20, 0x1f, 0xc0, 0x08, 0xf8, 0x00, 0x00,
  0x04, 0xff, 0x00, 0x03, 0x70, 0x38, 0x10, 0x0c, 0xff, 0x00, 0x00, 0x80, 0xfb, 0x00, 0x00, 0x02,
  0xff, 0x00, 0xff, 0x70, 0x01, 0x08, 0x04, 0xf8, 0x00, 0x00, 0x02, 0xff, 0x00, 0x05, 0xc0, 0x70,
  0x0c, 0x02, 0x00, 0x01, 0xfa, 0x00, 0x00, 0x01, 0xff, 0x00, 0x05, 0xc0, 0x60, 0x0c, 0x01, 0x00,
  0x02, 0xf9, 0x00, 0x07, 0x80, 0x01, 0x80, 0x40, 0x0e, 0x00, 0xc0, 0x1c, 0xf8, 0x00, 0x06, 0x07,
  0x00, 0x40, 0x0e, 0x00, 0x7b, 0xa0, 0xf9, 0x00, 0x01, 0x19, 0x3c, 0xff, 0x00, 0x00, 0x0e, 0xf5,
  0x00, 0x00, 0xc0, 0xff, 0x00, 0x00, 0x1e, 0xf3, 0x00, 0x01, 0x20, 0x1e, 0xf3, 0x00, 0x01, 0x30,
  0x3e, 0xf3, 0x00, 0x01, 0x18, 0x7e, 0xf3, 0x00, 0x01, 0x1f, 0xfe, 0xf3, 0x00, 0x01, 0x0f, 0xfe,
  0xf3, 0x00, 0x01, 0x07, 0xfc, 0xf3, 0x00, 0x01, 0x01, 0xe0, 0x81, 0x00, 0xea, 0x00, 0xad, 0x00,
  0x01, 0x80, 0x01, 0xfe, 0x00, 0x00, 0x81, 0xf7, 0x00, 0x01, 0x81, 0x20, 0xfe, 0x00, 0x01, 0x10,
  0x80, 0xf8, 0x00, 0x01, 0x0d, 0xff, 0xfe, 0x00, 0x01, 0x07, 0xf3, 0xf8, 0x00, 0x02, 0x03, 0xff,
  0xc0, 0xff, 0x00, 0x02, 0x0f, 0xff, 0x80, 0xf9, 0x00, 0x02, 0x07, 0xff, 0xe0, 0xff, 0x00, 0x02,
  0x1f, 0xff, 0xc0, 0xf9, 0x00, 0x02, 0x1f, 0xff, 0xe0, 0xff, 0x00, 0x02, 0x1f, 0xff, 0xc0, 0xf9,
  0x00, 0x02, 0x1f, 0xff, 0xe0, 0xff, 0x00, 0x02, 0x1f, 0xff, 0xc0, 0xf9, 0x00, 0x02, 0x1f, 0xff,
  0xe0, 0xff, 0x00, 0x02, 0x1f, 0x43, 0xc0, 0xf9, 0x00, 0x02, 0x20, 0x03, 0x40, 0xfd, 0x00, 0x00,
  0x40, 0xfa, 0x00, 0x01, 0x01, 0x40, 0xfb, 0x00, 0x00, 0x20, 0xfa, 0x00, 0x00, 0x01, 0xea, 0x00,
  0x00, 0x04, 0xf7, 0x00, 0x00, 0x40, 0xf2, 0x00, 0x00, 0x20, 0xff, 0x00, 0x02, 0x40, 0x00, 0x02,
  0xf7, 0x00, 0x00, 0x20, 0xf2, 0x00, 0x00, 0x20, 0xfd, 0x00, 0x00, 0x01, 0xf7, 0x00, 0x00, 0x30,
  0xfc, 0x00, 0x00, 0x80, 0xfb, 0x00, 0x00, 0x08, 0xff, 0x00, 0x00, 0x30, 0xfc, 0x00, 0x00, 0x80,
  0xf8, 0x00, 0x00, 0x30, 0xfc, 0x00, 0x00, 0x40, 0xf8, 0x00, 0x00, 0x30, 0xfc, 0x00, 0x00, 0x40,
  0xfb, 0x00, 0x00, 0x10, 0xff, 0x00, 0x00, 0x30, 0xff, 0x00, 0x00, 0x40, 0xff, 0x00, 0x00, 0x40,
  0xf8, 0x00, 0x00, 0x30, 0xfc, 0x00, 0x00, 0x60, 0xf8, 0x00, 0x00, 0x30, 0xff, 0x00, 0x00, 0x20,
  0xff, 0x00, 0x00, 0x60, 0xf8, 0x00, 0x00, 0x30, 0xfc, 0x00, 0x00, 0x20, 0xf8, 0x00, 0x00, 0x30,
  0xfc, 0x00, 0x00, 0x20, 0xf8, 0x00, 0x00, 0x30, 0xff, 0x00, 0x00, 0x20, 0xff, 0x00, 0x00, 0x30,
  0xf8, 0x00, 0x00, 0x30, 0xff, 0x00, 0x00, 0x20, 0xff, 0x00, 0x00, 0x30, 0xf8, 0x00, 0x00, 0x30,
  0xff, 0x00, 0x00, 0x20, 0xff, 0x00, 0x00, 0x30, 0xf8, 0x00, 0x00, 0x20, 0xfc, 0x00, 0x00, 0x30,
  0xf8, 0x00, 0x00, 0x20, 0xff, 0x00, 0x00, 0x10, 0xff, 0x00, 0x00, 0x30, 0xfb, 0x00, 0x00, 0x10,
  0xff, 0x00, 0x00, 0x20, 0xfc, 0x00, 0x00, 0x30, 0xfb, 0x00, 0x00, 0x10, 0xff, 0x00, 0x00, 0x20,
  0xff, 0x00, 0x00, 0x30, 0xff, 0x00, 0x00, 0x30, 0xfb, 0x00, 0x00, 0x10, 0xff, 0x00, 0x03, 0x20,
  0x06, 0x00, 0x10, 0xff, 0x00, 0x00, 0x20, 0xfb, 0x00, 0x00, 0x10, 0xff, 0x00, 0x02, 0x20, 0x08,
  0xc0, 0xfe, 0x00, 0x00, 0x60, 0xfb, 0x00, 0x00, 0x08, 0xff, 0x00, 0x02, 0x20, 0x10, 0x40, 0xfe,
  0x00, 0x00, 0x60, 0xfb, 0x00, 0x00, 0x08, 0xff, 0x00, 0x00, 0x40, 0xff, 0x20, 0xfe, 0x00, 0x00,
  0x40, 0xfb, 0x00, 0x00, 0x0c, 0xff, 0x00, 0xff, 0x40, 0x01, 0x30, 0x08, 0xff, 0x00, 0x00, 0xc0,
  0xfb, 0x00, 0x00, 0x04, 0xff, 0x00, 0x03, 0xc0, 0x40, 0x10, 0x0c, 0xff, 0x00, 0x00, 0x80, 0xfb,
  0x00, 0x00, 0x06, 0xff, 0x00, 0x05, 0x80, 0x40, 0x10, 0x06, 0x00, 0x01, 0xfa, 0x00, 0x02, 0x01,
  0x00, 0x01, 0xff, 0x00, 0x03, 0x0c, 0x03, 0x00, 0x02, 0xf9, 0x00, 0x07, 0xc0, 0x06, 0x00, 0x80,
  0x0c, 0x00, 0x80, 0x1c, 0xf9, 0x00, 0x07, 0x19, 0x30, 0x00, 0xc0, 0x0c, 0x00, 0x0f, 0xc0, 0xf6,
  0x00, 0x01, 0xc0, 0x1c, 0xf3, 0x00, 0x01, 0x60, 0x18, 0xf3, 0x00, 0xff, 0x30, 0xf2, 0x00, 0x00,
  0x60, 0x81, 0x00, 0xaa, 0x00, 0xad, 0x00, 0x01, 0x7f, 0xfe, 0xfe, 0x00, 0x01, 0x7e, 0x9e, 0xf8,
  0x00, 0x00, 0x7e, 0xfd, 0x00, 0x01, 0x61, 0x02, 0xf8, 0x00, 0x00, 0x72, 0xfd, 0x00, 0x00, 0x08,
  0xb6, 0x00, 0x00, 0x08, 0xfd, 0x00, 0x00, 0x80, 0xf8, 0x00, 0x02, 0x10, 0x3f, 0x40, 0xff, 0x00,
  0x01, 0x01, 0xf8, 0xf8, 0x00, 0x01, 0x3f, 0xfe, 0xfe, 0x00, 0x02, 0x0f, 0xf9, 0xc0, 0xf9, 0x00,
  0x01, 0xff, 0x0f, 0xfe, 0x00, 0x02, 0x1f, 0x80, 0x30, 0xfa, 0x00, 0x03, 0x01, 0xf0, 0x01, 0x80,
  0xff, 0x00, 0x02, 0x3c, 0x00, 0x0c, 0xfa, 0x00, 0x01, 0x03, 0xc0, 0xfd, 0x00, 0x00, 0x38, 0xf8,
  0x00, 0x01, 0x03, 0x80, 0xfd, 0x00, 0x00, 0x30, 0xf8, 0x00, 0x00, 0x06, 0xfc, 0x00, 0x00, 0x20,
  0xf8, 0x00, 0x00, 0x06, 0xff, 0x00, 0x00, 0x10, 0xf5, 0x00, 0x00, 0x04, 0xf2, 0x00, 0x00, 0x04,
  0xf2, 0x00, 0x00, 0x08, 0xf2, 0x00, 0x00, 0x08, 0xec, 0x00, 0x00, 0x40, 0xe8, 0x00, 0x00, 0x10,
  0xcc, 0x00, 0x00, 0x20, 0xf2, 0x00, 0x00, 0x20, 0xe5, 0x00, 0x00, 0x10, 0xf2, 0x00, 0x00, 0x10,
  0xcc, 0x00, 0x00, 0x10, 0xf7, 0x00, 0x02, 0x07, 0x00, 0x10, 0xf4, 0x00, 0x02, 0x0f, 0x80, 0x10,
  0xf5, 0x00, 0x02, 0x20, 0x1f, 0xc0, 0xfe, 0x00, 0x00, 0x20, 0xfb, 0x00, 0x00, 0x10, 0xfe, 0x00,
  0x01, 0x3f, 0xc0, 0xf3, 0x00, 0x01, 0x3f, 0xe0, 0xf3, 0x00, 0x00, 0x38, 0xe6, 0x00, 0x02, 0x01,
  0x00, 0x01, 0xff, 0x00, 0xff, 0x02, 0xf7, 0x00, 0x01, 0x60, 0x0c, 0xff, 0x00, 0x02, 0x02, 0x00,
  0xb0, 0xd5, 0x00, 0x00, 0x40, 0xf2, 0x00, 0x00, 0x18, 0xf2, 0x00, 0x00, 0x01, 0x81, 0x00, 0xb9,
  0x00, 0xac, 0x00, 0x00, 0x7f, 0xfe, 0x00, 0x01, 0x03, 0x9e, 0xf8, 0x00, 0x02, 0x03, 0xc1, 0x80,
  0xff, 0x00, 0x01, 0x0e, 0x03, 0xf8, 0x00, 0x02, 0x06, 0x00, 0xc0, 0xff, 0x00, 0x02, 0x10, 0x00,
  0x80, 0xf9, 0x00, 0x02, 0x0c, 0x00, 0x20, 0xff, 0x00, 0x02, 0x10, 0x00, 0x40, 0xf9, 0x00, 0x00,
  0x18, 0xfd, 0x00, 0x02, 0x20, 0x00, 0x20, 0xf9, 0x00, 0x00, 0x20, 0xfd, 0x00, 0x00, 0x20, 0xf2,
  0x00, 0x01, 0x11, 0xf8, 0xf8, 0x00, 0x02, 0x10, 0xf7, 0xe0, 0xff, 0x00, 0x01, 0x1f, 0x3c, 0xf8,
  0x00, 0x01, 0x0f, 0xc0, 0xfe, 0x00, 0x02, 0x06, 0x07, 0xc0, 0xf3, 0x00, 0x01, 0x39, 0x80, 0xf9,
  0x00, 0x01, 0x1f, 0x0f, 0xfe, 0x00, 0x02, 0x01, 0x80, 0x30, 0xf9, 0x00, 0x02, 0x30, 0x01, 0x80,
  0xff, 0x00, 0x02, 0x04, 0x00, 0x08, 0xf9, 0x00, 0x00, 0xc0, 0xfd, 0x00, 0x02, 0x08, 0x00, 0x02,
  0xfa, 0x00, 0x01, 0x01, 0x80, 0xeb, 0x00, 0x00, 0x01, 0xfa, 0x00, 0x00, 0x02, 0xef, 0x00, 0x00,
  0x10, 0xf5, 0x00, 0x00, 0x04, 0xff, 0x00, 0x00, 0x10, 0xe5, 0x00, 0x00, 0x08, 0xf2, 0x00, 0x00,
  0x10, 0xfc, 0x00, 0x00, 0x40, 0xe8, 0x00, 0x00, 0x10, 0xff, 0x00, 0x00, 0x10, 0xff, 0x00, 0x00,
  0x20, 0xf8, 0x00, 0x00, 0x10, 0xff, 0x00, 0x00, 0x10, 0xf2, 0x00, 0x00, 0x10, 0xff, 0x00, 0x00,
  0x20, 0xf5, 0x00, 0x00, 0x10, 0xfc, 0x00, 0x00, 0x10, 0xf8, 0x00, 0x00, 0x10, 0xf2, 0x00, 0x00,
  0x10, 0xec, 0x00, 0x00, 0x10, 0xf8, 0x00, 0x00, 0x10, 0xec, 0x00, 0x00, 0x10, 0xf5, 0x00, 0x00,
  0x20, 0xff, 0x00, 0x00, 0x10, 0xf5, 0x00, 0x00, 0x10, 0xff, 0x00, 0x00, 0x10, 0xf5, 0x00, 0x00,
  0x10, 0xf5, 0x00, 0x00, 0x20, 0xff, 0x00, 0x00, 0x10, 0xff, 0x00, 0x00, 0x20, 0xf8, 0x00, 0x00,
  0x20, 0xfc, 0x00, 0x00, 0x20, 0xfb, 0x00, 0x00, 0x10, 0xe2, 0x00, 0x00, 0x04, 0xfe, 0x00, 0xff,
  0x18, 0xf2, 0x00, 0x00, 0x02, 0xf3, 0x00, 0x02, 0x80, 0x00, 0x02, 0xf7, 0x00, 0x01, 0x60, 0x0c,
  0xff, 0x00, 0x02, 0x02, 0x00, 0xa0, 0xd5, 0x00, 0x00, 0x40, 0xf2, 0x00, 0x01, 0x10, 0x20, 0x81,
  0x00, 0xaa, 0x00, 0xad, 0x00, 0x00, 0x01, 0xf0, 0x00, 0x00, 0x40, 0xed, 0x00, 0x00, 0x40, 0xd2,
  0x00, 0x00, 0x20, 0xf8, 0x00, 0x00, 0x08, 0xf3, 0x00, 0x00, 0x01, 0xfb, 0x00, 0x00, 0x40, 0xf9,
  0x00, 0x00, 0x02, 0xfc, 0x00, 0x00, 0x04, 0xf8, 0x00, 0x00, 0x03, 0xed, 0x00, 0x00, 0x02, 0xf0,
  0x00, 0x00, 0x04, 0xfa, 0x00, 0x00, 0x01, 0xfa, 0x00, 0x00, 0x02, 0xc7, 0x00, 0x00, 0x10, 0xf2,
  0x00, 0x00, 0x10, 0xb2, 0x00, 0x00, 0x10, 0xf5, 0x00, 0x00, 0x10, 0xef, 0x00, 0x00, 0x10, 0xff,
  0x00, 0x00, 0x20, 0xf5, 0x00, 0x00, 0x10, 0x8f, 0x00, 0x00, 0x10, 0xe5, 0x00, 0x00, 0x20, 0xf2,
  0x00, 0x00, 0x20, 0xf5, 0x00, 0x00, 0x10, 0xee, 0x00, 0x01, 0x01, 0x80, 0xf7, 0x00, 0x00, 0x04,
  0xff, 0x00, 0x01, 0x40, 0x20, 0xf3, 0x00, 0x00, 0x80, 0xef, 0x00, 0x00, 0x01, 0xf7, 0x00, 0x01,
  0x60, 0x0c, 0xfd, 0x00, 0x00, 0x20, 0xc4, 0x00, 0x00, 0x20, 0xf3, 0x00, 0x00, 0x02, 0x81, 0x00,
  0xb9, 0x00, 0xa8, 0x00, 0x00, 0x04, 0xf5, 0x00, 0x00, 0x40, 0xf2, 0x00, 0x00, 0x20, 0xdd, 0x00,
  0x00, 0x20, 0xf4, 0x00, 0x02, 0x40, 0x00, 0x20, 0xf8, 0x00, 0x00, 0x08, 0xfe, 0x00, 0x01, 0x02,
  0x08, 0xf8, 0x00, 0x00, 0x01, 0xfb, 0x00, 0x00, 0x80, 0xf9, 0x00, 0x00, 0x01, 0xf1, 0x00, 0x00,
  0x72, 0xfd, 0x00, 0x01, 0xc0, 0x40, 0xd7, 0x00, 0x00, 0x20, 0xfd, 0x00, 0x00, 0x02, 0xf4, 0x00,
  0x00, 0x10, 0xf8, 0x00, 0x00, 0x02, 0xd9, 0x00, 0x00, 0x40, 0xf2, 0x00, 0x00, 0x40, 0xfb, 0x00,
  0x00, 0x08, 0x89, 0x00, 0x00, 0x10, 0xf8, 0x00, 0x00, 0x10, 0xb2, 0x00, 0x00, 0x10, 0xb5, 0x00,
  0x00, 0x10, 0xff, 0x00, 0x00, 0x20, 0xf1, 0x00, 0x01, 0x01, 0x80, 0xf2, 0x00, 0x00, 0x18, 0xf4,
  0x00, 0x00, 0x80, 0xef, 0x00, 0x00, 0x01, 0xf6, 0x00, 0x00, 0x0c, 0xfd, 0x00, 0x00, 0x30, 0xb4,
  0x00, 0x00, 0x80, 0x81, 0x00, 0xba, 0x00, 0xac, 0x00, 0x00, 0x80, 0xe1, 0x00, 0x00, 0x20, 0xfd,
  0x00, 0x00, 0x40, 0xd4, 0x00, 0x02, 0x60, 0x00, 0x20, 0xf8, 0x00, 0x01, 0x38, 0x20, 0xf4, 0x00,
  0x00, 0x01, 0xfc, 0x00, 0x00, 0x02, 0xf8, 0x00, 0x00, 0x03, 0xf1, 0x00, 0x00, 0x40, 0xfd, 0x00,
  0x01, 0x90, 0xc0, 0xf9, 0x00, 0x01, 0x10, 0x01, 0xec, 0x00, 0x00, 0x04, 0xf9, 0x00, 0x02, 0x80,
  0x00, 0x60, 0xfd, 0x00, 0x00, 0x02, 0xf4, 0x00, 0x00, 0x10, 0xf8, 0x00, 0x00, 0x02, 0xef, 0x00,
  0x00, 0x10, 0xd5, 0x00, 0x00, 0x08, 0xdf, 0x00, 0x00, 0x10, 0xff, 0x00, 0x00, 0x40, 0xef, 0x00,
  0x00, 0x20, 0xf8, 0x00, 0x00, 0x10, 0xe2, 0x00, 0x00, 0x10, 0xec, 0x00, 0x00, 0x10, 0xf8, 0x00,
  0x00, 0x10, 0xef, 0x00, 0x00, 0x20, 0xff, 0x00, 0x00, 0x10, 0xf8, 0x00, 0x00, 0x10, 0xef, 0x00,
  0x00, 0x10, 0xe5, 0x00, 0x00, 0x10, 0xef, 0x00, 0x00, 0x10, 0xe5, 0x00, 0x00, 0x20, 0xf2, 0x00,
  0x00, 0x20, 0xf5, 0x00, 0x00, 0x10, 0xdf, 0x00, 0x02, 0x40, 0x00, 0x18, 0xf2, 0x00, 0x00, 0x02,
  0xf3, 0x00, 0x02, 0x80, 0x00, 0x01, 0xf1, 0x00, 0x00, 0x30, 0xf4, 0x00, 0x00, 0x04, 0xd3, 0x00,
  0x01, 0x08, 0x20, 0xf3, 0x00, 0x01, 0x03, 0x80, 0x81, 0x00, 0xba, 0x00, 0x81, 0x00, 0xcc, 0x00,
  0x00, 0x46, 0xfe, 0x00, 0x00, 0x02, 0xd1, 0x00, 0x01, 0x90, 0x80, 0xe2, 0x00, 0x00, 0x04, 0xf7,
  0x00, 0x00, 0x40, 0xef, 0x00, 0x00, 0x10, 0x95, 0x00, 0x00, 0x10, 0xf2, 0x00, 0x00, 0x10, 0xe2,
  0x00, 0x00, 0x10, 0xf2, 0x00, 0x00, 0x10, 0xff, 0x00, 0x00, 0x20, 0xf5, 0x00, 0x00, 0x10, 0xdf,
  0x00, 0x00, 0x20, 0xf2, 0x00, 0x00, 0x20, 0xdf, 0x00, 0x00, 0x10, 0xab, 0x00, 0x00, 0x10, 0xff,
  0x00, 0x00, 0x20, 0xe0, 0x00, 0x00, 0x10, 0xe3, 0x00, 0x02, 0x80, 0x00, 0x01, 0xf6, 0x00, 0x00,
  0x10, 0xfd, 0x00, 0x00, 0x39, 0xf8, 0x00, 0x00, 0x04, 0xcf, 0x00, 0x00, 0x08, 0x81, 0x00, 0xa9,
  0x00, 0x9b, 0x00, 0x00, 0x20, 0xf2, 0x00, 0x00, 0x20, 0xff, 0x00, 0x02, 0x10, 0x00, 0x40, 0xe4,
  0x00, 0x02, 0x20, 0x00, 0x20, 0xe4, 0x00, 0x00, 0x02, 0xc6, 0x00, 0x00, 0x01, 0xec, 0x00, 0x00,
  0x04, 0xc7, 0x00, 0x00, 0x10, 0xec, 0x00, 0x00, 0x40, 0xf2, 0x00, 0x00, 0x40, 0xc8, 0x00, 0x00,
  0x10, 0xff, 0x00, 0x00, 0x20, 0xff, 0x00, 0x00, 0x20, 0xd5, 0x00, 0x00, 0x20, 0xf5, 0x00, 0x00,
  0x10, 0xfc, 0x00, 0x00, 0x10, 0xf8, 0x00, 0x00, 0x10, 0xf2, 0x00, 0x00, 0x10, 0xb2, 0x00, 0x00,
  0x10, 0xff, 0x00, 0x00, 0x10, 0xd8, 0x00, 0x00, 0x10, 0xf2, 0x00, 0x00, 0x10, 0xed, 0x00, 0x00,
  0x80, 0xf4, 0x00, 0x02, 0x40, 0x00, 0x10, 0xd5, 0x00, 0x00, 0x10, 0xfd, 0x00, 0x01, 0x18, 0x40,
  0xd5, 0x00, 0x00, 0x10, 0xe2, 0x00, 0x00, 0x80, 0x81, 0x00, 0xba, 0x00, 0xac, 0x00, 0x00, 0x80,
  0xfe, 0x00, 0x00, 0x04, 0xf5, 0x00, 0x00, 0x20, 0xf2, 0x00, 0x00, 0x20, 0xff, 0x00, 0x02, 0x10,
  0x00, 0x40, 0xc9, 0x00, 0x01, 0x10, 0x24, 0xf3, 0x00, 0x00, 0x02, 0xfb, 0x00, 0x00, 0x80, 0xd9,
  0x00, 0x00, 0x10, 0xfd, 0x00, 0x00, 0x04, 0xd2, 0x00, 0x00, 0x10, 0xe2, 0x00, 0x00, 0x20, 0xe2,
  0x00, 0x00, 0x20, 0xf2, 0x00, 0x00, 0x20, 0xe2, 0x00, 0x00, 0x40, 0xf5, 0x00, 0x00, 0x10, 0xbf,
  0x00, 0x00, 0x10, 0xf5, 0x00, 0x00, 0x10, 0xff, 0x00, 0x00, 0x10, 0xf2, 0x00, 0x00, 0x20, 0xf5,
  0x00, 0x00, 0x10, 0xff, 0x00, 0x00, 0x30, 0xef, 0x00, 0x00, 0x10, 0xf2, 0x00, 0x00, 0x10, 0xe5,
  0x00, 0x00, 0x10, 0xd8, 0x00, 0x00, 0x10, 0xf2, 0x00, 0x00, 0x18, 0xff, 0x00, 0x00, 0x20, 0xff,
  0x00, 0x00, 0x08, 0xf5, 0x00, 0x03, 0x40, 0x08, 0x00, 0x08, 0xf8, 0x00, 0x00, 0x04, 0xff, 0x00,
  0x03, 0x40, 0x30, 0x18, 0x04, 0xe7, 0x00, 0x00, 0x80, 0xf2, 0x00, 0x01, 0x68, 0x10, 0xfd, 0x00,
  0x01, 0x16, 0x80, 0xf9, 0x00, 0x00, 0x04, 0xef, 0x00, 0x00, 0x40, 0xf2, 0x00, 0x01, 0x20, 0x10,
  0xf3, 0x00, 0x00, 0x08, 0x81, 0x00, 0xa9, 0x00, 0xac, 0x00, 0x00, 0x80, 0xfe, 0x00, 0x00, 0x04,
  0xf5, 0x00, 0x00, 0x42, 0xb3, 0x00, 0x00, 0x60, 0xfe, 0x00, 0x01, 0x04, 0x08, 0xf8, 0x00, 0x00,
  0x02, 0xfc, 0x00, 0x01, 0x01, 0x80, 0xf9, 0x00, 0x00, 0x03, 0xfc, 0x00, 0x01, 0x02, 0x40, 0xf8,
  0x00, 0x00, 0x12, 0xfd, 0x00, 0x01, 0x80, 0x40, 0xf4, 0x00, 0x00, 0x06, 0xe8, 0x00, 0x03, 0x01,
  0x80, 0x00, 0x20, 0xd2, 0x00, 0x00, 0x10, 0xec, 0x00, 0x00, 0x40, 0xf5, 0x00, 0x00, 0x20, 0xc5,
  0x00, 0x00, 0x10, 0xf5, 0x00, 0x00, 0x10, 0xef, 0x00, 0x00, 0x10, 0xdf, 0x00, 0x00, 0x10, 0xf2,
  0x00, 0x00, 0x10, 0xf2, 0x00, 0x00, 0x20, 0xff, 0x00, 0x00, 0x10, 0xf5, 0x00, 0x00, 0x30, 0xff,
  0x00, 0x00, 0x10, 0xf2, 0x00, 0x00, 0x10, 0xd8, 0x00, 0x00, 0x10, 0xff, 0x00, 0x00, 0x10, 0xe5,
  0x00, 0x00, 0x20, 0xff, 0x00, 0x00, 0x10, 0xff, 0x00, 0x00, 0x20, 0xfb, 0x00, 0x00, 0x10, 0xff,
  0x00, 0x00, 0x30, 0xfc, 0x00, 0x00, 0x20, 0xfb, 0x00, 0x00, 0x10, 0xfc, 0x00, 0x00, 0x08, 0xf5,
  0x00, 0x03, 0x40, 0x07, 0x40, 0x08, 0xf4, 0x00, 0xff, 0x10, 0x00, 0x04, 0xff, 0x00, 0x00, 0x80,
  0xea, 0x00, 0x00, 0x80, 0xfe, 0x00, 0x00, 0x02, 0xf6, 0x00, 0x01, 0x48, 0x10, 0xfd, 0x00, 0x01,
  0x06, 0xc0, 0xf5, 0x00, 0x00, 0x04, 0xf3, 0x00, 0x00, 0x40, 0xf2, 0x00, 0x00, 0x20, 0xe2, 0x00,
  0x00, 0x01, 0x81, 0x00, 0xb9, 0x00, 0xad, 0x00, 0x02, 0x02, 0x00, 0xc0, 0xf2, 0x00, 0x00, 0x22,
  0xfd, 0x00, 0x00, 0x80, 0xf7, 0x00, 0x00, 0x20, 0xfd, 0x00, 0x00, 0x40, 0xe4, 0x00, 0x00, 0x20,
  0xe7, 0x00, 0x02, 0x10, 0x3a, 0x20, 0xff, 0x00, 0x01, 0x06, 0x08, 0xf8, 0x00, 0x00, 0x01, 0xfc,
  0x00, 0x01, 0x03, 0xc0, 0xf9, 0x00, 0x01, 0x04, 0x30, 0xfd, 0x00, 0x01, 0x61, 0x80, 0xf9, 0x00,
  0x01, 0x04, 0xd0, 0xfe, 0x00, 0x02, 0x02, 0x80, 0x20, 0xf9, 0x00, 0x02, 0x20, 0x00, 0x80, 0xff,
  0x00, 0x00, 0x02, 0xf7, 0x00, 0x00, 0x40, 0xfd, 0x00, 0x02, 0x08, 0x00, 0x04, 0xfa, 0x00, 0x00,
  0x01, 0xfa, 0x00, 0x00, 0x02, 0xf2, 0x00, 0x00, 0x01, 0xf7, 0x00, 0x00, 0x10, 0xf2, 0x00, 0x00,
  0x10, 0xff, 0x00, 0x00, 0x20, 0xff, 0x00, 0x00, 0x80, 0xfb, 0x00, 0x00, 0x04, 0xfc, 0x00, 0x00,
  0x40, 0xef, 0x00, 0x00, 0x40, 0xfb, 0x00, 0x00, 0x08, 0xfc, 0x00, 0x00, 0x20, 0xdf, 0x00, 0x00,
  0x20, 0xf5, 0x00, 0x00, 0x20, 0xf8, 0x00, 0x00, 0x10, 0xff, 0x00, 0x00, 0x10, 0xff, 0x00, 0x00,
  0x20, 0xff, 0x00, 0x00, 0x10, 0xf8, 0x00, 0x00, 0x10, 0xef, 0x00, 0x00, 0x20, 0xff, 0x00, 0x00,
  0x10, 0xf5, 0x00, 0x00, 0x20, 0xf5, 0x00, 0x00, 0x10, 0xff, 0x00, 0x00, 0x20, 0xd5, 0x00, 0x00,
  0x10, 0xff, 0x00, 0x00, 0x10, 0xef, 0x00, 0x00, 0x10, 0xf8, 0x00, 0x00, 0x10, 0xff, 0x00, 0x00,
  0x20, 0xff, 0x00, 0x00, 0x10, 0xf2, 0x00, 0x00, 0x10, 0xf2, 0x00, 0x00, 0x10, 0xdb, 0x00, 0x00,
  0x08, 0xe9, 0x00, 0x00, 0x40, 0xfb, 0x00, 0x00, 0x04, 0xfd, 0x00, 0x00, 0x08, 0xd6, 0x00, 0x00,
  0x40, 0xfc, 0x00, 0x00, 0x11, 0xf8, 0x00, 0x00, 0x06, 0xcf, 0x00, 0x01, 0x08, 0x20, 0xf3, 0x00,
  0x00, 0x02, 0x81, 0x00, 0xb9, 0x00, 0xa7, 0x00, 0x01, 0x01, 0x80, 0xf2, 0x00, 0x00, 0x40, 0xc4,
  0x00, 0x00, 0x20, 0xf6, 0x00, 0x00, 0x0a, 0xf2, 0x00, 0x00, 0x80, 0xf2, 0x00, 0x00, 0xb0, 0xfe,
  0x00, 0x00, 0x02, 0xf6, 0x00, 0x00, 0x10, 0xfc, 0x00, 0x00, 0x20, 0xf7, 0x00, 0x00, 0x80, 0xff,
  0x00, 0x00, 0x04, 0xd0, 0x00, 0x00, 0x01, 0xfa, 0x00, 0x00, 0x02, 0xe9, 0x00, 0x00, 0x80, 0x92,
  0x00, 0x00, 0x10, 0xdb, 0x00, 0x00, 0x20, 0xf2, 0x00, 0x00, 0x20, 0xcc, 0x00, 0x00, 0x20, 0xf5,
  0x00, 0x00, 0x10, 0xff, 0x00, 0x00, 0x20, 0xe5, 0x00, 0x00, 0x10, 0xfc, 0x00, 0x00, 0x10, 0xf8,
  0x00, 0x00, 0x10, 0xff, 0x00, 0x00, 0x10, 0xe5, 0x00, 0x00, 0x10, 0xe5, 0x00, 0x00, 0x10, 0xfd,
  0x00, 0x00, 0x38, 0xf4, 0x00, 0x01, 0x40, 0x60, 0xf6, 0x00, 0x00, 0x02, 0xfd, 0x00, 0x00, 0x02,
  0xef, 0x00, 0x00, 0x02, 0xf9, 0x00, 0x01, 0x60, 0x0c, 0xf3, 0x00, 0x00, 0x09, 0xfc, 0x00, 0x00,
  0x02, 0xe4, 0x00, 0x00, 0x08, 0xf3, 0x00, 0x00, 0x10, 0xf2, 0x00, 0x01, 0x08, 0x40, 0x81, 0x00,
  0xba, 0x00, 0x96, 0x00, 0x00, 0x40, 0xf9, 0x00, 0x00, 0x08, 0xcd, 0x00, 0x00, 0x20, 0xf2, 0x00,
  0x00, 0x01, 0xf6, 0x00, 0x00, 0x01, 0xfd, 0x00, 0x00, 0x04, 0xf7, 0x00, 0x00, 0x70, 0xfd, 0x00,
  0x00, 0x18, 0xf7, 0x00, 0x00, 0x16, 0xfc, 0x00, 0x00, 0x20, 0xf7, 0x00, 0x00, 0x80, 0xfd, 0x00,
  0x00, 0x08, 0xe4, 0x00, 0x00, 0x30, 0xf8, 0x00, 0x00, 0x02, 0xfc, 0x00, 0x02, 0x30, 0x00, 0x01,
  0xea, 0x00, 0x00, 0x04, 0xf9, 0x00, 0x00, 0x80, 0xc2, 0x00, 0x00, 0x20, 0xd2, 0x00, 0x00, 0x10,
  0x9b, 0x00, 0x00, 0x20, 0xef, 0x00, 0x00, 0x10, 0xff, 0x00, 0x00, 0x20, 0xd5, 0x00, 0x00, 0x10,
  0xdc, 0x00, 0x00, 0x20, 0xeb, 0x00, 0x00, 0x10, 0xfd, 0x00, 0x00, 0x28, 0xf3, 0x00, 0x00, 0x40,
  0xe1, 0x00, 0x00, 0x02, 0xf6, 0x00, 0x01, 0x40, 0x04, 0xfc, 0x00, 0x00, 0x10, 0xf3, 0x00, 0x00,
  0x02, 0xc4, 0x00, 0x00, 0x40, 0x81, 0x00, 0xba, 0x00, 0xab, 0x00, 0x00, 0x20, 0xff, 0x00, 0x00,
  0x08, 0xf0, 0x00, 0x00, 0x40, 0xc2, 0x00, 0x00, 0x20, 0xf8, 0x00, 0x00, 0x08, 0xfd, 0x00, 0x00,
  0x90, 0xf7, 0x00, 0x01, 0x41, 0x80, 0xff, 0x00, 0x01, 0x03, 0x18, 0xf8, 0x00, 0x01, 0x10, 0x02,
  0xfe, 0x00, 0x00, 0x02, 0xf7, 0x00, 0x01, 0x10, 0x01, 0xfe, 0x00, 0x00, 0x04, 0xf7, 0x00, 0x00,
  0x40, 0xf2, 0x00, 0x02, 0x80, 0x00, 0x40, 0xf2, 0x00, 0x00, 0x10, 0xbf, 0x00, 0x00, 0x40, 0xcf,
  0x00, 0x00, 0x20, 0xd2, 0x00, 0x00, 0x10, 0x8b, 0x00, 0x00, 0x20, 0xff, 0x00, 0x00, 0x10, 0xff,
  0x00, 0x00, 0x20, 0xe2, 0x00, 0x00, 0x20, 0xff, 0x00, 0x00, 0x10, 0xf8, 0x00, 0x00, 0x10, 0xf5,
  0x00, 0x00, 0x10, 0xff, 0x00, 0x00, 0x10, 0xf2, 0x00, 0x00, 0x10, 0xff, 0x00, 0x00, 0x10, 0xff,
  0x00, 0x00, 0x20, 0xf8, 0x00, 0x00, 0x10, 0xf5, 0x00, 0x00, 0x18, 0xfe, 0x00, 0x01, 0x30, 0x28,
  0xf7, 0x00, 0x00, 0x08, 0xfe, 0x00, 0x00, 0x40, 0xf3, 0x00, 0x01, 0x82, 0x80, 0xfe, 0x00, 0x00,
  0x01, 0xfa, 0x00, 0x00, 0x02, 0xfe, 0x00, 0x02, 0x80, 0x00, 0x01, 0xf8, 0x00, 0x02, 0x01, 0x40,
  0x04, 0xfd, 0x00, 0x01, 0x20, 0x28, 0xf8, 0x00, 0x00, 0xf8, 0xfc, 0x00, 0x00, 0x80, 0xc6, 0x00,
  0x01, 0x04, 0x60, 0x81, 0x00, 0xba, 0x00, 0xa8, 0x00, 0x02, 0x10, 0x00, 0x40, 0xf9, 0x00, 0x00,
  0x0c, 0xfd, 0x00, 0x00, 0x10, 0xf7, 0x00, 0x00, 0x10, 0xfb, 0x00, 0x00, 0x30, 0xf9, 0x00, 0x00,
  0x10, 0xfd, 0x00, 0x02, 0x20, 0x00, 0x30, 0xe4, 0x00, 0x02, 0x20, 0x00, 0x20, 0xf8, 0x00, 0x00,
  0x1a, 0xfe, 0x00, 0x00, 0x02, 0xf2, 0x00, 0x01, 0x01, 0x20, 0xf8, 0x00, 0x01, 0x08, 0x01, 0xfe,
  0x00, 0x00, 0x06, 0xf7, 0x00, 0x01, 0x28, 0x08, 0xf1, 0x00, 0x00, 0x40, 0xff, 0x00, 0x02, 0x08,
  0x00, 0x04, 0xe4, 0x00, 0x00, 0x20, 0xe8, 0x00, 0x00, 0x04, 0xfc, 0x00, 0x00, 0x20, 0xef, 0x00,
  0x00, 0x40, 0xfb, 0x00, 0x00, 0x18, 0xf2, 0x00, 0x00, 0x18, 0xef, 0x00, 0x00, 0x08, 0xfc, 0x00,
  0x00, 0x20, 0xfb, 0x00, 0x00, 0x10, 0xff, 0x00, 0x00, 0x08, 0xfc, 0x00, 0x00, 0x20, 0xf5, 0x00,
  0x00, 0x40, 0xf5, 0x00, 0x00, 0x08, 0xfc, 0x00, 0x00, 0x10, 0xf8, 0x00, 0x00, 0x08, 0xfc, 0x00,
  0x00, 0x10, 0xf2, 0x00, 0x00, 0x10, 0xfb, 0x00, 0x00, 0x20, 0xdf, 0x00, 0x00, 0x08, 0xe5, 0x00,
  0x00, 0x20, 0xe2, 0x00, 0x00, 0x40, 0xf2, 0x00, 0x00, 0x60, 0xf2, 0x00, 0x00, 0x20, 0xdf, 0x00,
  0x00, 0x10, 0xfc, 0x00, 0x00, 0x10, 0xf8, 0x00, 0x00, 0x10, 0xff, 0x00, 0x00, 0x10, 0xf4, 0x00,
  0x00, 0x02, 0xf6, 0x00, 0x00, 0x10, 0xee, 0x00, 0x00, 0x80, 0xfd, 0x00, 0x00, 0x40, 0xfb, 0x00,
  0x00, 0x04, 0xff, 0x00, 0x00, 0x02, 0xef, 0x00, 0x00, 0x02, 0xf3, 0x00, 0x02, 0x02, 0x00, 0x40,
  0xf8, 0x00, 0x00, 0x50, 0xfe, 0x00, 0x03, 0x02, 0x00, 0x01, 0x60, 0xf5, 0x00, 0x00, 0x06, 0xd3,
  0x00, 0x00, 0x14, 0xf2, 0x00, 0x00, 0x02, 0x81, 0x00, 0xc9, 0x00, 0xad, 0x00, 0x00, 0x02, 0xfd,
  0x00, 0x00, 0x10, 0xf7, 0x00, 0x00, 0x10, 0xeb, 0x00, 0x00, 0x30, 0xf2, 0x00, 0x00, 0x10, 0xe4,
  0x00, 0x00, 0x20, 0xf5, 0x00, 0x00, 0x20, 0xf3, 0x00, 0x00, 0x80, 0xfe, 0x00, 0x01, 0x03, 0x38,
  0xf8, 0x00, 0x01, 0x0c, 0xc1, 0xfe, 0x00, 0x01, 0x04, 0x10, 0xf8, 0x00, 0x00, 0x20, 0xfd, 0x00,
  0x00, 0x04, 0xf7, 0x00, 0x00, 0x20, 0xf0, 0x00, 0x00, 0x40, 0xf2, 0x00, 0x00, 0x10, 0xff, 0x00,
  0x00, 0x10, 0xf2, 0x00, 0x00, 0x20, 0xb5, 0x00, 0x00, 0x08, 0xf5, 0x00, 0x00, 0x10, 0xff, 0x00,
  0x00, 0x08, 0xe2, 0x00, 0x00, 0x08, 0xd5, 0x00, 0x00, 0x20, 0xe2, 0x00, 0x00, 0x40, 0xf2, 0x00,
  0x00, 0x20, 0xe2, 0x00, 0x00, 0x40, 0xe2, 0x00, 0x00, 0x60, 0xe2, 0x00, 0x00, 0x20, 0xef, 0x00,
  0x00, 0x10, 0xf2, 0x00, 0x03, 0x10, 0x02, 0x00, 0x30, 0xf5, 0x00, 0x01, 0x10, 0x20, 0xf1, 0x00,
  0x00, 0x10, 0xf7, 0x00, 0x00, 0x08, 0xf2, 0x00, 0x00, 0x04, 0xf2, 0x00, 0x00, 0x02, 0xfc, 0x00,
  0x02, 0x03, 0x00, 0x02, 0xfa, 0x00, 0x02, 0x01, 0x00, 0x02, 0xfd, 0x00, 0x00, 0x80, 0xf8, 0x00,
  0x01, 0x0a, 0x28, 0xfd, 0x00, 0x01, 0x01, 0xc0, 0xf8, 0x00, 0x00, 0x10, 0xf0, 0x00, 0x00, 0x40,
  0xe2, 0x00, 0x01, 0x18, 0x40, 0x81, 0x00, 0xba, 0x00, 0xad, 0x00, 0x00, 0x06, 0xfd, 0x00, 0x00,
  0x10, 0xf2, 0x00, 0x02, 0x20, 0x00, 0x20, 0xf7, 0x00, 0x00, 0x10, 0xff, 0x00, 0x02, 0x20, 0x00,
  0x30, 0xf9, 0x00, 0x02, 0x20, 0x00, 0x18, 0xfd, 0x00, 0x00, 0x10, 0xf9, 0x00, 0x02, 0x20, 0x00,
  0x10, 0xe3, 0x00, 0x00, 0x08, 0xfe, 0x00, 0x00, 0x01, 0xf6, 0x00, 0x00, 0xbc, 0xfd, 0x00, 0x00,
  0x38, 0xf8, 0x00, 0x01, 0x08, 0xc0, 0xfd, 0x00, 0x01, 0x90, 0x04, 0xf9, 0x00, 0x00, 0x20, 0xfd,
  0x00, 0x02, 0x01, 0x00, 0x14, 0xf9, 0x00, 0x00, 0x20, 0xf3, 0x00, 0x00, 0x01, 0xff, 0x00, 0x00,
  0x40, 0xfd, 0x00, 0x00, 0x02, 0xf7, 0x00, 0x00, 0x10, 0xff, 0x00, 0x02, 0x30, 0x00, 0x01, 0xf4,
  0x00, 0x00, 0x20, 0xff, 0x00, 0x00, 0xc0, 0xf2, 0x00, 0x00, 0xc0, 0xfb, 0x00, 0x00, 0x08, 0xff,
  0x00, 0x00, 0x08, 0xdc, 0x00, 0x00, 0x20, 0xfb, 0x00, 0x00, 0x10, 0xf2, 0x00, 0x00, 0x10, 0xff,
  0x00, 0x00, 0x08, 0xec, 0x00, 0x00, 0x10, 0xfb, 0x00, 0x00, 0x20, 0xf2, 0x00, 0x00, 0x20, 0xf2,
  0x00, 0x00, 0x20, 0xf2, 0x00, 0x00, 0x20, 0xf9, 0x00, 0x00, 0x08, 0xf2, 0x00, 0x00, 0x08, 0xf2,
  0x00, 0x00, 0x08, 0xfb, 0x00, 0x00, 0x40, 0xf9, 0x00, 0x00, 0x08, 0xfb, 0x00, 0x00, 0x40, 0xf9,
  0x00, 0x00, 0x08, 0xf2, 0x00, 0x00, 0x08, 0xeb, 0x00, 0x00, 0x20, 0xf9, 0x00, 0x00, 0x04, 0xdb,
  0x00, 0x00, 0x20, 0xee, 0x00, 0x00, 0x02, 0xfd, 0x00, 0x00, 0x10, 0xf2, 0x00, 0x00, 0x20, 0xfb,
  0x00, 0x00, 0x10, 0xff, 0x00, 0xff, 0x20, 0xf6, 0x00, 0x00, 0x08, 0xfd, 0x00, 0x00, 0x06, 0xf7,
  0x00, 0x00, 0x04, 0xff, 0x00, 0x00, 0x01, 0xfc, 0x00, 0x00, 0xc0, 0xfb, 0x00, 0x00, 0x02, 0xff,
  0x00, 0x00, 0x01, 0xff, 0x00, 0x02, 0x01, 0x00, 0x03, 0xfa, 0x00, 0x03, 0x01, 0x80, 0x00, 0x01,
  0xfd, 0x00, 0x00, 0x06, 0xf9, 0x00, 0x02, 0x2a, 0x08, 0x01, 0xfe, 0x00, 0x01, 0x07, 0x50, 0xf9,
  0x00, 0x02, 0x11, 0x00, 0x01, 0xfd, 0x00, 0x00, 0x20, 0xe5, 0x00, 0x00, 0x18, 0x81, 0x00, 0xaa,
  0x00, 0xad, 0x00, 0x02, 0x18, 0x00, 0x10, 0xff, 0x00, 0x02, 0x20, 0x00, 0x20, 0xf9, 0x00, 0x00,
  0x20, 0xbd, 0x00, 0x01, 0x11, 0x20, 0xf7, 0x00, 0x00, 0x23, 0xfe, 0x00, 0x01, 0x04, 0x80, 0xf7,
  0x00, 0x00, 0x34, 0xfe, 0x00, 0x01, 0x01, 0x08, 0xf7, 0x00, 0x00, 0x0d, 0xfc, 0x00, 0x00, 0x20,
  0xc1, 0x00, 0x00, 0xc0, 0xfb, 0x00, 0x00, 0x04, 0xdf, 0x00, 0x00, 0x08, 0xec, 0x00, 0x00, 0x20,
  0xe8, 0x00, 0x00, 0x08, 0xfc, 0x00, 0x00, 0x10, 0xf2, 0x00, 0x00, 0x10, 0xf2, 0x00, 0x00, 0x08,
  0xeb, 0x00, 0x00, 0x40, 0xf2, 0x00, 0x00, 0x40, 0xf9, 0x00, 0x00, 0x08, 0xd2, 0x00, 0x00, 0x04,
  0xf2, 0x00, 0x00, 0x04, 0xf2, 0x00, 0x00, 0x04, 0xe2, 0x00, 0x00, 0x0c, 0xfb, 0x00, 0x00, 0x40,
  0xf9, 0x00, 0x00, 0x08, 0xf2, 0x00, 0x00, 0x0c, 0xfb, 0x00, 0x00, 0x40, 0xfc, 0x00, 0x00, 0x20,
  0xff, 0x00, 0x00, 0x08, 0xfb, 0x00, 0x00, 0x40, 0xee, 0x00, 0x00, 0x22, 0xf3, 0x00, 0xff, 0x10,
  0xff, 0x20, 0xff, 0x00, 0x00, 0x10, 0xf7, 0x00, 0x01, 0xe0, 0x16, 0xfe, 0x00, 0x00, 0x30, 0xfb,
  0x00, 0x00, 0x10, 0xfc, 0x00, 0x00, 0x08, 0xff, 0x00, 0x00, 0x20, 0xfb, 0x00, 0x00, 0x18, 0xfd,
  0x00, 0x01, 0x01, 0x04, 0xf8, 0x00, 0x00, 0x14, 0xfd, 0x00, 0x01, 0x01, 0x02, 0xff, 0x00, 0x00,
  0x80, 0xfb, 0x00, 0x00, 0x02, 0xfa, 0x00, 0x00, 0x01, 0xfa, 0x00, 0x02, 0x01, 0x80, 0x25, 0xfd,
  0x00, 0x01, 0x28, 0x06, 0xf9, 0x00, 0x03, 0x0a, 0x80, 0x00, 0x80, 0xff, 0x00, 0x01, 0x26, 0x44,
  0xf9, 0x00, 0x01, 0x11, 0x10, 0xff, 0x00, 0x00, 0x04, 0xf3, 0x00, 0x00, 0x20, 0xf2, 0x00, 0x00,
  0x38, 0x81, 0x00, 0xb9, 0x00, 0xab, 0x00, 0x00, 0x10, 0xef, 0x00, 0x00, 0x40, 0xf7, 0x00, 0x00,
  0x20, 0xf0, 0x00, 0x00, 0x08, 0xe3, 0x00, 0x00, 0x08, 0xfe, 0x00, 0x01, 0x01, 0x20, 0xf7, 0x00,
  0x01, 0x0a, 0x80, 0xff, 0x00, 0x02, 0x08, 0x20, 0x40, 0xf8, 0x00, 0x01, 0x08, 0x80, 0xfe, 0x00,
  0x00, 0x10, 0xf8, 0x00, 0x01, 0x04, 0x0c, 0xee, 0x00, 0x02, 0x04, 0x00, 0x08, 0xea, 0x00, 0x00,
  0x01, 0xfc, 0x00, 0x00, 0x10, 0xf8, 0x00, 0x00, 0x02, 0xf9, 0x00, 0x00, 0x80, 0xfb, 0x00, 0x00,
  0x04, 0xff, 0x00, 0x00, 0x10, 0xbc, 0x00, 0x00, 0x10, 0xd2, 0x00, 0x00, 0x08, 0xe8, 0x00, 0x00,
  0x08, 0xec, 0x00, 0x00, 0x04, 0xf8, 0x00, 0x00, 0x02, 0xfc, 0x00, 0x00, 0x04, 0xe8, 0x00, 0x00,
  0x08, 0xfc, 0x00, 0x00, 0x04, 0xeb, 0x00, 0x00, 0x40, 0xd9, 0x00, 0x00, 0x04, 0xdb, 0x00, 0x00,
  0x40, 0xfc, 0x00, 0x00, 0x20, 0xff, 0x00, 0x00, 0x08, 0xfb, 0x00, 0x00, 0x60, 0xff, 0x00, 0x00,
  0x10, 0xf1, 0x00, 0x02, 0x20, 0x00, 0x10, 0xf4, 0x00, 0x00, 0x10, 0xf3, 0x00, 0x02, 0x20, 0x00,
  0x06, 0xf2, 0x00, 0x00, 0x02, 0xf7, 0x00, 0x00, 0x08, 0xff, 0x00, 0x00, 0x02, 0xf5, 0x00, 0x00,
  0x14, 0xf2, 0x00, 0x00, 0x02, 0xfa, 0x00, 0x00, 0x01, 0xf8, 0x00, 0xff, 0x01, 0xfd, 0x00, 0x00,
  0x80, 0xf9, 0x00, 0x03, 0x08, 0x80, 0x00, 0x80, 0x81, 0x00, 0x89, 0x00, 0xad, 0x00, 0x02, 0x20,
  0x00, 0x10, 0xfd, 0x00, 0x00, 0x1c, 0xf7, 0x00, 0x00, 0x10, 0xfd, 0x00, 0x00, 0x1c, 0xe4, 0x00,
  0x00, 0x20, 0xf0, 0x00, 0x00, 0x10, 0xf7, 0x00, 0x00, 0x80, 0xff, 0x00, 0x01, 0x09, 0x10, 0xf7,
  0x00, 0x01, 0x36, 0x60, 0xfe, 0x00, 0x01, 0x18, 0x40, 0xf3, 0x00, 0x00, 0x88, 0xf8, 0x00, 0x01,
  0x20, 0x0c, 0xfc, 0x00, 0x00, 0x18, 0xfa, 0x00, 0x01, 0x01, 0x40, 0xf3, 0x00, 0x03, 0x01, 0x80,
  0x00, 0x20, 0xfd, 0x00, 0x00, 0x03, 0xfa, 0x00, 0x00, 0x03, 0xff, 0x00, 0x00, 0x20, 0xfd, 0x00,
  0x01, 0x01, 0x80, 0xfb, 0x00, 0x00, 0x14, 0xf9, 0x00, 0x00, 0x80, 0xfb, 0x00, 0x00, 0x14, 0xf2,
  0x00, 0x00, 0x08, 0xff, 0x00, 0x00, 0x08, 0xfc, 0x00, 0x00, 0x30, 0xfb, 0x00, 0x00, 0x10, 0xff,
  0x00, 0x00, 0x08, 0xfc, 0x00, 0x00, 0x30, 0xf8, 0x00, 0x00, 0x08, 0xff, 0x00, 0x00, 0x40, 0xff,
  0x00, 0x00, 0x10, 0xfb, 0x00, 0x00, 0x20, 0xff, 0x00, 0x00, 0x08, 0xff, 0x00, 0x00, 0x40, 0xf8,
  0x00, 0x00, 0x60, 0xfc, 0x00, 0x00, 0x40, 0xff, 0x00, 0x00, 0x08, 0xfb, 0x00, 0x00, 0x60, 0xff,
  0x00, 0x00, 0x04, 0xff, 0x00, 0x00, 0x40, 0xff, 0x00, 0x00, 0x0c, 0xfc, 0x00, 0x01, 0x01, 0x60,
  0xff, 0x00, 0x00, 0x0c, 0xff, 0x00, 0x00, 0x40, 0xff, 0x00, 0x00, 0x0c, 0xfc, 0x00, 0x00, 0x01,
  0xfe, 0x00, 0x00, 0x08, 0xff, 0x00, 0x00, 0x40, 0xff, 0x00, 0x00, 0x0c, 0xfb, 0x00, 0x00, 0x80,
  0xff, 0x00, 0x00, 0x08, 0xfc, 0x00, 0x00, 0x0c, 0xfb, 0x00, 0x00, 0x80, 0xff, 0x00, 0x00, 0x08,
  0xf6, 0x00, 0x01, 0x01, 0xc0, 0xff, 0x00, 0x00, 0x0a, 0xff, 0x00, 0x00, 0x40, 0xf9, 0x00, 0x01,
  0x01, 0xc0, 0xf9, 0x00, 0x00, 0x04, 0xfb, 0x00, 0x00, 0x80, 0xff, 0x00, 0x00, 0x08, 0xfc, 0x00,
  0x00, 0x04, 0xfb, 0x00, 0x00, 0x80, 0xff, 0x00, 0x00, 0x08, 0xf6, 0x00, 0x01, 0x01, 0xc0, 0xff,
  0x00, 0x00, 0x08, 0xf6, 0x00, 0x01, 0x01, 0x80, 0xff, 0x00, 0x00, 0x08, 0xfc, 0x00, 0x00, 0x04,
  0xfb, 0x00, 0x00, 0x80, 0xff, 0x00, 0x00, 0x08, 0xfc, 0x00, 0x00, 0x04, 0xfb, 0x00, 0x00, 0x80,
  0xf3, 0x00, 0x01, 0x01, 0xc0, 0xf3, 0x00, 0x01, 0x01, 0xc0, 0xfc, 0x00, 0x00, 0x20, 0xff, 0x00,
  0x00, 0x0c, 0xfb, 0x00, 0x00, 0xe0, 0xff, 0x00, 0x00, 0x10, 0xfc, 0x00, 0x00, 0x0c, 0xfb, 0x00,
  0x00, 0xe0, 0xfe, 0x00, 0x02, 0x21, 0x20, 0x10, 0xff, 0x00, 0x00, 0x0c, 0xfb, 0x00, 0x00, 0x60,
  0xfe, 0x00, 0x02, 0x15, 0x50, 0x10, 0xff, 0x00, 0x00, 0x0c, 0xfb, 0x00, 0x00, 0x60, 0xff, 0x00,
  0x03, 0x31, 0x00, 0x07, 0x10, 0xff, 0x00, 0x00, 0x08, 0xfb, 0x00, 0x00, 0x60, 0xff, 0x00, 0x03,
  0x21, 0x00, 0x03, 0x90, 0xff, 0x00, 0x00, 0x18, 0xfb, 0x00, 0x00, 0x28, 0xff, 0x00, 0x00, 0x40,
  0xff, 0x00, 0x00, 0x80, 0xff, 0x00, 0x00, 0x30, 0xfb, 0x00, 0x00, 0x1c, 0xff, 0x00, 0x00, 0x82,
  0xff, 0x00, 0x00, 0x84, 0xff, 0x00, 0x00, 0x60, 0xfb, 0x00, 0x09, 0x0e, 0x00, 0x01, 0x86, 0x00,
  0x01, 0x81, 0x00, 0x01, 0xc0, 0xfb, 0x00, 0x01, 0x06, 0x00, 0xff, 0x03, 0x00, 0x00, 0xff, 0x01,
  0x02, 0xd0, 0x09, 0xc0, 0xfb, 0x00, 0x00, 0x01, 0xff, 0xec, 0x05, 0x00, 0x80, 0x01, 0x00, 0x59,
  0x9a, 0xfa, 0x00, 0x08, 0x01, 0x0a, 0xe8, 0x03, 0x80, 0x02, 0x00, 0x26, 0xe4, 0xf6, 0x00, 0x01,
  0x40, 0x04, 0xf3, 0x00, 0x01, 0x44, 0x58, 0xf2, 0x00, 0x00, 0x60, 0x81, 0x00, 0xca, 0x00, 0xad,
  0x00, 0x02, 0x40, 0x00, 0x08, 0xf4, 0x00, 0x02, 0x40, 0x00, 0x08, 0xf4, 0x00, 0x02, 0x40, 0x00,
  0x08, 0xfd, 0x00, 0x00, 0x0c, 0xf9, 0x00, 0x00, 0x40, 0xfd, 0x00, 0x02, 0x20, 0x00, 0x0c, 0xf9,
  0x00, 0x00, 0x40, 0xfb, 0x00, 0x00, 0x0c, 0xf8, 0x00, 0x01, 0x08, 0x80, 0xff, 0x00, 0x02, 0x29,
  0x10, 0x1c, 0xf8, 0x00, 0x01, 0x0f, 0x90, 0xfe, 0x00, 0x01, 0xd8, 0x30, 0xf9, 0x00, 0x02, 0x10,
  0x3f, 0x80, 0xff, 0x00, 0x02, 0x03, 0x50, 0x30, 0xfa, 0x00, 0x03, 0x01, 0x40, 0x00, 0xa0, 0xff,
  0x00, 0x00, 0x05, 0xf7, 0x00, 0x02, 0x80, 0x00, 0xe0, 0xff, 0x00, 0x02, 0x08, 0x00, 0x02, 0xfa,
  0x00, 0x00, 0x02, 0xfc, 0x00, 0x00, 0x10, 0xff, 0x00, 0x00, 0x80, 0xf2, 0x00, 0x00, 0x40, 0xfb,
  0x00, 0x00, 0x08, 0xfc, 0x00, 0x00, 0x40, 0xf8, 0x00, 0x00, 0x08, 0xff, 0x00, 0x00, 0x08, 0xff,
  0x00, 0x00, 0x40, 0xf8, 0x00, 0x00, 0x10, 0xfc, 0x00, 0x00, 0x40, 0xf8, 0x00, 0x00, 0x20, 0xfc,
  0x00, 0x00, 0x40, 0xf8, 0x00, 0x00, 0x20, 0xff, 0x00, 0x00, 0x04, 0xfc, 0x00, 0x00, 0x0c, 0xf8,
  0x00, 0x00, 0x04, 0xfc, 0x00, 0x00, 0x08, 0xf2, 0x00, 0x00, 0x04, 0xfb, 0x00, 0x00, 0x80, 0xff,
  0x00, 0x00, 0x04, 0xf5, 0x00, 0x00, 0x80, 0xf2, 0x00, 0x00, 0xc0, 0xff, 0x00, 0x00, 0x04, 0xef,
  0x00, 0x00, 0x40, 0xf2, 0x00, 0x00, 0x40, 0xe5, 0x00, 0x00, 0x08, 0xff, 0x00, 0x00, 0x40, 0xff,
  0x00, 0x00, 0x02, 0xf5, 0x00, 0x00, 0x40, 0xff, 0x00, 0x00, 0x02, 0xf8, 0x00, 0x00, 0x04, 0xfc,
  0x00, 0x00, 0x02, 0xf5, 0x00, 0x00, 0x40, 0xff, 0x00, 0x00, 0x02, 0xf5, 0x00, 0x00, 0x40, 0xff,
  0x00, 0x00, 0x02, 0xf2, 0x00, 0x00, 0x02, 0xf8, 0x00, 0x00, 0x08, 0xf2, 0x00, 0x00, 0x08, 0xff,
  0x00, 0x00, 0x40, 0xf5, 0x00, 0x00, 0x08, 0xf2, 0x00, 0x00, 0x08, 0xf2, 0x00, 0x00, 0x08, 0xff,
  0x10, 0xf7, 0x00, 0x00, 0x80, 0xff, 0x00, 0xff, 0x08, 0x01, 0x88, 0x40, 0xf8, 0x00, 0x00, 0x80,
  0xfc, 0x00, 0x00, 0x20, 0xf5, 0x00, 0x00, 0x02, 0xf2, 0x00, 0x00, 0x20, 0xff, 0x00, 0x00, 0x40,
  0xf5, 0x00, 0x00, 0x70, 0xff, 0x00, 0x00, 0x40, 0xf5, 0x00, 0x00, 0x44, 0xff, 0x00, 0x00, 0x42,
  0xff, 0x00, 0x00, 0x20, 0xf5, 0x00, 0x00, 0x82, 0xff, 0x00, 0x00, 0x20, 0xfb, 0x00, 0x03, 0x02,
  0x00, 0x03, 0x02, 0xff, 0x00, 0x03, 0x80, 0x00, 0x01, 0x40, 0xfb, 0x00, 0x02, 0x02, 0xe4, 0x02,
  0xfd, 0x00, 0x01, 0x59, 0x0a, 0xf6, 0x00, 0x00, 0x80, 0xf2, 0x00, 0x01, 0x80, 0x04, 0xf4, 0x00,
  0x02, 0x01, 0x05, 0x80, 0xf3, 0x00, 0x01, 0x06, 0x20, 0x81, 0x00, 0xda, 0x00, 0xa8, 0x00, 0x00,
  0x40, 0xf8, 0x00, 0x00, 0x01, 0xef, 0x00, 0x00, 0x08, 0xf4, 0x00, 0x00, 0x80, 0xfb, 0x00, 0x00,
  0x04, 0xf2, 0x00, 0x00, 0x08, 0xf2, 0x00, 0x00, 0x14, 0xf9, 0x00, 0x02, 0x60, 0x00, 0x10, 0xff,
  0x00, 0x00, 0x01, 0xf7, 0x00, 0x02, 0x20, 0x01, 0x80, 0xff, 0x00, 0x02, 0x02, 0x00, 0x08, 0xf7,
  0x00, 0x00, 0x20, 0xfd, 0x00, 0x00, 0x02, 0xfa, 0x00, 0x00, 0x02, 0xfa, 0x00, 0x00, 0x01, 0xfa,
  0x00, 0x00, 0x04, 0xf9, 0x00, 0x00, 0x40, 0xfb, 0x00, 0x00, 0x0c, 0xe9, 0x00, 0x00, 0x20, 0xf2,
  0x00, 0x00, 0x30, 0xfb, 0x00, 0x00, 0x20, 0xef, 0x00, 0x00, 0x04, 0xfc, 0x00, 0x00, 0x08, 0xfb,
  0x00, 0x00, 0x40, 0xff, 0x00, 0x00, 0x02, 0xf5, 0x00, 0x00, 0x40, 0xf9, 0x00, 0x00, 0x04, 0xfb,
  0x00, 0x00, 0x80, 0xff, 0x00, 0x00, 0x04, 0xc6, 0x00, 0x00, 0x01, 0xf8, 0x00, 0x00, 0x02, 0xfc,
  0x00, 0x00, 0x01, 0xfe, 0x00, 0x00, 0x04, 0xfc, 0x00, 0x00, 0x02, 0xf2, 0x00, 0x00, 0x02, 0xf2,
  0x00, 0x00, 0x01, 0xfc, 0x00, 0x00, 0x01, 0xf8, 0x00, 0x00, 0x01, 0xfc, 0x00, 0x00, 0x01, 0xfe,
  0x00, 0x00, 0x04, 0xfc, 0x00, 0x00, 0x01, 0xfc, 0x00, 0x00, 0x02, 0xf8, 0x00, 0x00, 0x01, 0xf2,
  0x00, 0x00, 0x01, 0xfc, 0x00, 0x00, 0x01, 0xfb, 0x00, 0x00, 0x40, 0xff, 0x00, 0x00, 0x01, 0xfc,
  0x00, 0x00, 0x01, 0xfb, 0x00, 0x00, 0x40, 0xff, 0x00, 0x00, 0x03, 0xfc, 0x00, 0x00, 0x02, 0xf8,
  0x00, 0x00, 0x03, 0xf2, 0x00, 0x00, 0x03, 0xfc, 0x00, 0x00, 0x01, 0xfb, 0x00, 0x00, 0x20, 0xff,
  0x00, 0x00, 0x03, 0xfc, 0x00, 0x00, 0x01, 0xfc, 0x00, 0x00, 0x82, 0xfe, 0x00, 0x00, 0x02, 0xfc,
  0x00, 0x00, 0x01, 0xfd, 0x00, 0x01, 0x40, 0x06, 0xfe, 0x00, 0x00, 0x02, 0xf8, 0x00, 0x00, 0x06,
  0xff, 0x00, 0x00, 0xc0, 0xff, 0x00, 0x00, 0x04, 0xfb, 0x00, 0x00, 0x80, 0xff, 0x00, 0x00, 0x1c,
  0xfc, 0x00, 0x00, 0x04, 0xfb, 0x00, 0x00, 0xc0, 0xff, 0x00, 0x00, 0x14, 0xff, 0x00, 0x00, 0x38,
  0xff, 0x00, 0x00, 0x0c, 0xfc, 0x00, 0x01, 0x01, 0xe0, 0xff, 0x00, 0x00, 0x04, 0xff, 0x00, 0x00,
  0x38, 0xff, 0x00, 0x00, 0x1c, 0xfb, 0x00, 0x00, 0x30, 0xff, 0x00, 0x00, 0x1c, 0xff, 0x00, 0x00,
  0x44, 0xff, 0x00, 0x00, 0x10, 0xfb, 0x00, 0x00, 0x38, 0xff, 0x00, 0x00, 0xcc, 0xfc, 0x00, 0x00,
  0x14, 0xfb, 0x00, 0x00, 0x1c, 0xfc, 0x00, 0x03, 0xa3, 0x80, 0x00, 0xa0, 0xfb, 0x00, 0x02, 0x14,
  0x00, 0x05, 0xff, 0x00, 0x04, 0x01, 0x00, 0x80, 0x11, 0x40, 0xfa, 0x00, 0x07, 0xff, 0xf8, 0x01,
  0x00, 0x02, 0x00, 0x1f, 0xf8, 0xf9, 0x00, 0x01, 0x7f, 0xc0, 0xff, 0x00, 0x03, 0x02, 0x00, 0x08,
  0x30, 0xf9, 0x00, 0x00, 0x01, 0xff, 0x00, 0x01, 0x30, 0x02, 0xf3, 0x00, 0x00, 0x20, 0x81, 0x00,
  0xd9, 0x00, 0xad, 0x00, 0x00, 0x80, 0xfd, 0x00, 0x00, 0x80, 0xf7, 0x00, 0x02, 0x80, 0x00, 0x06,
  0xff, 0x00, 0x00, 0x80, 0xf8, 0x00, 0x03, 0x01, 0x80, 0x00, 0x08, 0xff, 0x00, 0x02, 0x40, 0x00,
  0x04, 0xf7, 0x00, 0x00, 0x08, 0xff, 0x00, 0x00, 0x40, 0xf7, 0x00, 0x00, 0x80, 0xfb, 0x00, 0x00,
  0x08, 0xf4, 0x00, 0x02, 0x08, 0x00, 0x14, 0xf7, 0x00, 0x00, 0x80, 0xff, 0x00, 0x02, 0x02, 0x00,
  0x08, 0xf9, 0x00, 0x02, 0xc0, 0x00, 0x80, 0xff, 0x00, 0x00, 0x02, 0xf7, 0x00, 0x02, 0x80, 0x00,
  0x60, 0xe2, 0x00, 0x00, 0x10, 0xf2, 0x00, 0x00, 0x10, 0xfc, 0x00, 0x00, 0x20, 0xf2, 0x00, 0x00,
  0x04, 0xfb, 0x00, 0x00, 0x20, 0xf9, 0x00, 0x00, 0x0c, 0xfb, 0x00, 0x00, 0x40, 0xff, 0x00, 0x00,
  0x04, 0xff, 0x00, 0x00, 0x80, 0xff, 0x00, 0x00, 0x08, 0xfb, 0x00, 0x00, 0x40, 0xfc, 0x00, 0x00,
  0x80, 0xff, 0x00, 0x00, 0x04, 0xfc, 0x00, 0x01, 0x01, 0x80, 0xf3, 0x00, 0x01, 0x01, 0x80, 0xec,
  0x00, 0x00, 0x80, 0xff, 0x00, 0x00, 0x02, 0xf8, 0x00, 0x00, 0x04, 0xfc, 0x00, 0x00, 0x02, 0xf2,
  0x00, 0x00, 0x02, 0xfc, 0x00, 0x00, 0x02, 0xf8, 0x00, 0x00, 0x02, 0xfc, 0x00, 0x00, 0x02, 0xfe,
  0x00, 0x00, 0x04, 0xfc, 0x00, 0x00, 0x01, 0xf2, 0x00, 0x00, 0x01, 0xf8, 0x00, 0x00, 0x06, 0xfc,
  0x00, 0x00, 0x01, 0xf8, 0x00, 0x00, 0x04, 0xf6, 0x00, 0x00, 0x02, 0xf2, 0x00, 0x00, 0x02, 0xfb,
  0x00, 0x00, 0x40, 0xe9, 0x00, 0x00, 0x02, 0xfe, 0x00, 0x00, 0x04, 0xf6, 0x00, 0x00, 0x02, 0xf2,
  0x00, 0x00, 0x02, 0xfb, 0x00, 0x00, 0x40, 0xe9, 0x00, 0x00, 0x02, 0xde, 0x00, 0x00, 0x08, 0xf2,
  0x00, 0x01, 0x08, 0x40, 0xf7, 0x00, 0x00, 0x01, 0xfc, 0x00, 0x00, 0x01, 0xf1, 0x00, 0x00, 0x60,
  0xf5, 0x00, 0x00, 0x08, 0xf2, 0x00, 0x00, 0x08, 0xff, 0x00, 0x00, 0x40, 0xf8, 0x00, 0x00, 0x40,
  0xfc, 0x00, 0x00, 0x08, 0xf8, 0x00, 0x00, 0x40, 0xfc, 0x00, 0x00, 0x08, 0xff, 0x00, 0x00, 0x08,
  0xd9, 0x00, 0x00, 0x04, 0xfd, 0x00, 0x01, 0x60, 0x01, 0xf8, 0x00, 0x00, 0x38, 0xff, 0x00, 0x03,
  0x01, 0x00, 0x27, 0x80, 0xe9, 0x00, 0x00, 0x01, 0x81, 0x00, 0xd6, 0x00, 0xab, 0x00, 0x00, 0x02,
  0xef, 0x00, 0x00, 0x80, 0xf0, 0x00, 0x00, 0x04, 0xf2, 0x00, 0x00, 0x04, 0xfa, 0x00, 0x00, 0x01,
  0xff, 0x00, 0x00, 0x10, 0xf5, 0x00, 0x00, 0x01, 0xfc, 0x00, 0x02, 0x40, 0x00, 0x10, 0xf7, 0x00,
  0x00, 0xa0, 0xf3, 0x00, 0x00, 0x01, 0xfc, 0x00, 0x00, 0x04, 0xc4, 0x00, 0x00, 0x20, 0xc8, 0x00,
  0x00, 0x80, 0xdf, 0x00, 0x00, 0x02, 0xff, 0x00, 0x00, 0x80, 0xf9, 0x00, 0x00, 0x01, 0xf2, 0x00,
  0x00, 0x01, 0xfb, 0x00, 0x00, 0x80, 0xf5, 0x00, 0x00, 0x02, 0xf2, 0x00, 0x00, 0x02, 0xff, 0x00,
  0x00, 0x80, 0xff, 0x00, 0x00, 0x01, 0xf5, 0x00, 0x00, 0x80, 0xf2, 0x00, 0x00, 0x80, 0xe9, 0x00,
  0x00, 0x02, 0xfe, 0x00, 0x00, 0x02, 0xff, 0x00, 0x00, 0x80, 0xf9, 0x00, 0x00, 0x04, 0xfe, 0x00,
  0x00, 0x04, 0xff, 0x00, 0x00, 0x80, 0xf9, 0x00, 0x00, 0x04, 0xfe, 0x00, 0x00, 0x04, 0xfb, 0x00,
  0x00, 0xc0, 0xf9, 0x00, 0x00, 0x06, 0xfb, 0x00, 0x00, 0xc0, 0xf9, 0x00, 0x00, 0x02, 0xff, 0x00,
  0x00, 0x80, 0xfe, 0x00, 0x00, 0x80, 0xfd, 0x00, 0x00, 0x04, 0xfe, 0x00, 0x00, 0x04, 0xff, 0x00,
  0x00, 0x80, 0xf9, 0x00, 0x00, 0x04, 0xfe, 0x00, 0x00, 0x04, 0xff, 0x00, 0x00, 0x40, 0xe5, 0x00,
  0x00, 0x04, 0xff, 0x00, 0x00, 0x40, 0xf9, 0x00, 0x00, 0x06, 0xfe, 0x00, 0x03, 0x04, 0x08, 0x00,
  0x40, 0xf9, 0x00, 0x00, 0x02, 0xfe, 0x00, 0x03, 0x0a, 0x0c, 0x48, 0x40, 0xff, 0x00, 0x01, 0x01,
  0x40, 0xfd, 0x00, 0x00, 0x02, 0xfe, 0x00, 0x03, 0x0f, 0xc0, 0x00, 0x80, 0xff, 0x00, 0x00, 0x01,
  0xfc, 0x00, 0x00, 0x02, 0xfe, 0x00, 0x02, 0x08, 0x00, 0x01, 0xfe, 0x00, 0x00, 0x03, 0xfc, 0x00,
  0x00, 0x01, 0xf8, 0x00, 0x00, 0x03, 0xfc, 0x00, 0x00, 0x01, 0xeb, 0x00, 0x00, 0x40, 0xf5, 0x00,
  0x00, 0x20, 0xff, 0x00, 0x00, 0x50, 0xff, 0x00, 0x00, 0x0c, 0xf8, 0x00, 0x00, 0x20, 0xff, 0x00,
  0x00, 0x44, 0xff, 0x00, 0x00, 0x08, 0xfb, 0x00, 0x00, 0x20, 0xff, 0x00, 0x00, 0x04, 0xff, 0x00,
  0x00, 0xc4, 0xff, 0x00, 0x00, 0x10, 0xfb, 0x00, 0x00, 0x08, 0xfc, 0x00, 0x00, 0x83, 0xff, 0x00,
  0x00, 0x80, 0xfb, 0x00, 0x00, 0x07, 0xfd, 0x00, 0x00, 0x01, 0xff, 0x80, 0x01, 0x06, 0x80, 0xfb,
  0x00, 0x08, 0x01, 0x80, 0x04, 0x01, 0x00, 0x01, 0x00, 0x10, 0x46, 0xf9, 0x00, 0x07, 0x10, 0x01,
  0x02, 0x48, 0x10, 0x00, 0x02, 0x44, 0xf6, 0x00, 0x01, 0x19, 0x50, 0x81, 0x00, 0xda, 0x00, 0xae,
  0x00, 0x00, 0x01, 0xff, 0x00, 0x02, 0x04, 0x00, 0x02, 0xf2, 0x00, 0x00, 0x02, 0xc6, 0x00, 0x00,
  0x40, 0xfd, 0x00, 0x02, 0x48, 0x00, 0x10, 0xfa, 0x00, 0x00, 0x01, 0xff, 0x00, 0x00, 0x60, 0xff,
  0x00, 0x02, 0x0c, 0x00, 0x06, 0xf4, 0x00, 0x02, 0x1c, 0x00, 0x02, 0xfa, 0x00, 0x00, 0x04, 0xfc,
  0x00, 0x03, 0x08, 0x00, 0x01, 0xc0, 0xfb, 0x00, 0x00, 0x1c, 0xfc, 0x00, 0x00, 0x70, 0xff, 0x00,
  0x00, 0xc0, 0xfb, 0x00, 0x00, 0x18, 0xfc, 0x00, 0x00, 0x20, 0xff, 0x00, 0x00, 0x30, 0xfb, 0x00,
  0x00, 0x10, 0xff, 0x00, 0x00, 0x08, 0xfc, 0x00, 0x00, 0x10, 0xfb, 0x00, 0x00, 0x20, 0xff, 0x00,
  0x00, 0x0a, 0xfc, 0x00, 0x00, 0x18, 0xfb, 0x00, 0x00, 0x40, 0xff, 0x00, 0x00, 0x06, 0xff, 0x00,
  0x00, 0x80, 0xef, 0x00, 0x00, 0x04, 0xe5, 0x00, 0x00, 0x80, 0xef, 0x00, 0x00, 0x01, 0xf8, 0x00,
  0x00, 0x02, 0xfc, 0x00, 0x00, 0x01, 0xfc, 0x00, 0x00, 0x06, 0xfe, 0x00, 0x00, 0x02, 0xfc, 0x00,
  0x00, 0x01, 0xfc, 0x00, 0x00, 0x02, 0xfb, 0x00, 0x00, 0x80, 0xff, 0x00, 0x00, 0x01, 0xec, 0x00,
  0x00, 0x04, 0xf2, 0x00, 0x00, 0x06, 0xf2, 0x00, 0x00, 0x06, 0xfc, 0x00, 0x00, 0x02, 0xfd, 0x00,
  0x00, 0xc0, 0xfd, 0x00, 0x00, 0x04, 0xe7, 0x00, 0x00, 0x80, 0xed, 0x00, 0x00, 0x14, 0xf2, 0x00,
  0x00, 0x04, 0xf7, 0x00, 0x00, 0x40, 0xf2, 0x00, 0x00, 0xc0, 0xf9, 0x00, 0x00, 0x04, 0xfb, 0x00,
  0x00, 0xc0, 0xfd, 0x00, 0x00, 0x04, 0xf7, 0x00, 0x00, 0xc0, 0xfd, 0x00, 0x00, 0x04, 0xfe, 0x00,
  0x00, 0x04, 0xfb, 0x00, 0x00, 0x80, 0xf9, 0x00, 0x01, 0x04, 0x00, 0xff, 0x80, 0xfe, 0x00, 0x00,
  0x80, 0xfd, 0x00, 0x00, 0x04, 0xfe, 0x00, 0x00, 0x02, 0xff, 0x00, 0x00, 0x80, 0xfe, 0x00, 0x00,
  0x80, 0xfd, 0x00, 0x00, 0x10, 0xfc, 0x00, 0x00, 0x01, 0xfd, 0x00, 0x00, 0xc0, 0xed, 0x00, 0x00,
  0x02, 0xe8, 0x00, 0x00, 0x02, 0xec, 0x00, 0x01, 0x01, 0x80, 0xfc, 0x00, 0x00, 0x30, 0xf9, 0x00,
  0x01, 0x01, 0x80, 0xff, 0x00, 0x00, 0x10, 0xfc, 0x00, 0x00, 0x08, 0xfc, 0x00, 0x00, 0x01, 0xfe,
  0x00, 0x00, 0xf0, 0xfc, 0x00, 0x00, 0x04, 0xfc, 0x00, 0x01, 0x01, 0x20, 0xff, 0x00, 0x00, 0xf0,
  0xff, 0x00, 0x00, 0x04, 0xff, 0x00, 0x00, 0x34, 0xfb, 0x00, 0x02, 0x08, 0x00, 0x02, 0xfb, 0x00,
  0x00, 0x60, 0xfb, 0x00, 0x00, 0x06, 0xfd, 0x00, 0x04, 0x01, 0x00, 0xc0, 0x08, 0x40, 0xfb, 0x00,
  0x03, 0x01, 0x2a, 0xb0, 0x02, 0xfe, 0x00, 0x01, 0x24, 0xa0, 0xf9, 0x00, 0x01, 0x32, 0x30, 0xff,
  0x00, 0x03, 0x90, 0x00, 0x04, 0x40, 0x81, 0x00, 0xdd, 0x00, 0xab, 0x00, 0x02, 0x06, 0x00, 0x02,
  0xf4, 0x00, 0x02, 0x04, 0x00, 0x04, 0xf7, 0x00, 0x00, 0x01, 0xfc, 0x00, 0x00, 0x80, 0xe8, 0x00,
  0x00, 0x01, 0xfa, 0x00, 0x00, 0x08, 0xf4, 0x00, 0x02, 0x2a, 0x00, 0x08, 0xfa, 0x00, 0x03, 0x01,
  0x00, 0x01, 0x20, 0xff, 0x00, 0x02, 0x04, 0x00, 0x02, 0xf4, 0x00, 0x02, 0x04, 0x00, 0x02, 0xfa,
  0x00, 0x00, 0x04, 0xf9, 0x00, 0x00, 0x80, 0xfb, 0x00, 0x00, 0x08, 0xfc, 0x00, 0x00, 0x40, 0xf5,
  0x00, 0x00, 0x10, 0xfc, 0x00, 0x00, 0x20, 0xf8, 0x00, 0x00, 0x08, 0xf5, 0x00, 0x00, 0x20, 0xff,
  0x00, 0x00, 0x0a, 0xff, 0x00, 0x00, 0x40, 0xff, 0x00, 0x00, 0x08, 0xf8, 0x00, 0x00, 0x06, 0xff,
  0x00, 0x00, 0x80, 0xf5, 0x00, 0x00, 0x04, 0xf2, 0x00, 0x00, 0x04, 0xf2, 0x00, 0x00, 0x04, 0xec,
  0x00, 0x00, 0x01, 0xec, 0x00, 0x00, 0x02, 0xf2, 0x00, 0x00, 0x02, 0xfc, 0x00, 0x00, 0x02, 0xd4,
  0x00, 0x00, 0x02, 0xfb, 0x00, 0x00, 0x40, 0xe9, 0x00, 0x00, 0x06, 0xfb, 0x00, 0x00, 0x40, 0xf9,
  0x00, 0x00, 0x04, 0xfb, 0x00, 0x00, 0x40, 0xf9, 0x00, 0x00, 0x04, 0xe2, 0x00, 0x00, 0x06, 0xf2,
  0x00, 0x00, 0x04, 0xef, 0x00, 0x00, 0x40, 0xe2, 0x00, 0x00, 0x80, 0xfe, 0x00, 0x00, 0x40, 0xf9,
  0x00, 0x01, 0x04, 0x02, 0xfc, 0x00, 0x00, 0x40, 0xf9, 0x00, 0x03, 0x06, 0x00, 0x10, 0xc0, 0xf3,
  0x00, 0x00, 0x01, 0xfd, 0x00, 0x00, 0xc0, 0xed, 0x00, 0x00, 0x04, 0xdb, 0x00, 0x00, 0x10, 0xe2,
  0x00, 0x00, 0x40, 0xf9, 0x00, 0x01, 0x01, 0x40, 0xfc, 0x00, 0x00, 0xc0, 0xf9, 0x00, 0x00, 0x01,
  0xfe, 0x00, 0x03, 0xf0, 0x00, 0x01, 0x05, 0xff, 0x00, 0x00, 0x34, 0xf8, 0x00, 0x02, 0x02, 0x00,
  0x01, 0xfe, 0x00, 0x00, 0x20, 0xfb, 0x00, 0x08, 0x02, 0x00, 0x04, 0x01, 0x00, 0x01, 0x00, 0xc0,
  0x08, 0xf9, 0x00, 0x02, 0xc4, 0x01, 0x03, 0xfe, 0x00, 0x01, 0x04, 0x80, 0xfa, 0x00, 0x08, 0x01,
  0x22, 0x30, 0x00, 0x11, 0xc0, 0x00, 0x04, 0x40, 0x81, 0x00, 0xdd, 0x00, 0x8e, 0x00, 0x00, 0x01,
  0xe2, 0x00, 0x00, 0x01, 0xf2, 0x00, 0x00, 0x02, 0xfc, 0x00, 0x02, 0x02, 0x00, 0x08, 0xf8, 0x00,
  0x00, 0x01, 0xfe, 0x00, 0x00, 0x05, 0xf8, 0x00, 0x00, 0x01, 0xfc, 0x00, 0x00, 0x04, 0xf2, 0x00,
  0x00, 0x28, 0xc5, 0x00, 0x00, 0x02, 0xf5, 0x00, 0x00, 0x40, 0xcd, 0x00, 0x00, 0x02, 0xe8, 0x00,
  0x00, 0x02, 0xf2, 0x00, 0x00, 0x02, 0xf2, 0x00, 0x00, 0x02, 0xde, 0x00, 0x00, 0x02, 0xe2, 0x00,
  0x00, 0x04, 0xeb, 0x00, 0x00, 0xc0, 0xf2, 0x00, 0x00, 0x80, 0xf9, 0x00, 0x00, 0x02, 0xfb, 0x00,
  0x00, 0x80, 0xf9, 0x00, 0x00, 0x04, 0xeb, 0x00, 0x00, 0x40, 0xdd, 0x00, 0x00, 0x04, 0xf2, 0x00,
  0x00, 0x04, 0xf7, 0x00, 0x00, 0x40, 0xf9, 0x00, 0x00, 0x04, 0xfb, 0x00, 0x00, 0x80, 0xfd, 0x00,
  0x00, 0x04, 0xfe, 0x00, 0x02, 0x06, 0x30, 0x48, 0xfd, 0x00, 0x00, 0x80, 0xfd, 0x00, 0x00, 0x10,
  0xfe, 0x00, 0x00, 0x01, 0xf0, 0x00, 0x00, 0x01, 0xdd, 0x00, 0x00, 0x40, 0xe9, 0x00, 0x00, 0x08,
  0xf2, 0x00, 0x00, 0x08, 0xff, 0x00, 0x00, 0x20, 0xf5, 0x00, 0x00, 0x70, 0xff, 0x00, 0x00, 0x20,
  0xff, 0x00, 0x00, 0x08, 0xfb, 0x00, 0x00, 0x40, 0xf2, 0x00, 0x03, 0x10, 0x00, 0x01, 0x04, 0xf5,
  0x00, 0x00, 0x04, 0xfa, 0x00, 0x00, 0x08, 0xf7, 0x00, 0x00, 0x02, 0xfe, 0x00, 0x01, 0x04, 0x20,
  0xf7, 0x00, 0x02, 0x02, 0x20, 0xc0, 0xf3, 0x00, 0x00, 0x08, 0x81, 0x00, 0xe9, 0x00, 0xab, 0x00,
  0x00, 0x02, 0xff, 0x00, 0x00, 0x80, 0xe2, 0x00, 0x00, 0x40, 0xf2, 0x00, 0x02, 0x40, 0x00, 0x08,
  0xf9, 0x00, 0x02, 0x80, 0x00, 0x40, 0xff, 0x00, 0x00, 0x10, 0xf8, 0x00, 0x00, 0x02, 0xff, 0x00,
  0x00, 0x40, 0xf5, 0x00, 0x00, 0x01, 0xff, 0x00, 0x00, 0xc0, 0xff, 0x00, 0x00, 0x09, 0xf2, 0x00,
  0x02, 0x18, 0x00, 0x03, 0xf7, 0x00, 0x00, 0x40, 0xff, 0x00, 0x00, 0x20, 0xe5, 0x00, 0x00, 0x10,
  0xe2, 0x00, 0x00, 0x0a, 0xf5, 0x00, 0x00, 0x40, 0xe3, 0x00, 0x00, 0x01, 0xfe, 0x00, 0x00, 0x04,
  0xf2, 0x00, 0x00, 0x04, 0xec, 0x00, 0x00, 0x03, 0xec, 0x00, 0x00, 0x02, 0xf2, 0x00, 0x00, 0x02,
  0x9e, 0x00, 0x00, 0x04, 0xfb, 0x00, 0x00, 0x80, 0xf9, 0x00, 0x00, 0x05, 0xfb, 0x00, 0x00, 0x80,
  0xf9, 0x00, 0x00, 0x05, 0xf2, 0x00, 0x00, 0x04, 0xfb, 0x00, 0x00, 0x40, 0xf9, 0x00, 0x00, 0x04,
  0xe6, 0x00, 0x00, 0x04, 0xfe, 0x00, 0x00, 0x06, 0xf6, 0x00, 0x00, 0x04, 0xfe, 0x00, 0x00, 0x04,
  0xf2, 0x00, 0x00, 0x04, 0xfb, 0x00, 0x00, 0x80, 0xfd, 0x00, 0x00, 0x04, 0xfe, 0x00, 0x02, 0x07,
  0x00, 0x18, 0xfd, 0x00, 0x00, 0x80, 0xfd, 0x00, 0x00, 0x14, 0xfe, 0x00, 0x02, 0x01, 0x00, 0x01,
  0xfd, 0x00, 0x00, 0x80, 0xf7, 0x00, 0x00, 0x01, 0xfd, 0x00, 0x00, 0x80, 0xf2, 0x00, 0x00, 0x40,
  0xfd, 0x00, 0x00, 0x02, 0xeb, 0x00, 0x00, 0x10, 0xf9, 0x00, 0x00, 0x02, 0xfb, 0x00, 0x00, 0x10,
  0xf5, 0x00, 0x00, 0x08, 0xf6, 0x00, 0x01, 0x01, 0x80, 0xff, 0x00, 0x00, 0x30, 0xff, 0x00, 0x00,
  0xe0, 0xf9, 0x00, 0x01, 0x01, 0x80, 0xff, 0x00, 0x01, 0x84, 0x00, 0xff, 0x01, 0xff, 0x00, 0x00,
  0x30, 0xfb, 0x00, 0x00, 0x20, 0xfd, 0x00, 0xff, 0x01, 0xff, 0x00, 0x00, 0x30, 0xfb, 0x00, 0x02,
  0x04, 0x00, 0x04, 0xff, 0x00, 0x00, 0x04, 0xff, 0x00, 0x00, 0x01, 0xf8, 0x00, 0x02, 0x40, 0x01,
  0x40, 0xfe, 0x00, 0x01, 0xba, 0x44, 0xfa, 0x00, 0x00, 0x06, 0xff, 0x00, 0xff, 0x20, 0x81, 0x00,
  0xda, 0x00, 0xae, 0x00, 0x00, 0x01, 0xfc, 0x00, 0x00, 0x80, 0xf3, 0x00, 0x00, 0x06, 0xf1, 0x00,
  0x00, 0x80, 0xf0, 0x00, 0x00, 0x08, 0xf9, 0x00, 0x02, 0x80, 0x00, 0x50, 0xff, 0x00, 0x00, 0x20,
  0xf5, 0x00, 0x00, 0x40, 0xf2, 0x00, 0x00, 0xc0, 0xff, 0x00, 0x00, 0x08, 0xf5, 0x00, 0x00, 0x40,
  0xff, 0x00, 0x00, 0x08, 0xf8, 0x00, 0x00, 0x10, 0xff, 0x00, 0x00, 0x40, 0xff, 0x00, 0x00, 0x20,
  0xff, 0x00, 0x00, 0x80, 0xf5, 0x00, 0x00, 0x10, 0xf5, 0x00, 0x00, 0x10, 0xf2, 0x00, 0x00, 0x08,
  0xf2, 0x00, 0x00, 0x02, 0xf6, 0x00, 0x01, 0x01, 0x40, 0xff, 0x00, 0x00, 0x06, 0xf2, 0x00, 0x00,
  0x04, 0xf6, 0x00, 0x01, 0x01, 0x80, 0xc3, 0x00, 0x00, 0x02, 0xce, 0x00, 0x00, 0x06, 0xf2, 0x00,
  0x00, 0x02, 0xfb, 0x00, 0x00, 0x80, 0xf9, 0x00, 0x00, 0x04, 0xf2, 0x00, 0x00, 0x04, 0xfb, 0x00,
  0x00, 0x40, 0xf2, 0x00, 0x00, 0x40, 0xf9, 0x00, 0x00, 0x03, 0xff, 0x00, 0x00, 0x40, 0xf5, 0x00,
  0x00, 0x01, 0xef, 0x00, 0x00, 0x40, 0xe2, 0x00, 0x00, 0x40, 0xf5, 0x00, 0x00, 0x06, 0xff, 0x00,
  0x00, 0x40, 0xf2, 0x00, 0x00, 0x40, 0xfe, 0x00, 0x00, 0x40, 0xf7, 0x00, 0x00, 0x80, 0xfd, 0x00,
  0x00, 0x40, 0xf9, 0x00, 0x03, 0x07, 0x00, 0x10, 0x80, 0xf9, 0x00, 0x00, 0x04, 0xfe, 0x00, 0x00,
  0x0c, 0xfb, 0x00, 0x00, 0x40, 0xf2, 0x00, 0x00, 0x80, 0xf2, 0x00, 0x00, 0x40, 0xfd, 0x00, 0x00,
  0x02, 0xe8, 0x00, 0x01, 0x02, 0x40, 0xfd, 0x00, 0x00, 0x02, 0xfe, 0x00, 0x00, 0x08, 0xff, 0x00,
  0x00, 0x10, 0xe8, 0x00, 0x00, 0x40, 0xff, 0x00, 0x00, 0x44, 0xf5, 0x00, 0x00, 0xc0, 0xff, 0x00,
  0x00, 0x84, 0xff, 0x00, 0x00, 0x44, 0xf8, 0x00, 0x00, 0x20, 0xff, 0x00, 0x01, 0x06, 0x00, 0xff,
  0x01, 0xff, 0x00, 0x00, 0x10, 0xfb, 0x00, 0x00, 0x02, 0xff, 0x00, 0x02, 0x01, 0x80, 0x04, 0xff,
  0x00, 0x00, 0x01, 0xf5, 0x00, 0x04, 0x10, 0x02, 0x00, 0x18, 0x44, 0xfa, 0x00, 0x02, 0x06, 0x10,
  0x02, 0xff, 0x20, 0xf3, 0x00, 0x00, 0x08, 0x81, 0x00, 0xe9, 0x00, 0xa8, 0x00, 0x00, 0x80, 0xf5,
  0x00, 0x00, 0x08, 0xdf, 0x00, 0x02, 0x20, 0x00, 0x04, 0xfa, 0x00, 0x00, 0x01, 0xfa, 0x00, 0x00,
  0x08, 0xfa, 0x00, 0x03, 0x02, 0x40, 0x00, 0x80, 0xff, 0x00, 0x00, 0x48, 0xf2, 0x00, 0x02, 0x04,
  0x00, 0x04, 0xfa, 0x00, 0x00, 0x01, 0xfc, 0x00, 0x00, 0x0c, 0xf8, 0x00, 0x00, 0x12, 0xfc, 0x00,
  0x00, 0x08, 0xf8, 0x00, 0x00, 0x10, 0xf2, 0x00, 0x00, 0x18, 0xff, 0x00, 0x00, 0x10, 0xfc, 0x00,
  0x00, 0x20, 0xec, 0x00, 0x01, 0x01, 0x20, 0xff, 0x00, 0x00, 0x02, 0xff, 0x00, 0x00, 0x40, 0xff,
  0x00, 0x00, 0x08, 0xf8, 0x00, 0x00, 0x02, 0xe5, 0x00, 0x00, 0x80, 0xe9, 0x00, 0x00, 0x02, 0xec,
  0x00, 0x00, 0x02, 0xfe, 0x00, 0x00, 0x02, 0xf6, 0x00, 0x00, 0x06, 0xf7, 0x00, 0x00, 0x40, 0xfd,
  0x00, 0x00, 0x02, 0xfc, 0x00, 0x01, 0x02, 0x80, 0xfe, 0x00, 0x00, 0xc0, 0xf2, 0x00, 0x00, 0x80,
  0xf9, 0x00, 0x00, 0x04, 0xfb, 0x00, 0x00, 0x80, 0xed, 0x00, 0x00, 0x04, 0xee, 0x00, 0x00, 0x02,
  0xeb, 0x00, 0x00, 0x40, 0xf9, 0x00, 0x00, 0x02, 0xff, 0x00, 0x00, 0xc0, 0xf9, 0x00, 0x00, 0x08,
  0xf2, 0x00, 0x00, 0x18, 0xfb, 0x00, 0x00, 0x40, 0xe5, 0x00, 0x00, 0x07, 0xf2, 0x00, 0x00, 0x07,
  0xff, 0x00, 0x00, 0x40, 0xf2, 0x00, 0x00, 0xc0, 0xf4, 0x00, 0x02, 0x0a, 0x00, 0x80, 0xfe, 0x00,
  0x00, 0x40, 0xf9, 0x00, 0x03, 0x07, 0x30, 0x5c, 0xc0, 0xf5, 0x00, 0x00, 0x0c, 0xeb, 0x00, 0x00,
  0x80, 0xe3, 0x00, 0x00, 0x01, 0xf2, 0x00, 0x01, 0x01, 0x40, 0xf6, 0x00, 0x00, 0x10, 0xff, 0x00,
  0x00, 0x02, 0xf5, 0x00, 0x00, 0x50, 0xff, 0x00, 0x00, 0x02, 0xfb, 0x00, 0x00, 0x40, 0xff, 0x00,
  0x00, 0x04, 0xf2, 0x00, 0x00, 0x30, 0xff, 0x00, 0x00, 0x40, 0xff, 0x00, 0x00, 0x0c, 0xf6, 0x00,
  0xff, 0x01, 0xf6, 0x00, 0x07, 0x02, 0x01, 0x80, 0x01, 0x00, 0xc0, 0x01, 0xa0, 0xf9, 0x00, 0x00,
  0x01, 0xff, 0x00, 0x00, 0x10, 0xff, 0x00, 0x01, 0x18, 0x40, 0xfa, 0x00, 0x03, 0x2a, 0x20, 0x02,
  0x31, 0xff, 0x00, 0x01, 0x20, 0x66, 0x81, 0x00, 0xdd, 0x00, 0xae, 0x00, 0x00, 0x01, 0xff, 0x00,
  0x05, 0x04, 0x00, 0x02, 0x80, 0x00, 0x02, 0xfa, 0x00, 0x00, 0x02, 0xff, 0x00, 0x02, 0x0c, 0x00,
  0x02, 0xff, 0x00, 0x00, 0x02, 0xfa, 0x00, 0x00, 0x02, 0xff, 0x00, 0x00, 0x02, 0xff, 0x00, 0x02,
  0x40, 0x00, 0x03, 0xf4, 0x00, 0x02, 0x60, 0x00, 0x06, 0xfa, 0x00, 0x00, 0x01, 0xff, 0x00, 0x00,
  0x08, 0xff, 0x00, 0x00, 0x30, 0xf7, 0x00, 0x02, 0xc0, 0x00, 0x80, 0xff, 0x00, 0x00, 0x20, 0xf8,
  0x00, 0x03, 0x02, 0x80, 0x00, 0x30, 0xff, 0x00, 0x03, 0x34, 0x00, 0x07, 0x80, 0xfb, 0x00, 0x00,
  0x03, 0xff, 0x00, 0x00, 0x20, 0xff, 0x00, 0x00, 0x1c, 0xff, 0x00, 0x00, 0x80, 0xfb, 0x00, 0x00,
  0x04, 0xff, 0x00, 0x00, 0x10, 0xff, 0x00, 0x00, 0x30, 0xf8, 0x00, 0x00, 0x18, 0xff, 0x00, 0x00,
  0x10, 0xff, 0x00, 0x00, 0x10, 0xf8, 0x00, 0x00, 0x18, 0xff, 0x00, 0x00, 0x08, 0xff, 0x00, 0x00,
  0x40, 0xff, 0x00, 0x00, 0x08, 0xfb, 0x00, 0x00, 0x20, 0xfc, 0x00, 0x00, 0x40, 0xff, 0x00, 0x00,
  0x04, 0xfb, 0x00, 0x00, 0x40, 0xff, 0x00, 0x00, 0x04, 0xf5, 0x00, 0x00, 0x40, 0xf3, 0x00, 0x01,
  0x01, 0x80, 0xfd, 0x00, 0x00, 0x01, 0xfe, 0x00, 0x00, 0x02, 0xf8, 0x00, 0x02, 0x02, 0x00, 0x01,
  0xfe, 0x00, 0x00, 0x03, 0xf2, 0x00, 0x00, 0x01, 0xfc, 0x00, 0x00, 0x02, 0xfc, 0x00, 0x00, 0x02,
  0xfd, 0x00, 0x00, 0x80, 0xfd, 0x00, 0x00, 0x02, 0xfe, 0x00, 0x02, 0x02, 0x00, 0x01, 0xfd, 0x00,
  0x00, 0x80, 0xfd, 0x00, 0x00, 0x06, 0xfc, 0x00, 0x00, 0x01, 0xfd, 0x00, 0x00, 0x80, 0xfd, 0x00,
  0x00, 0x14, 0xfc, 0x00, 0x01, 0x03, 0x80, 0xf9, 0x00, 0x00, 0x10, 0xfc, 0x00, 0x00, 0x02, 0xfd,
  0x00, 0x00, 0x40, 0xf7, 0x00, 0x00, 0x01, 0xfd, 0x00, 0x00, 0x40, 0xf9, 0x00, 0x00, 0x02, 0xf6,
  0x00, 0x00, 0x0c, 0xec, 0x00, 0x00, 0x02, 0xf2, 0x00, 0x00, 0x01, 0xe2, 0x00, 0x00, 0x02, 0xf4,
  0x00, 0x00, 0x02, 0xf6, 0x00, 0x00, 0x08, 0xee, 0x00, 0x00, 0x01, 0xf6, 0x00, 0x00, 0x08, 0xfe,
  0x00, 0x02, 0x01, 0x00, 0x02, 0xf8, 0x00, 0x00, 0x08, 0xfe, 0x00, 0x00, 0x02, 0xff, 0x00, 0x00,
  0x80, 0xf5, 0x00, 0x03, 0x02, 0x00, 0xe1, 0x80, 0xf4, 0x00, 0x02, 0x38, 0x09, 0x80, 0xf9, 0x00,
  0x00, 0x0c, 0xf2, 0x00, 0x00, 0x0c, 0xe7, 0x00, 0x00, 0x80, 0xfd, 0x00, 0x00, 0x02, 0xf7, 0x00,
  0x00, 0x80, 0xfd, 0x00, 0x00, 0x02, 0xe8, 0x00, 0x00, 0x01, 0xdb, 0x00, 0x00, 0xc0, 0xff, 0x00,
  0x00, 0xc0, 0xff, 0x00, 0x00, 0x60, 0xf8, 0x00, 0x00, 0x20, 0xff, 0x00, 0x00, 0x82, 0xfc, 0x00,
  0x00, 0x10, 0xfb, 0x00, 0x03, 0x38, 0x00, 0x01, 0x03, 0xff, 0x00, 0x00, 0x80, 0xff, 0x00, 0x00,
  0x2c, 0xfb, 0x00, 0x07, 0x1a, 0x00, 0x02, 0x00, 0x40, 0x0c, 0x00, 0x49, 0xf9, 0x00, 0x09, 0x02,
  0x84, 0x82, 0x02, 0x00, 0x12, 0x00, 0x46, 0x80, 0x40, 0xf7, 0x00, 0x00, 0x08, 0x81, 0x00, 0xe9,
  0x00, 0x99, 0x00, 0x00, 0x04, 0xf1, 0x00, 0x02, 0x40, 0x00, 0x01, 0xfa, 0x00, 0x00, 0x01, 0xea,
  0x00, 0x01, 0x02, 0x40, 0xf8, 0x00, 0x00, 0x10, 0xfd, 0x00, 0x01, 0x02, 0x40, 0xf5, 0x00, 0x00,
  0x20, 0xe8, 0x00, 0x00, 0x10, 0xfc, 0x00, 0x00, 0x20, 0xff, 0x00, 0x00, 0x20, 0xfb, 0x00, 0x00,
  0x20, 0xfc, 0x00, 0x00, 0x40, 0xff, 0x00, 0x00, 0x20, 0xfb, 0x00, 0x00, 0x20, 0xf2, 0x00, 0x00,
  0x40, 0xf9, 0x00, 0x00, 0x0c, 0xfb, 0x00, 0x00, 0x80, 0xf2, 0x00, 0x00, 0x80, 0xff, 0x00, 0x00,
  0x02, 0xff, 0x00, 0x00, 0x80, 0xf5, 0x00, 0x00, 0x02, 0xf6, 0x00, 0x00, 0x01, 0xe7, 0x00, 0x00,
  0x80, 0xed, 0x00, 0x00, 0x04, 0xe2, 0x00, 0x00, 0x18, 0xf2, 0x00, 0x00, 0x0c, 0xf2, 0x00, 0x00,
  0x08, 0xfe, 0x00, 0x00, 0x02, 0xf0, 0x00, 0x00, 0x01, 0xf8, 0x00, 0x00, 0x10, 0xf2, 0x00, 0x00,
  0x18, 0xf7, 0x00, 0x00, 0x20, 0xfd, 0x00, 0x00, 0x08, 0xfe, 0x00, 0x00, 0x02, 0xfb, 0x00, 0x00,
  0x20, 0xfd, 0x00, 0x00, 0x08, 0xf7, 0x00, 0x00, 0x20, 0xf6, 0x00, 0x00, 0x80, 0xfe, 0x00, 0x00,
  0x20, 0xf7, 0x00, 0x00, 0x02, 0xfd, 0x00, 0x00, 0x10, 0xf9, 0x00, 0x02, 0x02, 0x00, 0x01, 0xf8,
  0x00, 0x00, 0x08, 0xfc, 0x00, 0x01, 0x01, 0x80, 0xf9, 0x00, 0x00, 0x10, 0xfc, 0x00, 0x01, 0x01,
  0x80, 0xf9, 0x00, 0x00, 0x10, 0xfe, 0x00, 0x02, 0x01, 0x00, 0xa1, 0xf8, 0x00, 0x00, 0x08, 0xfe,
  0x00, 0x02, 0x01, 0x8d, 0x18, 0xfd, 0x00, 0x00, 0x20, 0xf8, 0x00, 0x00, 0x78, 0xcc, 0x00, 0x00,
  0x40, 0xdd, 0x00, 0x00, 0x02, 0xf2, 0x00, 0x00, 0x06, 0xf8, 0x00, 0x00, 0x01, 0xf8, 0x00, 0x00,
  0x08, 0xff, 0x00, 0x00, 0x18, 0xf5, 0x00, 0x00, 0x0c, 0xf5, 0x00, 0x00, 0x40, 0xff, 0x00, 0x00,
  0x5c, 0xfc, 0x00, 0x00, 0x08, 0xfb, 0x00, 0x00, 0x40, 0xff, 0x00, 0x03, 0xcc, 0x00, 0x01, 0x63,
  0xff, 0x00, 0x00, 0x30, 0xfb, 0x00, 0x02, 0x08, 0x00, 0x0c, 0xfd, 0x00, 0x02, 0x10, 0x00, 0x80,
  0xfb, 0x00, 0x07, 0x10, 0x40, 0x48, 0x01, 0x40, 0x08, 0x00, 0x09, 0xf8, 0x00, 0x00, 0x04, 0xff,
  0x00, 0x01, 0x05, 0x80, 0xf3, 0x00, 0x00, 0x08, 0x81, 0x00, 0xf9, 0x00, 0xa9, 0x00, 0x00, 0x02,
  0xf1, 0x00, 0x02, 0x80, 0x00, 0x02, 0xf7, 0x00, 0x03, 0x04, 0x00, 0x02, 0x40, 0xf5, 0x00, 0x00,
  0x04, 0xf2, 0x00, 0x00, 0x08, 0xff, 0x00, 0x00, 0x40, 0xf2, 0x00, 0x00, 0x10, 0xf2, 0x00, 0x00,
  0x20, 0xf8, 0x00, 0x00, 0x04, 0xec, 0x00, 0x00, 0x40, 0xff, 0x00, 0x00, 0x20, 0xe2, 0x00, 0x00,
  0x08, 0xe8, 0x00, 0x00, 0x02, 0xff, 0x00, 0x00, 0x80, 0xc9, 0x00, 0x00, 0x08, 0xec, 0x00, 0x00,
  0x01, 0xd2, 0x00, 0x00, 0x04, 0xf2, 0x00, 0x00, 0x01, 0xf8, 0x00, 0x00, 0x08, 0xdb, 0x00, 0x00,
  0x80, 0xee, 0x00, 0x00, 0x20, 0xfd, 0x00, 0x00, 0x08, 0xf7, 0x00, 0x00, 0x20, 0xfd, 0x00, 0x00,
  0x08, 0xfe, 0x00, 0x00, 0x01, 0xfb, 0x00, 0x00, 0x20, 0xf2, 0x00, 0x00, 0x20, 0xf7, 0x00, 0x00,
  0x02, 0xfd, 0x00, 0x00, 0x10, 0xfd, 0x00, 0x00, 0x10, 0xfe, 0x00, 0x00, 0x02, 0xf0, 0x00, 0x00,
  0x03, 0xf2, 0x00, 0x00, 0x01, 0xf4, 0x00, 0x02, 0x01, 0x00, 0xa0, 0xf4, 0x00, 0x02, 0x01, 0x42,
  0x34, 0xfd, 0x00, 0x00, 0x20, 0xf8, 0x00, 0x00, 0x80, 0xf7, 0x00, 0x00, 0x10, 0xe7, 0x00, 0x00,
  0x40, 0xb2, 0x00, 0x00, 0x80, 0xe9, 0x00, 0x00, 0x08, 0xfc, 0x00, 0x00, 0x08, 0xf5, 0x00, 0x00,
  0x06, 0xff, 0x00, 0x00, 0x08, 0xf8, 0x00, 0x03, 0xc4, 0x00, 0x01, 0x20, 0xff, 0x00, 0x00, 0x04,
  0xe9, 0x00, 0x06, 0x09, 0x02, 0x00, 0x04, 0x00, 0x01, 0x82, 0xe9, 0x00, 0x00, 0x0c, 0x81, 0x00,
  0xf6, 0x00, 0xae, 0x00, 0x00, 0x02, 0xdc, 0x00, 0x02, 0x80, 0x00, 0x02, 0xfa, 0x00, 0x00, 0x02,
  0xfd, 0x00, 0x01, 0x01, 0x80, 0xf5, 0x00, 0x00, 0x0a, 0xf2, 0x00, 0x00, 0x02, 0xf2, 0x00, 0x00,
  0x02, 0xf2, 0x00, 0x00, 0x10, 0xf5, 0x00, 0x00, 0x08, 0xf9, 0x00, 0x00, 0x24, 0xf2, 0x00, 0x00,
  0x04, 0xf5, 0x00, 0x00, 0x80, 0xff, 0x00, 0x00, 0x08, 0xfb, 0x00, 0x00, 0x80, 0xff, 0x00, 0x03,
  0x04, 0x00, 0x01, 0x80, 0xff, 0x00, 0x00, 0x04, 0xf6, 0x00, 0x00, 0x03, 0xfd, 0x00, 0x00, 0x40,
  0xf7, 0x00, 0x00, 0x01, 0xee, 0x00, 0x00, 0x01, 0xe6, 0x00, 0x00, 0x01, 0xfd, 0x00, 0x00, 0x40,
  0xf2, 0x00, 0x00, 0x40, 0xe7, 0x00, 0x00, 0x02, 0xd8, 0x00, 0x00, 0x08, 0xf2, 0x00, 0x00, 0x08,
  0xec, 0x00, 0x00, 0x01, 0xfd, 0x00, 0x00, 0x20, 0xf2, 0x00, 0x00, 0x30, 0xfd, 0x00, 0x00, 0x18,
  0xfe, 0x00, 0x00, 0x01, 0xfb, 0x00, 0x00, 0x30, 0xfd, 0x00, 0x00, 0x18, 0xfc, 0x00, 0x00, 0x01,
  0xfd, 0x00, 0x00, 0x20, 0xf9, 0x00, 0x02, 0x01, 0x00, 0x01, 0xfd, 0x00, 0x00, 0x20, 0xf7, 0x00,
  0x00, 0x01, 0xfd, 0x00, 0x00, 0x30, 0xf9, 0x00, 0x00, 0x02, 0xfb, 0x00, 0x00, 0x30, 0xfd, 0x00,
  0x00, 0x10, 0xfc, 0x00, 0x00, 0x01, 0xfd, 0x00, 0x00, 0x20, 0xf9, 0x00, 0x02, 0x01, 0x00, 0x01,
  0xfd, 0x00, 0x00, 0x20, 0xf9, 0x00, 0x02, 0x01, 0x42, 0xea, 0xfd, 0x00, 0x00, 0x30, 0xf9, 0x00,
  0x02, 0x01, 0x30, 0x32, 0xfd, 0x00, 0x00, 0x30, 0xed, 0x00, 0x00, 0x10, 0xd2, 0x00, 0x00, 0x04,
  0xf2, 0x00, 0x00, 0x1c, 0xf7, 0x00, 0x00, 0x40, 0xfd, 0x00, 0x00, 0x04, 0xce, 0x00, 0x00, 0x08,
  0xff, 0x00, 0x00, 0x18, 0xff, 0x00, 0x00, 0x08, 0xfb, 0x00, 0x00, 0x80, 0xff, 0x00, 0x00, 0x20,
  0xff, 0x00, 0x00, 0x08, 0xff, 0x00, 0x00, 0x08, 0xf8, 0x00, 0x00, 0xc4, 0xfc, 0x00, 0x00, 0x08,
  0xfb, 0x00, 0x00, 0x0c, 0xff, 0x00, 0x01, 0x02, 0x80, 0xfe, 0x00, 0x01, 0x01, 0x04, 0xfb, 0x00,
  0x08, 0x04, 0x00, 0x01, 0x00, 0x80, 0x00, 0x02, 0x41, 0x8c, 0xf9, 0x00, 0x00, 0x01, 0xff, 0x00,
  0x04, 0x12, 0x48, 0x00, 0x02, 0x80, 0xf9, 0x00, 0x01, 0x03, 0x80, 0xff, 0x00, 0x00, 0x88, 0x81,
  0x00, 0xfa, 0x00, 0xae, 0x00, 0x00, 0x04, 0xfd, 0x00, 0x00, 0x03, 0xfe, 0x00, 0x00, 0x40, 0xf6,
  0x00, 0x00, 0x05, 0xfe, 0x00, 0x00, 0xc0, 0xf6, 0x00, 0x00, 0x01, 0xff, 0x00, 0x00, 0x03, 0xfa,
  0x00, 0x00, 0x04, 0xfa, 0x00, 0x00, 0x01, 0xfa, 0x00, 0x00, 0x06, 0xe2, 0x00, 0x00, 0x04, 0xff,
  0x00, 0x00, 0x0a, 0xfc, 0x00, 0x00, 0x40, 0xfb, 0x00, 0x00, 0x08, 0xff, 0x00, 0x00, 0x08, 0xff,
  0x00, 0x00, 0x20, 0xff, 0x00, 0x00, 0x40, 0xe2, 0x00, 0x00, 0x18, 0xfb, 0x00, 0x00, 0x60, 0xf9,
  0x00, 0x00, 0x04, 0xfb, 0x00, 0x00, 0x80, 0xdd, 0x00, 0x00, 0x01, 0xf8, 0x00, 0x00, 0x02, 0xfe,
  0x00, 0x00, 0x01, 0xf6, 0x00, 0x00, 0x06, 0xfe, 0x00, 0x00, 0x01, 0xf6, 0x00, 0x00, 0x0e, 0xee,
  0x00, 0x00, 0x01, 0xf2, 0x00, 0x02, 0x01, 0x00, 0x02, 0xfd, 0x00, 0x00, 0x80, 0xf9, 0x00, 0x00,
  0x01, 0xf2, 0x00, 0x00, 0x01, 0xf2, 0x00, 0x00, 0x01, 0xf2, 0x00, 0x02, 0x01, 0x80, 0x02, 0xfd,
  0x00, 0x00, 0x20, 0xf8, 0x00, 0x01, 0x80, 0x02, 0xf2, 0x00, 0x00, 0x01, 0xfd, 0x00, 0x00, 0x20,
  0xd7, 0x00, 0x00, 0x01, 0xfd, 0x00, 0x00, 0x20, 0xf7, 0x00, 0x00, 0x01, 0xfd, 0x00, 0x00, 0x20,
  0xf7, 0x00, 0x00, 0x01, 0xcd, 0x00, 0x00, 0x20, 0xf7, 0x00, 0x00, 0x20, 0xf8, 0x00, 0x00, 0x10,
  0xf2, 0x00, 0x00, 0x18, 0xe2, 0x00, 0x00, 0x10, 0xe2, 0x00, 0x00, 0x08, 0xf2, 0x00, 0x00, 0x10,
  0xd8, 0x00, 0x01, 0x02, 0x80, 0xf2, 0x00, 0x00, 0x40, 0xf6, 0x00, 0x00, 0x10, 0xff, 0x00, 0x00,
  0x08, 0xfb, 0x00, 0x00, 0x80, 0xfc, 0x00, 0x00, 0x08, 0xf5, 0x00, 0x03, 0x30, 0x00, 0x01, 0x40,
  0xff, 0x00, 0x00, 0x20, 0xfb, 0x00, 0x00, 0x10, 0xf3, 0x00, 0x03, 0x01, 0x08, 0x00, 0x09, 0xff,
  0x00, 0x00, 0x02, 0xff, 0x00, 0x01, 0x24, 0x80, 0xfa, 0x00, 0x01, 0x42, 0xc4, 0xfd, 0x00, 0x01,
  0x01, 0x08, 0xf9, 0x00, 0x00, 0xc8, 0xfc, 0x00, 0x00, 0x02, 0xf4, 0x00, 0x00, 0x20, 0x8a, 0x00,
  0xae, 0x00, 0x00, 0x02, 0xfd, 0x00, 0x00, 0x03, 0xf2, 0x00, 0x00, 0x01, 0xfe, 0x00, 0x00, 0x80,
  0xf8, 0x00, 0x02, 0x04, 0x00, 0x03, 0xf7, 0x00, 0x00, 0x02, 0xff, 0x00, 0x02, 0x04, 0x00, 0x01,
  0xf7, 0x00, 0x00, 0x02, 0xff, 0x00, 0x00, 0x08, 0xff, 0x00, 0x02, 0x40, 0x00, 0x02, 0xfa, 0x00,
  0x00, 0x10, 0xff, 0x00, 0x00, 0x10, 0xf5, 0x00, 0x00, 0x04, 0xff, 0x00, 0x00, 0x18, 0xff, 0x00,
  0x00, 0x80, 0xe8, 0x00, 0x00, 0x10, 0xff, 0x00, 0x02, 0x08, 0x00, 0x02, 0xfe, 0x00, 0x00, 0x30,
  0xfc, 0x00, 0x01, 0x01, 0x20, 0xff, 0x00, 0x00, 0x08, 0xf5, 0x00, 0x00, 0x40, 0xef, 0x00, 0x02,
  0x04, 0x00, 0x01, 0xf8, 0x00, 0x01, 0x01, 0x80, 0xfd, 0x00, 0x00, 0x01, 0xe4, 0x00, 0x02, 0x01,
  0x00, 0x01, 0xf4, 0x00, 0x00, 0x01, 0xf6, 0x00, 0x00, 0x02, 0xf2, 0x00, 0x00, 0x10, 0xfe, 0x00,
  0x00, 0x01, 0xfb, 0x00, 0x00, 0x80, 0xf9, 0x00, 0x01, 0x01, 0x80, 0xf3, 0x00, 0x00, 0x01, 0xfb,
  0x00, 0x00, 0x80, 0xf9, 0x00, 0x02, 0x01, 0x00, 0x04, 0xf4, 0x00, 0x00, 0x01, 0xf6, 0x00, 0x00,
  0x10, 0xfe, 0x00, 0x00, 0x01, 0xfb, 0x00, 0x00, 0x20, 0xfd, 0x00, 0x00, 0x10, 0xfd, 0x00, 0x00,
  0x80, 0xf1, 0x00, 0x00, 0x01, 0xd2, 0x00, 0x00, 0x01, 0xfd, 0x00, 0x00, 0x24, 0xf9, 0x00, 0x02,
  0x01, 0x00, 0x01, 0xfd, 0x00, 0x00, 0x20, 0xf9, 0x00, 0x02, 0x01, 0x00, 0x03, 0xe3, 0x00, 0x01,
  0x20, 0x01, 0xfd, 0x00, 0x00, 0x20, 0xf9, 0x00, 0x01, 0x01, 0x22, 0xf2, 0x00, 0x01, 0x60, 0xc8,
  0xe8, 0x00, 0x00, 0x10, 0xf2, 0x00, 0x00, 0x10, 0xf2, 0x00, 0x00, 0x10, 0xf7, 0x00, 0x00, 0x10,
  0xfd, 0x00, 0x00, 0x08, 0xf7, 0x00, 0x00, 0x40, 0xf2, 0x00, 0x00, 0x80, 0xfd, 0x00, 0x00, 0x0c,
  0xf2, 0x00, 0x00, 0x04, 0xf2, 0x00, 0x00, 0x04, 0xf8, 0x00, 0x00, 0x02, 0xf2, 0x00, 0x00, 0x02,
  0xf2, 0x00, 0x00, 0x08, 0xf5, 0x00, 0x00, 0x40, 0xff, 0x00, 0x00, 0x04, 0xfb, 0x00, 0x00, 0x60,
  0xff, 0x00, 0x02, 0x24, 0x00, 0x01, 0xfe, 0x00, 0x00, 0x14, 0xf8, 0x00, 0x00, 0x12, 0xff, 0x00,
  0x00, 0x20, 0xf9, 0x00, 0x04, 0x01, 0x1c, 0x00, 0x0c, 0x03, 0xf4, 0x00, 0x06, 0x20, 0xc4, 0x00,
  0xd0, 0x20, 0x00, 0x0f, 0xf8, 0x00, 0x06, 0x82, 0x80, 0x00, 0x08, 0x28, 0x00, 0x02, 0xf8, 0x00,
  0x00, 0x11, 0xff, 0x00, 0x00, 0x22, 0x89, 0x00, 0xae, 0x00, 0x00, 0x04, 0xff, 0x00, 0x00, 0x04,
  0xfd, 0x00, 0x00, 0x02, 0xfa, 0x00, 0x00, 0x02, 0xf2, 0x00, 0x00, 0x02, 0xff, 0x00, 0x00, 0x06,
  0xfd, 0x00, 0x00, 0x02, 0xfa, 0x00, 0x00, 0x04, 0xff, 0x00, 0x00, 0x04, 0xff, 0x00, 0x02, 0x40,
  0x00, 0x03, 0xfa, 0x00, 0x00, 0x14, 0xff, 0x00, 0x02, 0x10, 0x00, 0x02, 0xf7, 0x00, 0x00, 0x02,
  0xfd, 0x00, 0x03, 0x02, 0x40, 0x00, 0x01, 0xf4, 0x00, 0x00, 0x90, 0xff, 0x00, 0x00, 0xc0, 0xfb,
  0x00, 0x00, 0x08, 0xff, 0x00, 0x00, 0x18, 0xfc, 0x00, 0x00, 0x80, 0xfb, 0x00, 0x00, 0x08, 0xff,
  0x00, 0x03, 0x18, 0x00, 0x02, 0x50, 0xff, 0x00, 0x00, 0x10, 0xf8, 0x00, 0x00, 0x18, 0xff, 0x00,
  0x00, 0x40, 0xff, 0x00, 0x00, 0x28, 0xfb, 0x00, 0x00, 0x20, 0xfc, 0x00, 0x00, 0x40, 0xff, 0x00,
  0x00, 0x08, 0xf2, 0x00, 0x00, 0x08, 0xf8, 0x00, 0x00, 0x04, 0xfb, 0x00, 0x00, 0x40, 0xfc, 0x00,
  0x00, 0x80, 0xf3, 0x00, 0x00, 0x02, 0xf2, 0x00, 0x00, 0x06, 0xf2, 0x00, 0x00, 0x04, 0xf7, 0x00,
  0x00, 0x80, 0xf2, 0x00, 0x00, 0x40, 0xf2, 0x00, 0x00, 0x40, 0xed, 0x00, 0x00, 0x08, 0xf2, 0x00,
  0x00, 0x08, 0xfc, 0x00, 0x00, 0x01, 0xf8, 0x00, 0x00, 0x10, 0xfd, 0x00, 0x01, 0x80, 0x02, 0xe2,
  0x00, 0x00, 0x01, 0xed, 0x00, 0x00, 0x20, 0xfd, 0x00, 0x00, 0x10, 0xfe, 0x00, 0x02, 0x01, 0x00,
  0x02, 0xfd, 0x00, 0x00, 0x30, 0xf9, 0x00, 0x02, 0x01, 0x00, 0x03, 0xfd, 0x00, 0x00, 0x20, 0xfd,
  0x00, 0x00, 0x10, 0xfe, 0x00, 0x02, 0x01, 0x00, 0x01, 0xfd, 0x00, 0x00, 0x38, 0xf9, 0x00, 0x02,
  0x01, 0x00, 0x01, 0xf8, 0x00, 0x00, 0x10, 0xfc, 0x00, 0x00, 0x01, 0xf8, 0x00, 0x00, 0x10, 0xfd,
  0x00, 0x01, 0x20, 0x02, 0xf8, 0x00, 0x00, 0x10, 0xfc, 0x00, 0x00, 0x01, 0xf8, 0x00, 0x00, 0x10,
  0xfe, 0x00, 0x02, 0x01, 0x00, 0x01, 0xfd, 0x00, 0x00, 0x30, 0xfd, 0x00, 0x00, 0x10, 0xfd, 0x00,
  0x01, 0x02, 0x6c, 0xfd, 0x00, 0x00, 0x30, 0xf9, 0x00, 0x01, 0x01, 0x80, 0xe7, 0x00, 0x00, 0x0c,
  0xf2, 0x00, 0x00, 0x08, 0xf7, 0x00, 0x00, 0x80, 0xfd, 0x00, 0x00, 0x0c, 0xd2, 0x00, 0x00, 0x02,
  0xf8, 0x00, 0x00, 0x02, 0xfc, 0x00, 0x00, 0x01, 0xf8, 0x00, 0x00, 0x02, 0xfc, 0x00, 0x00, 0x01,
  0xfe, 0x00, 0x00, 0x08, 0xff, 0x00, 0x00, 0x20, 0xf8, 0x00, 0x00, 0x40, 0xff, 0x00, 0x00, 0x18,
  0xff, 0x00, 0x00, 0x08, 0xff, 0x00, 0x00, 0x08, 0xf8, 0x00, 0x03, 0xda, 0x00, 0x01, 0x80, 0xf6,
  0x00, 0x00, 0x06, 0xf2, 0x00, 0x02, 0x07, 0x00, 0x80, 0xff, 0x02, 0xf8, 0x00, 0x07, 0x04, 0x00,
  0x04, 0x00, 0xc1, 0x80, 0x00, 0x03, 0xf8, 0x00, 0x00, 0x04, 0xfe, 0x00, 0x00, 0xa0, 0xf5, 0x00,
  0x02, 0x10, 0x00, 0x02, 0x89, 0x00, 0x9b, 0x00, 0x02, 0x04, 0x00, 0x02, 0xf4, 0x00, 0x00, 0x04,
  0xf2, 0x00, 0x00, 0x06, 0xf5, 0x00, 0x00, 0x10, 0xec, 0x00, 0x00, 0x10, 0xf8, 0x00, 0x01, 0x02,
  0x80, 0xed, 0x00, 0x00, 0x10, 0xef, 0x00, 0x00, 0x10, 0xf8, 0x00, 0x00, 0x08, 0xf5, 0x00, 0x00,
  0x60, 0xef, 0x00, 0x00, 0x02, 0xf6, 0x00, 0x00, 0x01, 0xb2, 0x00, 0x00, 0x10, 0xfc, 0x00, 0x00,
  0x01, 0xf2, 0x00, 0x00, 0x01, 0xd8, 0x00, 0x00, 0x10, 0xfc, 0x00, 0x00, 0x02, 0xf8, 0x00, 0x00,
  0x08, 0xfc, 0x00, 0x00, 0x01, 0xe2, 0x00, 0x00, 0x01, 0xfd, 0x00, 0x00, 0x04, 0xed, 0x00, 0x00,
  0x10, 0xfc, 0x00, 0x00, 0x01, 0xe8, 0x00, 0x00, 0x10, 0xec, 0x00, 0x00, 0x02, 0xfd, 0x00, 0x00,
  0x20, 0xfd, 0x00, 0x00, 0x10, 0xf7, 0x00, 0x00, 0x30, 0xf9, 0x00, 0x02, 0x01, 0x00, 0x02, 0xf3,
  0x00, 0x00, 0x02, 0xf7, 0x00, 0x00, 0x10, 0xfd, 0x00, 0x00, 0x02, 0xfc, 0x00, 0x00, 0x10, 0xf8,
  0x00, 0x01, 0x02, 0x28, 0xf3, 0x00, 0x01, 0x80, 0x04, 0xad, 0x00, 0x00, 0x40, 0xed, 0x00, 0x00,
  0x04, 0xf8, 0x00, 0x00, 0x03, 0xfc, 0x00, 0x00, 0x01, 0xf8, 0x00, 0x00, 0x02, 0xfc, 0x00, 0x00,
  0x01, 0xfb, 0x00, 0x00, 0x20, 0xf2, 0x00, 0x00, 0x20, 0xf8, 0x00, 0x00, 0x10, 0xfc, 0x00, 0x00,
  0x21, 0xf6, 0x00, 0x00, 0x04, 0xf4, 0x00, 0x01, 0x02, 0x80, 0xfe, 0x00, 0x04, 0x16, 0x00, 0x01,
  0x00, 0x40, 0xfb, 0x00, 0x05, 0x04, 0x00, 0x04, 0x00, 0x48, 0xa8, 0xf0, 0x00, 0x00, 0x02, 0xf5,
  0x00, 0x00, 0x02, 0x89, 0x00, 0x98, 0x00, 0x00, 0x80, 0xf7, 0x00, 0x00, 0x80, 0xfb, 0x00, 0x00,
  0x02, 0xfa, 0x00, 0x00, 0x06, 0xfa, 0x00, 0x00, 0x01, 0xf2, 0x00, 0x00, 0x01, 0xea, 0x00, 0x01,
  0x06, 0x80, 0xfd, 0x00, 0x00, 0x80, 0xff, 0x00, 0x00, 0x40, 0xf8, 0x00, 0x00, 0x18, 0xff, 0x00,
  0x00, 0x10, 0xf8, 0x00, 0x00, 0x10, 0xff, 0x00, 0x03, 0x10, 0x00, 0x02, 0x10, 0xff, 0x00, 0x00,
  0x20, 0xfc, 0x00, 0x00, 0x01, 0xfb, 0x00, 0x00, 0x40, 0xff, 0x00, 0x00, 0x20, 0xfb, 0x00, 0x00,
  0x40, 0xfc, 0x00, 0x00, 0x40, 0xef, 0x00, 0x00, 0x08, 0xdb, 0x00, 0x00, 0x80, 0xf3, 0x00, 0x00,
  0x04, 0xe2, 0x00, 0x00, 0x14, 0xf7, 0x00, 0x00, 0x40, 0xe2, 0x00, 0x00, 0x80, 0xed, 0x00, 0x00,
  0x10, 0xfc, 0x00, 0x00, 0x02, 0xf3, 0x00, 0x01, 0x80, 0x02, 0xcd, 0x00, 0x00, 0x10, 0xfd, 0x00,
  0x00, 0x10, 0xfd, 0x00, 0x00, 0x80, 0xf7, 0x00, 0x00, 0x10, 0xf2, 0x00, 0x00, 0x10, 0xfe, 0x00,
  0x00, 0x01, 0xfb, 0x00, 0x00, 0x08, 0xf2, 0x00, 0x00, 0x20, 0xf8, 0x00, 0x00, 0x80, 0xfc, 0x00,
  0x00, 0x30, 0xf7, 0x00, 0x00, 0x20, 0xf2, 0x00, 0x00, 0x20, 0xfd, 0x00, 0x00, 0x10, 0xe7, 0x00,
  0x00, 0x10, 0xf4, 0x00, 0x00, 0x01, 0xf6, 0x00, 0x00, 0x08, 0xf2, 0x00, 0x00, 0x04, 0xe7, 0x00,
  0x00, 0xc0, 0xe2, 0x00, 0x00, 0x40, 0xdd, 0x00, 0x00, 0x01, 0xee, 0x00, 0x00, 0x10, 0xec, 0x00,
  0x00, 0x08, 0xfb, 0x00, 0x00, 0x40, 0xfd, 0x00, 0xff, 0x01, 0xff, 0x00, 0x00, 0x04, 0xf9, 0x00,
  0x00, 0x02, 0xf4, 0x00, 0x00, 0x12, 0xfd, 0x00, 0x00, 0x04, 0xf7, 0x00, 0x05, 0x02, 0x00, 0x40,
  0x00, 0x88, 0x28, 0xff, 0x00, 0x00, 0x04, 0xf8, 0x00, 0x00, 0x40, 0xff, 0x00, 0x00, 0x20, 0xff,
  0x00, 0x00, 0x02, 0xf8, 0x00, 0x02, 0x10, 0x00, 0x02, 0xff, 0x00, 0x01, 0x02, 0x62, 0xf9, 0x00,
  0x00, 0x11, 0x96, 0x00, 0xa6, 0x00, 0x01, 0x02, 0x40, 0xf6, 0x00, 0x00, 0x02, 0xfe, 0x00, 0x00,
  0x40, 0xfb, 0x00, 0x01, 0x02, 0x80, 0xfd, 0x00, 0x00, 0x40, 0xf8, 0x00, 0x00, 0x02, 0xff, 0x00,
  0x00, 0x02, 0xf2, 0x00, 0x00, 0x10, 0xfd, 0x00, 0x00, 0x03, 0xe7, 0x00, 0x00, 0x10, 0xff, 0x00,
  0x00, 0xa0, 0xf5, 0x00, 0x00, 0x08, 0xff, 0x00, 0x00, 0x30, 0xf8, 0x00, 0x00, 0x18, 0xfd, 0x00,
  0x01, 0x02, 0x10, 0xff, 0x00, 0x00, 0x10, 0xf8, 0x00, 0x00, 0x18, 0xff, 0x00, 0x00, 0x40, 0xf2,
  0x00, 0x00, 0x40, 0xff, 0x00, 0x00, 0x08, 0xf8, 0x00, 0x00, 0x02, 0xd6, 0x00, 0x00, 0x04, 0xec,
  0x00, 0x00, 0x01, 0xf2, 0x00, 0x00, 0x01, 0xf8, 0x00, 0x00, 0x14, 0xed, 0x00, 0x00, 0x80, 0xfc,
  0x00, 0x00, 0x40, 0xed, 0x00, 0x00, 0x10, 0xfd, 0x00, 0x00, 0x20, 0xe3, 0x00, 0x02, 0x01, 0x00,
  0x02, 0xf8, 0x00, 0x00, 0x18, 0xe7, 0x00, 0x00, 0x04, 0xf2, 0x00, 0x00, 0x30, 0xfd, 0x00, 0x00,
  0x10, 0xfe, 0x00, 0x02, 0x01, 0x00, 0x02, 0xfd, 0x00, 0x00, 0x30, 0xfd, 0x00, 0x00, 0x10, 0xfe,
  0x00, 0x00, 0x01, 0xf6, 0x00, 0x00, 0x10, 0xfe, 0x00, 0x00, 0x01, 0xfb, 0x00, 0x00, 0x34, 0xf9,
  0x00, 0x02, 0x01, 0x00, 0x02, 0xe8, 0x00, 0x00, 0x10, 0xf7, 0x00, 0x00, 0x24, 0xfd, 0x00, 0x00,
  0x10, 0xfe, 0x00, 0x00, 0x01, 0xfb, 0x00, 0x00, 0x34, 0xf9, 0x00, 0x01, 0x01, 0x10, 0xfc, 0x00,
  0x00, 0x20, 0xfd, 0x00, 0x00, 0x10, 0xf7, 0x00, 0x00, 0x30, 0xfd, 0x00, 0x00, 0x10, 0xfc, 0x00,
  0x00, 0x04, 0xf8, 0x00, 0x00, 0x10, 0xe7, 0x00, 0x00, 0x10, 0xe2, 0x00, 0x00, 0x80, 0xfd, 0x00,
  0x00, 0x10, 0xf7, 0x00, 0x00, 0x80, 0xed, 0x00, 0x00, 0x02, 0xf2, 0x00, 0x00, 0x01, 0xee, 0x00,
  0x00, 0x18, 0xff, 0x00, 0x00, 0x10, 0xf8, 0x00, 0x00, 0x40, 0xfc, 0x00, 0x00, 0x20, 0xff, 0x00,
  0x00, 0x0c, 0xfb, 0x00, 0x00, 0x10, 0xff, 0x00, 0x00, 0xc2, 0xff, 0x00, 0x00, 0xa0, 0xff, 0x00,
  0x00, 0x20, 0xfb, 0x00, 0x00, 0x10, 0xfe, 0x00, 0x00, 0x80, 0xfd, 0x00, 0x00, 0x22, 0xfa, 0x00,
  0x01, 0x80, 0x04, 0xff, 0x00, 0x04, 0x02, 0x20, 0x41, 0x32, 0x40, 0xfb, 0x00, 0x08, 0x02, 0x20,
  0x40, 0x00, 0xc0, 0x60, 0x00, 0x04, 0x14, 0xf9, 0x00, 0x00, 0x04, 0xfe, 0x00, 0x01, 0x20, 0x00,
  0xff, 0x02, 0xf6, 0x00, 0x00, 0x10, 0xff, 0x00, 0x01, 0x02, 0x62, 0xf9, 0x00, 0x00, 0x01, 0xff,
  0x00, 0xff, 0x20, 0x9a, 0x00, 0xa9, 0x00, 0x00, 0x02, 0xef, 0x00, 0x00, 0x02, 0xf4, 0x00, 0x02,
  0x80, 0x00, 0x01, 0xf4, 0x00, 0x02, 0x80, 0x00, 0x03, 0xf5, 0x00, 0x01, 0x02, 0x10, 0xf8, 0x00,
  0x00, 0x02, 0xff, 0x00, 0x02, 0x10, 0x00, 0x02, 0xff, 0x00, 0x00, 0x01, 0xfa, 0x00, 0x00, 0x04,
  0xf9, 0x00, 0x00, 0xc0, 0xf5, 0x00, 0x00, 0x10, 0xff, 0x00, 0x00, 0x80, 0xfb, 0x00, 0x00, 0x10,
  0xfc, 0x00, 0x00, 0x10, 0xf5, 0x00, 0x00, 0x02, 0xfc, 0x00, 0x00, 0x10, 0xfb, 0x00, 0x00, 0x40,
  0xfc, 0x00, 0x00, 0x40, 0xff, 0x00, 0x00, 0x04, 0xe8, 0x00, 0x00, 0x04, 0xf0, 0x00, 0x00, 0x02,
  0xfe, 0x00, 0x00, 0x01, 0xfc, 0x00, 0x01, 0x04, 0x80, 0xf3, 0x00, 0x00, 0x04, 0xe2, 0x00, 0x00,
  0x10, 0xf7, 0x00, 0x00, 0x80, 0xf2, 0x00, 0x00, 0x80, 0xc9, 0x00, 0x01, 0x01, 0x80, 0xf1, 0x00,
  0x00, 0x01, 0xf8, 0x00, 0x00, 0x08, 0xfc, 0x00, 0x00, 0x01, 0xfd, 0x00, 0x00, 0x0c, 0xf2, 0x00,
  0x00, 0x30, 0xfd, 0x00, 0x00, 0x10, 0xfd, 0x00, 0x00, 0x80, 0xfc, 0x00, 0x00, 0x30, 0xfd, 0x00,
  0x00, 0x10, 0xfc, 0x00, 0x00, 0x02, 0xfd, 0x00, 0x00, 0x04, 0xf2, 0x00, 0x00, 0x04, 0xe8, 0x00,
  0x00, 0x80, 0xfc, 0x00, 0x00, 0x10, 0xf7, 0x00, 0x00, 0x22, 0xf3, 0x00, 0x01, 0x02, 0x20, 0xf3,
  0x00, 0x00, 0x12, 0xf7, 0x00, 0x00, 0x18, 0xfd, 0x00, 0x01, 0x30, 0x20, 0xf8, 0x00, 0x00, 0x18,
  0xf7, 0x00, 0x00, 0x20, 0xfd, 0x00, 0x00, 0x08, 0xf2, 0x00, 0x00, 0x18, 0xe2, 0x00, 0x00, 0x04,
  0xd2, 0x00, 0x00, 0x02, 0xf8, 0x00, 0x00, 0x01, 0xd8, 0x00, 0x00, 0x20, 0xff, 0x00, 0x00, 0x40,
  0xff, 0x00, 0x00, 0x08, 0xf8, 0x00, 0x00, 0x40, 0xff, 0x00, 0x00, 0x08, 0xf5, 0x00, 0x05, 0x10,
  0x00, 0x01, 0x20, 0x00, 0x01, 0xf8, 0x00, 0x07, 0x07, 0x02, 0x40, 0x00, 0x22, 0x44, 0x00, 0xa0,
  0xfa, 0x00, 0x00, 0x43, 0xff, 0x00, 0x00, 0x01, 0xff, 0x00, 0x00, 0x02, 0xf8, 0x00, 0x04, 0x41,
  0x40, 0x00, 0x01, 0x88, 0xff, 0x00, 0x00, 0x02, 0xf9, 0x00, 0x00, 0x01, 0xff, 0x00, 0x00, 0x02,
  0xfe, 0x00, 0x00, 0x20, 0xf6, 0x00, 0x01, 0x22, 0x20, 0x9a, 0x00, 0xab, 0x00, 0x00, 0x04, 0xf5,
  0x00, 0x00, 0x02, 0xff, 0x00, 0x00, 0x04, 0xf2, 0x00, 0x00, 0x02, 0xf5, 0x00, 0x00, 0x06, 0xef,
  0x00, 0x03, 0x08, 0x00, 0x02, 0x40, 0xf2, 0x00, 0x02, 0x40, 0x00, 0x01, 0xfa, 0x00, 0x00, 0x04,
  0xfc, 0x00, 0x00, 0x10, 0xf8, 0x00, 0x00, 0x08, 0xef, 0x00, 0x03, 0x02, 0x00, 0x02, 0x40, 0xf9,
  0x00, 0x01, 0x01, 0x20, 0xfd, 0x00, 0x01, 0x02, 0x40, 0xff, 0x00, 0x00, 0x10, 0xfb, 0x00, 0x00,
  0x20, 0xff, 0x00, 0x00, 0x04, 0xff, 0x00, 0x00, 0x80, 0xf5, 0x00, 0x00, 0x04, 0xff, 0x00, 0x00,
  0x80, 0xf2, 0x00, 0x00, 0x80, 0xff, 0x00, 0x00, 0x02, 0xfb, 0x00, 0x00, 0x80, 0xf9, 0x00, 0x00,
  0x02, 0xe6, 0x00, 0x00, 0x01, 0xf8, 0x00, 0x00, 0x18, 0xfe, 0x00, 0x02, 0x01, 0x00, 0x01, 0xfd,
  0x00, 0x00, 0x80, 0xf9, 0x00, 0x02, 0x01, 0x00, 0x01, 0xf4, 0x00, 0x02, 0x01, 0x00, 0x01, 0xf4,
  0x00, 0x00, 0x01, 0xf2, 0x00, 0x01, 0x01, 0x20, 0xf7, 0x00, 0x00, 0x08, 0xfe, 0x00, 0x00, 0x01,
  0xfb, 0x00, 0x00, 0x20, 0xfd, 0x00, 0x00, 0x18, 0xfc, 0x00, 0x00, 0x01, 0xfd, 0x00, 0x00, 0x20,
  0xfd, 0x00, 0x00, 0x08, 0xfe, 0x00, 0x02, 0x01, 0x00, 0x01, 0xfd, 0x00, 0x00, 0x24, 0xfd, 0x00,
  0x00, 0x08, 0xfe, 0x00, 0x02, 0x01, 0x00, 0x01, 0xfd, 0x00, 0x00, 0x28, 0xf9, 0x00, 0x00, 0x01,
  0xfb, 0x00, 0x00, 0x30, 0xfd, 0x00, 0x00, 0x10, 0xfc, 0x00, 0x00, 0x01, 0xfd, 0x00, 0x00, 0x30,
  0xfd, 0x00, 0x00, 0x10, 0xf7, 0x00, 0x00, 0x30, 0xf2, 0x00, 0x00, 0x10, 0xfd, 0x00, 0x00, 0x20,
  0xee, 0x00, 0x00, 0x01, 0xfb, 0x00, 0x00, 0x10, 0xf8, 0x00, 0xff, 0x02, 0xfd, 0x00, 0x00, 0x10,
  0xf8, 0x00, 0x01, 0x20, 0x21, 0xfd, 0x00, 0x00, 0x14, 0xf8, 0x00, 0x01, 0xe6, 0xc1, 0xf8, 0x00,
  0x00, 0x08, 0xfd, 0x00, 0x01, 0x30, 0x74, 0xed, 0x00, 0x00, 0x10, 0xf2, 0x00, 0x00, 0x20, 0xf2,
  0x00, 0x00, 0x20, 0xd2, 0x00, 0x00, 0x20, 0xf2, 0x00, 0x00, 0x80, 0xfd, 0x00, 0x00, 0x02, 0xf7,
  0x00, 0x00, 0xc0, 0xfd, 0x00, 0x00, 0x02, 0xe8, 0x00, 0x00, 0x02, 0xfb, 0x00, 0x00, 0x80, 0xff,
  0x00, 0x00, 0x38, 0xff, 0x00, 0x00, 0x70, 0xff, 0x00, 0x00, 0x04, 0xfb, 0x00, 0x00, 0x20, 0xff,
  0x00, 0x00, 0x4c, 0xff, 0x00, 0x00, 0x74, 0xff, 0x00, 0x00, 0x1c, 0xfb, 0x00, 0x00, 0x20, 0xff,
  0x00, 0x05, 0x02, 0x80, 0x01, 0x60, 0x00, 0x01, 0xfb, 0x00, 0x00, 0x01, 0xff, 0x00, 0x05, 0x08,
  0x01, 0x40, 0x10, 0x20, 0x14, 0xf8, 0x00, 0x01, 0x40, 0x54, 0xff, 0x00, 0x00, 0x40, 0xf5, 0x00,
  0x06, 0x40, 0x00, 0x0c, 0x40, 0x00, 0x08, 0x88, 0xf9, 0x00, 0xff, 0x10, 0x01, 0x00, 0x32, 0xf5,
  0x00, 0xff, 0x10, 0xff, 0x00, 0x00, 0x20, 0x9a, 0x00, 0xae, 0x00, 0x00, 0x02, 0xdf, 0x00, 0x00,
  0x04, 0xff, 0x00, 0x02, 0xc0, 0x00, 0x01, 0xf7, 0x00, 0x05, 0x04, 0x00, 0x01, 0xc0, 0x00, 0x01,
  0xfa, 0x00, 0x00, 0x02, 0xfc, 0x00, 0x00, 0x10, 0xff, 0x00, 0x00, 0x80, 0xf5, 0x00, 0x00, 0x10,
  0xff, 0x00, 0x00, 0x80, 0xf5, 0x00, 0x00, 0x20, 0xff, 0x00, 0x00, 0x40, 0xf8, 0x00, 0x00, 0x08,
  0xff, 0x00, 0x00, 0x20, 0xf5, 0x00, 0x00, 0x0c, 0xfc, 0x00, 0x00, 0x10, 0xfc, 0x00, 0x00, 0x01,
  0xfe, 0x00, 0x00, 0x0c, 0xfc, 0x00, 0x00, 0x08, 0xf8, 0x00, 0x00, 0x02, 0xff, 0x00, 0x00, 0x80,
  0xff, 0x00, 0x00, 0x04, 0xfb, 0x00, 0x00, 0x80, 0xff, 0x00, 0x00, 0x02, 0xff, 0x00, 0x00, 0x80,
  0xf8, 0x00, 0x00, 0x80, 0xfc, 0x00, 0x00, 0x80, 0xf9, 0x00, 0x00, 0x02, 0xfc, 0x00, 0x00, 0x01,
  0xf4, 0x00, 0x02, 0x01, 0x00, 0x01, 0xfd, 0x00, 0x00, 0x80, 0xfd, 0x00, 0x00, 0x02, 0xfe, 0x00,
  0x01, 0x01, 0x80, 0xfc, 0x00, 0x00, 0xc0, 0xfd, 0x00, 0x00, 0x0a, 0xd7, 0x00, 0x00, 0x60, 0xfd,
  0x00, 0x00, 0x08, 0xf7, 0x00, 0x00, 0x20, 0xfd, 0x00, 0x00, 0x08, 0xfc, 0x00, 0x00, 0x04, 0xfd,
  0x00, 0x00, 0x20, 0xf7, 0x00, 0x00, 0x05, 0xf8, 0x00, 0x00, 0x10, 0xfd, 0x00, 0x00, 0x80, 0xf2,
  0x00, 0x00, 0x80, 0xfc, 0x00, 0x00, 0x04, 0xf8, 0x00, 0x00, 0x80, 0xfc, 0x00, 0x00, 0x04, 0xf8,
  0x00, 0x01, 0x80, 0x01, 0xfd, 0x00, 0x00, 0x10, 0xfd, 0x00, 0x00, 0x20, 0xf7, 0x00, 0x00, 0x10,
  0xf2, 0x00, 0x00, 0x14, 0xf7, 0x00, 0x00, 0x01, 0xfd, 0x00, 0x00, 0x04, 0xfd, 0x00, 0x00, 0x20,
  0xfc, 0x00, 0x00, 0x01, 0xf3, 0x00, 0x01, 0x80, 0x01, 0xf2, 0x00, 0x00, 0x01, 0xfd, 0x00, 0x00,
  0x18, 0xf8, 0x00, 0x01, 0x20, 0x24, 0xfd, 0x00, 0x00, 0x14, 0xf8, 0x00, 0x01, 0x3a, 0x0c, 0xf8,
  0x00, 0x00, 0x10, 0xf2, 0x00, 0x00, 0x18, 0xf7, 0x00, 0x00, 0x10, 0xd2, 0x00, 0x00, 0x20, 0xed,
  0x00, 0x00, 0x0c, 0xf2, 0x00, 0x00, 0x04, 0xe2, 0x00, 0x00, 0x02, 0xf7, 0x00, 0x00, 0x20, 0xfd,
  0x00, 0x00, 0x10, 0xf7, 0x00, 0x00, 0x40, 0xf3, 0x00, 0x00, 0x04, 0xf8, 0x00, 0x00, 0x20, 0xfc,
  0x00, 0x00, 0x04, 0xf8, 0x00, 0x03, 0x20, 0x00, 0x01, 0x04, 0xf8, 0x00, 0x05, 0x0c, 0x00, 0x04,
  0x30, 0x80, 0x01, 0xfe, 0x00, 0x00, 0x04, 0xfa, 0x00, 0x07, 0x3b, 0xa0, 0x00, 0x10, 0x30, 0x00,
  0x10, 0x62, 0xf9, 0x00, 0x04, 0xcb, 0xbc, 0x00, 0x02, 0x34, 0xff, 0x00, 0x00, 0x70, 0xf9, 0x00,
  0x03, 0x51, 0x20, 0x01, 0x32, 0xff, 0x00, 0x01, 0x20, 0x40, 0xf9, 0x00, 0x00, 0x10, 0x96, 0x00,
  0x9b, 0x00, 0x00, 0x04, 0xff, 0x00, 0x00, 0x80, 0xf5, 0x00, 0x02, 0x04, 0x00, 0x01, 0xff, 0x00,
  0x01, 0x01, 0x80, 0xfb, 0x00, 0x00, 0x04, 0xfc, 0x00, 0x00, 0x40, 0xff, 0x00, 0x00, 0x80, 0xfb,
  0x00, 0x00, 0x04, 0xff, 0x00, 0x00, 0x02, 0xfd, 0x00, 0x00, 0x01, 0xf7, 0x00, 0x02, 0x02, 0x00,
  0x02, 0xee, 0x00, 0x00, 0x20, 0xf8, 0x00, 0x00, 0x02, 0xf2, 0x00, 0x00, 0x04, 0xc0, 0x00, 0x00,
  0x01, 0xfd, 0x00, 0x00, 0x40, 0xf2, 0x00, 0x00, 0x40, 0xe8, 0x00, 0x00, 0x80, 0xf7, 0x00, 0x00,
  0x0c, 0xf2, 0x00, 0x00, 0x04, 0xfc, 0x00, 0x00, 0x04, 0xb8, 0x00, 0x00, 0x10, 0xfe, 0x00, 0x02,
  0x01, 0x00, 0x02, 0xf8, 0x00, 0x00, 0x10, 0xec, 0x00, 0x00, 0x04, 0xfd, 0x00, 0x00, 0x10, 0xfd,
  0x00, 0x00, 0x20, 0xf7, 0x00, 0x00, 0x10, 0xf8, 0x00, 0x01, 0x80, 0x02, 0xfd, 0x00, 0x00, 0x10,
  0xf7, 0x00, 0x00, 0x03, 0xfd, 0x00, 0x00, 0x18, 0xf7, 0x00, 0x00, 0x04, 0xfd, 0x00, 0x00, 0x08,
  0xfd, 0x00, 0x00, 0x20, 0xf7, 0x00, 0x00, 0x08, 0xfd, 0x00, 0x00, 0x60, 0xf7, 0x00, 0x00, 0x0c,
  0xfd, 0x00, 0x00, 0x60, 0xfc, 0x00, 0x00, 0x04, 0xf8, 0x00, 0x00, 0x20, 0xfd, 0x00, 0x00, 0x80,
  0xfc, 0x00, 0x00, 0x10, 0xf8, 0x00, 0x01, 0x08, 0x10, 0xdd, 0x00, 0x00, 0x0c, 0xf2, 0x00, 0x00,
  0x04, 0xd2, 0x00, 0x00, 0x20, 0xcd, 0x00, 0x00, 0x02, 0xf7, 0x00, 0x00, 0x20, 0xd9, 0x00, 0x00,
  0x10, 0xfc, 0x00, 0x00, 0x04, 0xf8, 0x00, 0x00, 0x10, 0xff, 0x00, 0x03, 0x41, 0x80, 0x00, 0x02,
  0xf6, 0x00, 0x04, 0x01, 0x04, 0x40, 0x00, 0x04, 0xfa, 0x00, 0x01, 0x80, 0x04, 0xfd, 0x00, 0x01,
  0x06, 0x04, 0xf9, 0x00, 0x01, 0x10, 0x9c, 0xfd, 0x00, 0x01, 0x02, 0x40, 0xf9, 0x00, 0x04, 0x40,
  0x00, 0x01, 0x00, 0x40, 0xf6, 0x00, 0x00, 0x01, 0xfb, 0x00, 0x00, 0x20, 0x9d, 0x00, 0x9b, 0x00,
  0x00, 0x04, 0xff, 0x00, 0x00, 0x80, 0xf5, 0x00, 0x02, 0x04, 0x00, 0x02, 0xf1, 0x00, 0x00, 0x40,
  0xf8, 0x00, 0x00, 0x10, 0xfd, 0x00, 0x00, 0x02, 0xf2, 0x00, 0x00, 0x02, 0xf4, 0x00, 0x00, 0x02,
  0xfc, 0x00, 0x00, 0x20, 0xf8, 0x00, 0x00, 0x04, 0xfc, 0x00, 0x00, 0x20, 0xf8, 0x00, 0x00, 0x08,
  0xfc, 0x00, 0x00, 0x18, 0xf8, 0x00, 0x00, 0x04, 0xff, 0x00, 0x00, 0x80, 0xf5, 0x00, 0x02, 0x02,
  0x00, 0x01, 0xf4, 0x00, 0x02, 0x02, 0x00, 0x01, 0xf4, 0x00, 0x00, 0x01, 0xf6, 0x00, 0x00, 0x10,
  0xfe, 0x00, 0x02, 0x01, 0x00, 0x04, 0xf8, 0x00, 0x00, 0x02, 0xf2, 0x00, 0x00, 0x04, 0xf7, 0x00,
  0x00, 0x40, 0xed, 0x00, 0x00, 0x08, 0xf2, 0x00, 0x00, 0x08, 0xbd, 0x00, 0x00, 0x80, 0xf2, 0x00,
  0x00, 0x80, 0xfc, 0x00, 0x00, 0x04, 0xf8, 0x00, 0x00, 0x80, 0xfc, 0x00, 0x00, 0x0c, 0xfd, 0x00,
  0x00, 0x20, 0xfd, 0x00, 0x00, 0x80, 0xf2, 0x00, 0x00, 0x80, 0xec, 0x00, 0x00, 0x08, 0xed, 0x00,
  0x00, 0x20, 0xed, 0x00, 0x00, 0x80, 0xfc, 0x00, 0x00, 0x0c, 0xf2, 0x00, 0x00, 0x10, 0xf8, 0x00,
  0x01, 0x80, 0x04, 0xfd, 0x00, 0x00, 0x08, 0xf8, 0x00, 0x01, 0x0a, 0x04, 0xdd, 0x00, 0x00, 0x0c,
  0xf2, 0x00, 0x00, 0x04, 0xed, 0x00, 0x00, 0x18, 0xf7, 0x00, 0x00, 0x20, 0xfd, 0x00, 0x00, 0x10,
  0xf7, 0x00, 0x00, 0x20, 0xf2, 0x00, 0x00, 0x20, 0xfd, 0x00, 0x00, 0x08, 0xa8, 0x00, 0x00, 0x04,
  0xe5, 0x00, 0x00, 0x04, 0xff, 0x00, 0x00, 0x04, 0xfb, 0x00, 0x00, 0x07, 0xfa, 0x00, 0x00, 0x01,
  0xfa, 0x00, 0x02, 0x04, 0x30, 0x9c, 0xff, 0x00, 0x03, 0x05, 0x00, 0x02, 0x44, 0xf6, 0x00, 0x00,
  0x04, 0xfe, 0x00, 0x00, 0x06, 0xf6, 0x00, 0x00, 0x30, 0xfe, 0x00, 0x00, 0x20, 0x9d, 0x00, 0xae,
  0x00, 0x00, 0x04, 0xf9, 0x00, 0x00, 0x40, 0xf8, 0x00, 0x00, 0x04, 0xff, 0x00, 0x00, 0x80, 0xff,
  0x00, 0x00, 0x40, 0xf3, 0x00, 0x00, 0x01, 0xea, 0x00, 0x00, 0x10, 0xff, 0x00, 0x02, 0x02, 0x00,
  0x02, 0xf4, 0x00, 0x02, 0x02, 0x00, 0x02, 0xf7, 0x00, 0x00, 0x10, 0xff, 0x00, 0x00, 0x08, 0xff,
  0x00, 0x00, 0x80, 0xff, 0x00, 0x00, 0x20, 0xfb, 0x00, 0x00, 0x10, 0xff, 0x00, 0x00, 0x02, 0xff,
  0x00, 0x00, 0x80, 0xf8, 0x00, 0x00, 0x20, 0xff, 0x00, 0x00, 0x08, 0xfc, 0x00, 0x00, 0x10, 0xfc,
  0x00, 0x00, 0x01, 0xfe, 0x00, 0x00, 0x04, 0xff, 0x00, 0x00, 0x80, 0xf9, 0x00, 0x00, 0x01, 0xfe,
  0x00, 0x00, 0x02, 0xf6, 0x00, 0x00, 0x01, 0xfe, 0x00, 0x00, 0x02, 0xf6, 0x00, 0x00, 0x10, 0xec,
  0x00, 0x00, 0x04, 0xe2, 0x00, 0x00, 0x02, 0xfd, 0x00, 0x00, 0x80, 0xdd, 0x00, 0x00, 0x08, 0xfc,
  0x00, 0x00, 0x04, 0xfd, 0x00, 0x00, 0x10, 0xf7, 0x00, 0x00, 0x04, 0xf3, 0x00, 0x00, 0x60, 0xec,
  0x00, 0x00, 0x10, 0xf8, 0x00, 0x01, 0x80, 0x04, 0xfd, 0x00, 0x00, 0x10, 0xf8, 0x00, 0x00, 0x80,
  0xf2, 0x00, 0x00, 0x80, 0xfc, 0x00, 0x00, 0x18, 0xfd, 0x00, 0x00, 0x20, 0xfc, 0x00, 0x00, 0x04,
  0xf2, 0x00, 0x00, 0x0c, 0xf8, 0x00, 0x00, 0x20, 0xed, 0x00, 0x00, 0x20, 0xf1, 0x00, 0x00, 0x04,
  0xf3, 0x00, 0x01, 0x80, 0x06, 0xfd, 0x00, 0x00, 0x08, 0xf8, 0x00, 0x01, 0x80, 0x20, 0xf8, 0x00,
  0x00, 0x20, 0xfd, 0x00, 0x01, 0x10, 0x34, 0xfd, 0x00, 0x00, 0x08, 0xf8, 0x00, 0x01, 0x02, 0xe4,
  0xed, 0x00, 0x00, 0x08, 0xf2, 0x00, 0x00, 0x04, 0xf2, 0x00, 0x00, 0x04, 0xf2, 0x00, 0x00, 0x10,
  0xf2, 0x00, 0x00, 0x30, 0xfd, 0x00, 0x00, 0x08, 0xf7, 0x00, 0x00, 0x24, 0xf2, 0x00, 0x00, 0x20,
  0xb3, 0x00, 0x00, 0x06, 0xf2, 0x00, 0x00, 0x0e, 0xfc, 0x00, 0x00, 0x01, 0xec, 0x00, 0x04, 0x01,
  0x00, 0x80, 0x01, 0x80, 0xf9, 0x00, 0x02, 0x0c, 0x00, 0xe0, 0xf6, 0x00, 0x00, 0x01, 0xff, 0x10,
  0x01, 0x00, 0x20, 0xff, 0x00, 0x02, 0x06, 0x00, 0x40, 0xfb, 0x00, 0x09, 0x01, 0x00, 0x20, 0x00,
  0x14, 0x42, 0x00, 0x02, 0x40, 0x60, 0xfa, 0x00, 0x00, 0x02, 0xff, 0x00, 0x00, 0x30, 0xff, 0x00,
  0x01, 0x02, 0x20, 0x9d, 0x00, 0xa9, 0x00, 0x00, 0x01, 0xfe, 0x00, 0x00, 0x80, 0xf8, 0x00, 0x02,
  0x04, 0x00, 0x01, 0xe4, 0x00, 0x00, 0x02, 0xe5, 0x00, 0x00, 0x04, 0xff, 0x00, 0x00, 0x08, 0xf5,
  0x00, 0x00, 0x08, 0xff, 0x00, 0x00, 0x04, 0xff, 0x00, 0x00, 0x40, 0xff, 0x00, 0x00, 0x10, 0xfb,
  0x00, 0x00, 0x20, 0xf9, 0x00, 0x00, 0x10, 0xf8, 0x00, 0x00, 0x04, 0xff, 0x00, 0x00, 0x80, 0xf2,
  0x00, 0x00, 0x80, 0xd9, 0x00, 0x00, 0x10, 0xfe, 0x00, 0x02, 0x01, 0x00, 0x04, 0xfd, 0x00, 0x00,
  0x80, 0xf2, 0x00, 0x00, 0x80, 0xf8, 0x00, 0x01, 0x80, 0x02, 0xfd, 0x00, 0x00, 0x40, 0xf8, 0x00,
  0x00, 0x80, 0xfc, 0x00, 0x00, 0xc0, 0xd8, 0x00, 0x01, 0x80, 0x08, 0xf3, 0x00, 0x00, 0x80, 0xec,
  0x00, 0x00, 0x04, 0xf8, 0x00, 0x01, 0x20, 0x04, 0xfd, 0x00, 0x00, 0x04, 0xfd, 0x00, 0x00, 0x40,
  0xfc, 0x00, 0x00, 0x04, 0xf8, 0x00, 0x00, 0x40, 0xf7, 0x00, 0x00, 0x10, 0xf8, 0x00, 0x00, 0x80,
  0xfc, 0x00, 0x00, 0x18, 0xfd, 0x00, 0x00, 0x20, 0xf2, 0x00, 0x00, 0x40, 0xfd, 0x00, 0x00, 0x80,
  0xf2, 0x00, 0x01, 0x80, 0x04, 0xf2, 0x00, 0x00, 0x20, 0xed, 0x00, 0x00, 0x08, 0xf2, 0x00, 0x00,
  0x08, 0xe7, 0x00, 0x00, 0x10, 0xfd, 0x00, 0x00, 0x08, 0xfd, 0x00, 0x00, 0x20, 0xf2, 0x00, 0x00,
  0x60, 0xd2, 0x00, 0x00, 0x10, 0xf2, 0x00, 0x00, 0x10, 0xf2, 0x00, 0x00, 0x10, 0xf7, 0x00, 0x00,
  0x20, 0xf2, 0x00, 0x00, 0x20, 0xf2, 0x00, 0x00, 0x40, 0xc3, 0x00, 0x00, 0x03, 0xf2, 0x00, 0x00,
  0x0b, 0xf8, 0x00, 0x00, 0x04, 0xe2, 0x00, 0x06, 0x01, 0x00, 0x07, 0x00, 0x80, 0x00, 0x80, 0xfb,
  0x00, 0x05, 0x02, 0x00, 0x10, 0x01, 0xd0, 0x02, 0xfe, 0x00, 0x00, 0x80, 0xf8, 0x00, 0x05, 0x03,
  0x10, 0x00, 0x02, 0x04, 0x40, 0xfa, 0x00, 0x00, 0x01, 0xfe, 0x00, 0x00, 0x20, 0xff, 0x00, 0x00,
  0x04, 0x9c, 0x00, 0xa9, 0x00, 0x00, 0x03, 0xff, 0x00, 0x01, 0x01, 0x80, 0xfb, 0x00, 0x00, 0x10,
  0xfd, 0x00, 0x00, 0x01, 0xff, 0x00, 0x01, 0x01, 0x80, 0xfb, 0x00, 0x00, 0x04, 0xff, 0x00, 0x02,
  0x04, 0x00, 0x03, 0xfe, 0x00, 0x00, 0x80, 0xf8, 0x00, 0x02, 0x06, 0x00, 0x01, 0xfe, 0x00, 0x00,
  0x80, 0xf5, 0x00, 0x00, 0x40, 0xff, 0x00, 0x00, 0x04, 0xe8, 0x00, 0x00, 0x06, 0xff, 0x00, 0x00,
  0x40, 0xf8, 0x00, 0x00, 0x60, 0xff, 0x00, 0x00, 0x04, 0xf5, 0x00, 0x00, 0x60, 0xff, 0x00, 0x00,
  0x04, 0xf5, 0x00, 0x00, 0x40, 0xe9, 0x00, 0x00, 0x01, 0xf6, 0x00, 0x00, 0x02, 0xfe, 0x00, 0x00,
  0x01, 0xf7, 0x00, 0x00, 0x20, 0xfd, 0x00, 0x01, 0x01, 0x80, 0xf9, 0x00, 0x01, 0x01, 0x20, 0xfc,
  0x00, 0x00, 0x80, 0xfd, 0x00, 0x00, 0x04, 0xe2, 0x00, 0x00, 0x18, 0xfd, 0x00, 0x00, 0x20, 0xf7,
  0x00, 0x00, 0x08, 0xfc, 0x00, 0x00, 0x04, 0xf8, 0x00, 0x00, 0x18, 0xfc, 0x00, 0x00, 0x04, 0xfd,
  0x00, 0x00, 0x20, 0xfd, 0x00, 0x00, 0x10, 0xfc, 0x00, 0x00, 0x04, 0xfd, 0x00, 0x00, 0x20, 0xf8,
  0x00, 0x00, 0xc0, 0xfc, 0x00, 0x00, 0x04, 0xfd, 0x00, 0x00, 0x20, 0xfd, 0x00, 0x00, 0xa0, 0xfc,
  0x00, 0x00, 0x04, 0xfd, 0x00, 0x00, 0x20, 0xfc, 0x00, 0x00, 0x0c, 0xf8, 0x00, 0x00, 0x40, 0xfc,
  0x00, 0x00, 0x0c, 0xf3, 0x00, 0x00, 0x20, 0xf7, 0x00, 0x00, 0x20, 0xfd, 0x00, 0x00, 0x80, 0xf1,
  0x00, 0x00, 0x04, 0xf2, 0x00, 0x00, 0x04, 0xf8, 0x00, 0x00, 0x20, 0xfc, 0x00, 0x00, 0x24, 0xf8,
  0x00, 0x00, 0x20, 0xfc, 0x00, 0x00, 0x04, 0xf2, 0x00, 0x00, 0x08, 0xf8, 0x00, 0x00, 0x40, 0xfc,
  0x00, 0x00, 0x2c, 0xfd, 0x00, 0x00, 0x08, 0xfd, 0x00, 0x00, 0x20, 0xfd, 0x00, 0x01, 0xd4, 0x08,
  0xf3, 0x00, 0xff, 0x10, 0xed, 0x00, 0x00, 0x08, 0xdd, 0x00, 0x00, 0x10, 0xc2, 0x00, 0x00, 0x08,
  0xf7, 0x00, 0x00, 0x10, 0xed, 0x00, 0x00, 0x02, 0xf8, 0x00, 0x00, 0x01, 0xf1, 0x00, 0x00, 0x40,
  0xfd, 0x00, 0x00, 0x01, 0xfb, 0x00, 0x00, 0x10, 0xf5, 0x00, 0x00, 0x20, 0xf5, 0x00, 0x00, 0x20,
  0xff, 0x00, 0x00, 0xa4, 0xf0, 0x00, 0x00, 0x01, 0xf5, 0x00, 0x07, 0x0c, 0x01, 0x00, 0x01, 0x00,
  0x10, 0x00, 0x10, 0xfb, 0x00, 0x01, 0x02, 0x00, 0xff, 0x01, 0x05, 0xd4, 0x51, 0x00, 0x20, 0x58,
  0xc0, 0xfb, 0x00, 0x00, 0x10, 0xff, 0x00, 0x06, 0x03, 0x10, 0x00, 0x22, 0x04, 0x00, 0x20, 0xfb,
  0x00, 0x01, 0x10, 0x02, 0xff, 0x00, 0x00, 0x20, 0xff, 0x00, 0x01, 0x06, 0x20, 0x9d, 0x00, 0xae,
  0x00, 0x00, 0x06, 0xf2, 0x00, 0x00, 0x20, 0xff, 0x00, 0x00, 0x04, 0xfc, 0x00, 0x00, 0x80, 0xe8,
  0x00, 0x00, 0x02, 0xff, 0x00, 0x00, 0x40, 0xf8, 0x00, 0x00, 0x02, 0xf9, 0x00, 0x00, 0x04, 0xeb,
  0x00, 0x00, 0x08, 0xf9, 0x00, 0x00, 0x20, 0xe8, 0x00, 0x00, 0x02, 0xff, 0x00, 0x00, 0x80, 0xff,
  0x00, 0x00, 0x08, 0xf8, 0x00, 0x00, 0x04, 0xff, 0x00, 0x00, 0x80, 0xf3, 0x00, 0x00, 0x01, 0xf2,
  0x00, 0x00, 0x02, 0xf2, 0x00, 0x00, 0x05, 0xfe, 0x00, 0x00, 0x02, 0xe8, 0x00, 0x00, 0x01, 0xfb,
  0x00, 0x00, 0x80, 0xf9, 0x00, 0x00, 0x01, 0xfb, 0x00, 0x00, 0x80, 0xf9, 0x00, 0x00, 0x01, 0xf2,
  0x00, 0x00, 0x01, 0xf6, 0x00, 0x00, 0x18, 0xfe, 0x00, 0x02, 0x01, 0x00, 0x08, 0xf8, 0x00, 0x00,
  0x10, 0xed, 0x00, 0x01, 0x80, 0x04, 0xfd, 0x00, 0x00, 0x24, 0xfd, 0x00, 0x00, 0x20, 0xf7, 0x00,
  0x00, 0x20, 0xfd, 0x00, 0x00, 0x20, 0xfc, 0x00, 0x00, 0x0c, 0xf4, 0x00, 0x02, 0x01, 0x00, 0x0c,
  0xf4, 0x00, 0x02, 0x01, 0x00, 0x04, 0xfd, 0x00, 0x00, 0x08, 0xfd, 0x00, 0x00, 0x20, 0xfe, 0x00,
  0x02, 0x01, 0x80, 0x05, 0xf8, 0x00, 0x00, 0x20, 0xf2, 0x00, 0x00, 0x20, 0xfe, 0x00, 0x01, 0x01,
  0x80, 0xf7, 0x00, 0x00, 0x20, 0xf7, 0x00, 0x00, 0x08, 0xf9, 0x00, 0x00, 0x01, 0xf0, 0x00, 0x00,
  0x04, 0xf8, 0x00, 0x00, 0x60, 0xfc, 0x00, 0x00, 0x08, 0xf8, 0x00, 0x00, 0x20, 0xfd, 0x00, 0x01,
  0x04, 0x28, 0xfd, 0x00, 0x00, 0x08, 0xf7, 0x00, 0x00, 0x20, 0xdd, 0x00, 0x00, 0x10, 0xf2, 0x00,
  0x00, 0x14, 0xf2, 0x00, 0x00, 0x20, 0xfd, 0x00, 0x00, 0x10, 0xf7, 0x00, 0x00, 0x20, 0xc2, 0x00,
  0x00, 0x80, 0xe3, 0x00, 0x00, 0x01, 0xfc, 0x00, 0x01, 0x01, 0x80, 0xff, 0x00, 0x00, 0x10, 0xff,
  0x00, 0x00, 0x10, 0xff, 0x00, 0x00, 0x01, 0xf8, 0x00, 0x00, 0x10, 0xff, 0x00, 0x00, 0x10, 0xff,
  0x00, 0x00, 0x01, 0xf8, 0x00, 0x03, 0x80, 0x00, 0x01, 0x04, 0xef, 0x00, 0x00, 0x04, 0xf9, 0x00,
  0x00, 0x06, 0xfb, 0x00, 0x00, 0x80, 0xfa, 0x00, 0x03, 0x20, 0x28, 0x00, 0x11, 0xff, 0x00, 0x01,
  0x0c, 0x54, 0xf1, 0x00, 0x00, 0x20, 0x8e, 0x00, 0xab, 0x00, 0x00, 0x04, 0xfd, 0x00, 0x01, 0x02,
  0x84, 0xfb, 0x00, 0x00, 0x02, 0xfd, 0x00, 0x03, 0x02, 0x80, 0x00, 0x02, 0xfa, 0x00, 0x00, 0x01,
  0xff, 0x00, 0x00, 0x02, 0xef, 0x00, 0x00, 0x80, 0xef, 0x00, 0x00, 0x80, 0xfb, 0x00, 0x00, 0x10,
  0xfc, 0x00, 0x00, 0x40, 0xf8, 0x00, 0x00, 0x10, 0xff, 0x00, 0x00, 0x10, 0xec, 0x00, 0x00, 0x20,
  0xfb, 0x00, 0x00, 0x40, 0xfc, 0x00, 0x00, 0x40, 0xe5, 0x00, 0x00, 0x04, 0xf2, 0x00, 0x02, 0x06,
  0x00, 0x01, 0xf4, 0x00, 0x01, 0x04, 0x20, 0xf7, 0x00, 0x00, 0x02, 0xfc, 0x00, 0x00, 0x03, 0xfd,
  0x00, 0x00, 0x40, 0xf7, 0x00, 0x00, 0x01, 0xe8, 0x00, 0x00, 0x10, 0xfd, 0x00, 0x00, 0x20, 0xe1,
  0x00, 0x00, 0x08, 0xed, 0x00, 0x00, 0x04, 0xf8, 0x00, 0x00, 0x80, 0xe7, 0x00, 0x00, 0x40, 0xfc,
  0x00, 0x00, 0x08, 0xed, 0x00, 0x00, 0x30, 0xf2, 0x00, 0x00, 0x08, 0xd9, 0x00, 0x01, 0x01, 0x80,
  0xf1, 0x00, 0x00, 0x20, 0xf3, 0x00, 0x01, 0x80, 0x01, 0xf4, 0x00, 0x02, 0x01, 0x00, 0x08, 0xf8,
  0x00, 0x00, 0x40, 0xfe, 0x00, 0x00, 0x01, 0xf2, 0x00, 0x02, 0x01, 0x40, 0x20, 0xf4, 0x00, 0x01,
  0x01, 0x5c, 0xbc, 0x00, 0x00, 0x20, 0xb2, 0x00, 0x00, 0x40, 0xe3, 0x00, 0x00, 0x02, 0xfc, 0x00,
  0x00, 0x01, 0xf8, 0x00, 0x00, 0x01, 0xf8, 0x00, 0x00, 0x40, 0xff, 0x00, 0x00, 0x40, 0xff, 0x00,
  0x00, 0x08, 0xf8, 0x00, 0x02, 0x12, 0x00, 0x01, 0xf7, 0x00, 0x03, 0x08, 0x00, 0x08, 0x10, 0xff,
  0x00, 0x00, 0x02, 0xff, 0x00, 0x00, 0x20, 0xfb, 0x00, 0x02, 0x04, 0x80, 0x82, 0xff, 0x00, 0x00,
  0x10, 0xf6, 0x00, 0x07, 0x8a, 0xd1, 0x00, 0x3a, 0x08, 0x00, 0x20, 0xd0, 0xf7, 0x00, 0x01, 0x01,
  0x02, 0xfe, 0x00, 0x01, 0x40, 0x60, 0xf8, 0x00, 0x01, 0x20, 0x02, 0x99, 0x00, 0xab, 0x00, 0x02,
  0x04, 0x00, 0x02, 0xf2, 0x00, 0x04, 0x02, 0x80, 0x00, 0x02, 0x04, 0xfb, 0x00, 0x00, 0x01, 0xff,
  0x00, 0x00, 0x02, 0xc5, 0x00, 0x00, 0x10, 0xff, 0x00, 0x00, 0x10, 0xe5, 0x00, 0x00, 0x40, 0xf2,
  0x00, 0x00, 0x40, 0xff, 0x00, 0x00, 0x04, 0xf2, 0x00, 0x00, 0x04, 0xf2, 0x00, 0x00, 0x02, 0xf2,
  0x00, 0x01, 0x04, 0x20, 0xf1, 0x00, 0x00, 0x01, 0xf8, 0x00, 0x00, 0x04, 0xe2, 0x00, 0x00, 0x10,
  0xfd, 0x00, 0x00, 0x20, 0xfc, 0x00, 0x00, 0x04, 0xed, 0x00, 0x00, 0x10, 0xfe, 0x00, 0x00, 0x01,
  0xf6, 0x00, 0x00, 0x10, 0xee, 0x00, 0x00, 0x01, 0xf2, 0x00, 0x00, 0x01, 0xf6, 0x00, 0x00, 0x40,
  0xe7, 0x00, 0x00, 0x20, 0xcd, 0x00, 0x00, 0x40, 0xfd, 0x00, 0x00, 0x80, 0xf1, 0x00, 0x00, 0x20,
  0xf3, 0x00, 0x00, 0x80, 0xf3, 0x00, 0x02, 0x01, 0x00, 0x08, 0xf8, 0x00, 0x00, 0x40, 0xde, 0x00,
  0x01, 0x01, 0x0c, 0xcc, 0x00, 0x00, 0x04, 0x81, 0x00, 0xed, 0x00, 0x00, 0x01, 0xfe, 0x00, 0x00,
  0x10, 0xff, 0x00, 0x00, 0x10, 0xff, 0x00, 0x00, 0x08, 0xf8, 0x00, 0x00, 0x92, 0xff, 0x00, 0x00,
  0x88, 0xff, 0x00, 0x00, 0x10, 0xfb, 0x00, 0x02, 0x08, 0x00, 0x08, 0xfe, 0x00, 0x00, 0xaa, 0xf8,
  0x00, 0x03, 0x04, 0x80, 0x82, 0x04, 0xff, 0x00, 0x03, 0x88, 0x60, 0x00, 0x08, 0xfa, 0x00, 0x06,
  0x80, 0xc0, 0x00, 0x27, 0x00, 0x10, 0x20, 0xf7, 0x00, 0x02, 0x01, 0x00, 0x12, 0xf4, 0x00, 0x01,
  0x01, 0x20, 0xff, 0x02, 0x9a, 0x00, 0xab, 0x00, 0x02, 0x04, 0x00, 0x02, 0xff, 0x00, 0x01, 0x01,
  0x80, 0xfb, 0x00, 0x00, 0x30, 0xfc, 0x00, 0x03, 0x80, 0x00, 0x03, 0x04, 0xfb, 0x00, 0x00, 0x04,
  0xff, 0x00, 0x00, 0x02, 0xff, 0x00, 0x00, 0x40, 0xf8, 0x00, 0x00, 0x02, 0xff, 0x00, 0x00, 0x02,
  0xff, 0x00, 0x00, 0x80, 0xf5, 0x00, 0x00, 0x08, 0xf5, 0x00, 0x00, 0x14, 0xff, 0x00, 0x00, 0x18,
  0xdc, 0x00, 0x00, 0x20, 0xfb, 0x00, 0x00, 0x40, 0xff, 0x00, 0x00, 0x02, 0xf2, 0x00, 0x00, 0x04,
  0xe5, 0x00, 0x00, 0x80, 0xf2, 0x00, 0x00, 0x80, 0xf9, 0x00, 0x00, 0x01, 0xfb, 0x00, 0x00, 0x80,
  0xfd, 0x00, 0x00, 0x03, 0xfe, 0x00, 0x00, 0x03, 0xfc, 0x00, 0x00, 0x02, 0xfc, 0x00, 0x00, 0x02,
  0xf8, 0x00, 0x00, 0x02, 0xf2, 0x00, 0x00, 0x10, 0xfd, 0x00, 0x00, 0x20, 0xfc, 0x00, 0x00, 0x04,
  0xed, 0x00, 0x00, 0x10, 0xf2, 0x00, 0x00, 0x18, 0xf7, 0x00, 0x00, 0x04, 0xf8, 0x00, 0x00, 0x80,
  0xf3, 0x00, 0x02, 0x01, 0x80, 0x04, 0xfd, 0x00, 0x00, 0x20, 0xf7, 0x00, 0x00, 0x08, 0xf4, 0x00,
  0x00, 0x01, 0xfb, 0x00, 0x00, 0x10, 0xf8, 0x00, 0x00, 0x20, 0xf1, 0x00, 0x00, 0x01, 0xe8, 0x00,
  0x00, 0x40, 0xf7, 0x00, 0x00, 0x08, 0xf2, 0x00, 0x00, 0x08, 0xfd, 0x00, 0x00, 0x20, 0xfe, 0x00,
  0x02, 0x01, 0x00, 0x01, 0xf2, 0x00, 0x00, 0x08, 0xf4, 0x00, 0x00, 0x01, 0xf2, 0x00, 0x02, 0x01,
  0xc0, 0x04, 0xf8, 0x00, 0x00, 0x20, 0xfd, 0x00, 0x01, 0x44, 0x88, 0xf8, 0x00, 0x00, 0x60, 0xd7,
  0x00, 0x00, 0x10, 0xed, 0x00, 0x00, 0x10, 0xf7, 0x00, 0x00, 0x20, 0xfd, 0x00, 0x00, 0x10, 0xf2,
  0x00, 0x00, 0x08, 0xb2, 0x00, 0x00, 0x01, 0xfe, 0x00, 0x00, 0x10, 0xfc, 0x00, 0x00, 0x01, 0xfc,
  0x00, 0x00, 0x01, 0xfe, 0x00, 0x00, 0x40, 0xff, 0x00, 0x00, 0x40, 0xf5, 0x00, 0x00, 0x80, 0xff,
  0x00, 0x00, 0xc8, 0xff, 0x00, 0x00, 0x10, 0xf5, 0x00, 0x00, 0xa8, 0xff, 0x00, 0x00, 0x20, 0xfb,
  0x00, 0x09, 0x01, 0x80, 0xb2, 0x04, 0x20, 0x06, 0x88, 0xe0, 0x00, 0x18, 0xfb, 0x00, 0x01, 0x01,
  0x82, 0xff, 0x00, 0x03, 0x29, 0x22, 0x10, 0x20, 0xf7, 0x00, 0xff, 0x01, 0x00, 0x10, 0xfe, 0x00,
  0x00, 0x40, 0xf8, 0x00, 0x00, 0x01, 0xff, 0x00, 0x00, 0x02, 0x9a, 0x00, 0xab, 0x00, 0x02, 0x04,
  0x00, 0x02, 0xff, 0x00, 0x01, 0x02, 0x44, 0xfb, 0x00, 0x00, 0x12, 0xff, 0x00, 0x00, 0x04, 0xfd,
  0x00, 0x01, 0x02, 0x40, 0xf8, 0x00, 0x00, 0x02, 0xfc, 0x00, 0x00, 0x80, 0xf2, 0x00, 0x00, 0x80,
  0xf8, 0x00, 0x00, 0x08, 0xfc, 0x00, 0x00, 0x80, 0xf8, 0x00, 0x00, 0x10, 0xff, 0x00, 0x00, 0x40,
  0xef, 0x00, 0x00, 0x20, 0xfb, 0x00, 0x00, 0x40, 0xf3, 0x00, 0x00, 0x01, 0xfe, 0x00, 0x00, 0x04,
  0xff, 0x00, 0x00, 0x40, 0xff, 0x00, 0x00, 0x08, 0xe2, 0x00, 0x00, 0x01, 0xfc, 0x00, 0x01, 0x01,
  0x80, 0xff, 0x00, 0x00, 0x04, 0xfc, 0x00, 0x00, 0x01, 0xfb, 0x00, 0x00, 0x80, 0xfe, 0x00, 0x00,
  0x20, 0xf7, 0x00, 0x01, 0x02, 0x80, 0xfe, 0x00, 0x01, 0x20, 0x01, 0xfe, 0x00, 0x00, 0x03, 0xfc,
  0x00, 0x00, 0x04, 0xfc, 0x00, 0x00, 0x01, 0xfd, 0x00, 0x00, 0x40, 0xdd, 0x00, 0x00, 0x04, 0xee,
  0x00, 0x00, 0x01, 0xfb, 0x00, 0x00, 0x10, 0xf8, 0x00, 0x00, 0x80, 0xf3, 0x00, 0x02, 0x01, 0x00,
  0x04, 0xfd, 0x00, 0x00, 0x04, 0xf7, 0x00, 0x00, 0x04, 0xfd, 0x00, 0x00, 0x20, 0xfd, 0x00, 0x00,
  0x40, 0xde, 0x00, 0x00, 0x01, 0xfb, 0x00, 0x00, 0x18, 0xed, 0x00, 0x00, 0x40, 0xfd, 0x00, 0x01,
  0x80, 0x08, 0xcd, 0x00, 0x00, 0x08, 0xfd, 0x00, 0x00, 0x20, 0xdd, 0x00, 0x01, 0x40, 0x04, 0xf3,
  0x00, 0x01, 0x14, 0x68, 0x8d, 0x00, 0x00, 0x04, 0xf2, 0x00, 0x00, 0x50, 0xf2, 0x00, 0x00, 0xc0,
  0xf3, 0x00, 0x00, 0x01, 0xf2, 0x00, 0x00, 0x03, 0xfb, 0x00, 0x00, 0x80, 0xef, 0x00, 0x00, 0x20,
  0xf5, 0x00, 0x00, 0x20, 0xff, 0x00, 0x03, 0x20, 0x80, 0x00, 0x45, 0xf8, 0x00, 0x00, 0x20, 0xfe,
  0x00, 0x03, 0x80, 0x00, 0x04, 0x80, 0xf9, 0x00, 0x02, 0x1b, 0x80, 0xb0, 0xfb, 0x00, 0x00, 0x80,
  0xfa, 0x00, 0x07, 0x98, 0x28, 0x00, 0x81, 0x68, 0x00, 0x09, 0xdc, 0xf6, 0x00, 0x01, 0x14, 0x02,
  0xf7, 0x00, 0x01, 0x10, 0x02, 0xfc, 0x00, 0x00, 0x04, 0x9c, 0x00, 0x9e, 0x00, 0x00, 0x10, 0xef,
  0x00, 0x00, 0x04, 0xf5, 0x00, 0x00, 0x02, 0xff, 0x00, 0x02, 0x04, 0x00, 0x01, 0xfe, 0x00, 0x00,
  0x40, 0xfb, 0x00, 0x00, 0x02, 0xdf, 0x00, 0x00, 0x02, 0xff, 0x00, 0x00, 0x40, 0xff, 0x00, 0x00,
  0x10, 0xfb, 0x00, 0x00, 0x10, 0xff, 0x00, 0x02, 0x04, 0x00, 0x01, 0xf7, 0x00, 0x00, 0x20, 0xef,
  0x00, 0x00, 0x04, 0xf0, 0x00, 0x00, 0x01, 0xf8, 0x00, 0x00, 0x01, 0xfc, 0x00, 0x00, 0x01, 0xf4,
  0x00, 0x00, 0x01, 0xfc, 0x00, 0x00, 0x02, 0xf8, 0x00, 0x00, 0x01, 0xfb, 0x00, 0x00, 0x40, 0xfd,
  0x00, 0x00, 0x02, 0xfe, 0x00, 0x02, 0x01, 0x80, 0x02, 0xfd, 0x00, 0x00, 0x80, 0xfd, 0x00, 0x00,
  0x0a, 0xfe, 0x00, 0x01, 0x01, 0x80, 0xfc, 0x00, 0x00, 0x80, 0xf9, 0x00, 0x01, 0x01, 0x80, 0xf7,
  0x00, 0x00, 0x0c, 0xfe, 0x00, 0x02, 0x01, 0x00, 0x04, 0xf8, 0x00, 0x00, 0x10, 0xfe, 0x00, 0x02,
  0x01, 0x00, 0x04, 0xfd, 0x00, 0x00, 0x20, 0xfd, 0x00, 0x00, 0x08, 0xfd, 0x00, 0x01, 0x80, 0x0c,
  0xfd, 0x00, 0x00, 0x24, 0xf8, 0x00, 0x00, 0xc0, 0xfc, 0x00, 0x00, 0x2c, 0xfd, 0x00, 0x00, 0x20,
  0xfd, 0x00, 0x01, 0xa0, 0x04, 0xfd, 0x00, 0x00, 0x2c, 0xfd, 0x00, 0x00, 0x20, 0xfc, 0x00, 0x00,
  0x04, 0xf8, 0x00, 0x00, 0x20, 0xfc, 0x00, 0x00, 0x04, 0xfd, 0x00, 0x00, 0x08, 0xf8, 0x00, 0x01,
  0xe0, 0x04, 0xfd, 0x00, 0x00, 0x10, 0xfd, 0x00, 0x00, 0x20, 0xfe, 0x00, 0x02, 0x01, 0x80, 0x0c,
  0xfd, 0x00, 0x00, 0x08, 0xfd, 0x00, 0x00, 0x20, 0xfd, 0x00, 0x01, 0x80, 0x0c, 0xfd, 0x00, 0x00,
  0x08, 0xf8, 0x00, 0x01, 0x80, 0x04, 0xf3, 0x00, 0x01, 0x80, 0x04, 0xed, 0x00, 0x00, 0x04, 0xfd,
  0x00, 0x00, 0x20, 0xfd, 0x00, 0x01, 0x40, 0x04, 0xfd, 0x00, 0x00, 0x08, 0xfd, 0x00, 0x00, 0x20,
  0xfd, 0x00, 0xff, 0x20, 0xfd, 0x00, 0x00, 0x08, 0xf8, 0x00, 0x01, 0xd0, 0x50, 0xfd, 0x00, 0x00,
  0x08, 0xf8, 0x00, 0x01, 0x11, 0x10, 0xfd, 0x00, 0x00, 0x08, 0xfd, 0x00, 0x00, 0x60, 0xf7, 0x00,
  0x00, 0x0c, 0xf2, 0x00, 0x00, 0x08, 0xe2, 0x00, 0x00, 0x10, 0xfd, 0x00, 0x00, 0x10, 0xf7, 0x00,
  0x00, 0x10, 0xf2, 0x00, 0x00, 0x20, 0xfd, 0x00, 0x00, 0x08, 0xf7, 0x00, 0x00, 0x20, 0xdd, 0x00,
  0x00, 0x02, 0xe7, 0x00, 0x00, 0x40, 0xd9, 0x00, 0xff, 0x80, 0x01, 0x00, 0x41, 0xf8, 0x00, 0x00,
  0x20, 0xff, 0x00, 0x06, 0x10, 0x00, 0x01, 0x00, 0x80, 0x00, 0x04, 0xfb, 0x00, 0x09, 0x12, 0x00,
  0x08, 0x00, 0xa0, 0x10, 0x80, 0x10, 0x00, 0x80, 0xfb, 0x00, 0x01, 0x01, 0x30, 0xff, 0x00, 0x05,
  0xb0, 0x01, 0x80, 0x05, 0x00, 0xc0, 0xf8, 0x00, 0x06, 0x03, 0x00, 0x40, 0x20, 0x04, 0x00, 0x40,
  0xfb, 0x00, 0x00, 0x10, 0xff, 0x00, 0x01, 0x02, 0x20, 0xff, 0x00, 0x01, 0x06, 0x64, 0x9d, 0x00,
  0xae, 0x00, 0x00, 0x06, 0xfd, 0x00, 0x00, 0x02, 0xff, 0x00, 0x01, 0x01, 0x80, 0xf8, 0x00, 0x00,
  0x04, 0xff, 0x00, 0x02, 0x80, 0x00, 0x01, 0xf4, 0x00, 0x00, 0x40, 0xf8, 0x00, 0x00, 0x08, 0xfc,
  0x00, 0x00, 0x40, 0xf2, 0x00, 0x00, 0x40, 0xff, 0x00, 0x00, 0x20, 0xfb, 0x00, 0x00, 0x2c, 0xff,
  0x00, 0x00, 0x08, 0xfc, 0x00, 0x00, 0x20, 0xfb, 0x00, 0x00, 0x08, 0xfd, 0x00, 0x00, 0x01, 0xf7,
  0x00, 0x00, 0x10, 0xfc, 0x00, 0x00, 0x40, 0xf2, 0x00, 0x00, 0x80, 0xf8, 0x00, 0x00, 0xc0, 0xfd,
  0x00, 0x01, 0x01, 0x80, 0xf8, 0x00, 0x00, 0x80, 0xf3, 0x00, 0x00, 0x01, 0xfe, 0x00, 0x00, 0x01,
  0xf6, 0x00, 0x00, 0x10, 0xfd, 0x00, 0x01, 0x20, 0x05, 0xfd, 0x00, 0x00, 0x80, 0xf8, 0x00, 0x01,
  0x20, 0x04, 0xf8, 0x00, 0x00, 0x10, 0xec, 0x00, 0x00, 0x04, 0xf8, 0x00, 0x00, 0x08, 0xfd, 0x00,
  0x01, 0x80, 0x04, 0xe8, 0x00, 0x00, 0x08, 0xf7, 0x00, 0x00, 0x10, 0xf2, 0x00, 0x00, 0x10, 0xf8,
  0x00, 0x00, 0xc0, 0xe7, 0x00, 0x00, 0x20, 0xfc, 0x00, 0x00, 0x04, 0xf8, 0x00, 0x00, 0x20, 0xfc,
  0x00, 0x00, 0x04, 0xf3, 0x00, 0x00, 0xe0, 0xfc, 0x00, 0x00, 0x08, 0xfd, 0x00, 0x00, 0x20, 0xfc,
  0x00, 0x00, 0x08, 0xfd, 0x00, 0x00, 0x04, 0xfd, 0x00, 0x00, 0x40, 0xf2, 0x00, 0x00, 0x20, 0xf2,
  0x00, 0x00, 0x20, 0xfd, 0x00, 0x01, 0x80, 0x20, 0xf2, 0x00, 0x00, 0x04, 0xfd, 0x00, 0x00, 0x04,
  0xfd, 0x00, 0x00, 0x20, 0xfc, 0x00, 0x00, 0x08, 0xf2, 0x00, 0x00, 0x04, 0xf8, 0x00, 0x00, 0x20,
  0xfd, 0x00, 0x01, 0x01, 0x40, 0xf8, 0x00, 0x00, 0x20, 0xe7, 0x00, 0x00, 0x04, 0xfd, 0x00, 0x00,
  0x40, 0xf7, 0x00, 0x00, 0x08, 0xe2, 0x00, 0x00, 0x10, 0xf2, 0x00, 0x00, 0x10, 0xd2, 0x00, 0x00,
  0x40, 0xac, 0x00, 0x00, 0x80, 0xff, 0x00, 0x00, 0x40, 0xff, 0x00, 0x00, 0x90, 0xf8, 0x00, 0x00,
  0x80, 0xfe, 0x00, 0x00, 0x80, 0xf4, 0x00, 0x04, 0x03, 0x00, 0x80, 0x04, 0x80, 0xff, 0x00, 0x00,
  0x90, 0xfb, 0x00, 0x07, 0x02, 0x00, 0x10, 0x00, 0xc0, 0x16, 0x80, 0x01, 0xf6, 0x00, 0xff, 0x10,
  0x00, 0x02, 0xfe, 0x00, 0x00, 0x20, 0xfa, 0x00, 0x00, 0x20, 0xfe, 0x00, 0x02, 0x02, 0x00, 0x04,
  0x9c, 0x00, 0xae, 0x00, 0x00, 0x06, 0xfd, 0x00, 0x00, 0x02, 0xfe, 0x00, 0x00, 0x40, 0xf6, 0x00,
  0x00, 0x04, 0xfe, 0x00, 0x00, 0xc0, 0xf8, 0x00, 0x02, 0x02, 0x00, 0x01, 0xee, 0x00, 0x00, 0x40,
  0xfb, 0x00, 0x00, 0x10, 0xf2, 0x00, 0x00, 0x08, 0xe9, 0x00, 0x00, 0x18, 0xfb, 0x00, 0x00, 0x20,
  0xe2, 0x00, 0x00, 0x80, 0xfd, 0x00, 0x00, 0x01, 0xf7, 0x00, 0x00, 0x80, 0xf3, 0x00, 0x00, 0x05,
  0xf2, 0x00, 0x00, 0x10, 0xe7, 0x00, 0x00, 0x80, 0xfd, 0x00, 0x00, 0x10, 0xf2, 0x00, 0x00, 0x08,
  0xe2, 0x00, 0x00, 0x20, 0xfd, 0x00, 0x00, 0xc0, 0xf7, 0x00, 0x00, 0x20, 0xfd, 0x00, 0x00, 0x40,
  0xf7, 0x00, 0x00, 0x10, 0xfd, 0x00, 0x00, 0x40, 0xfc, 0x00, 0x00, 0x10, 0xdd, 0x00, 0x00, 0x60,
  0xfc, 0x00, 0x00, 0x04, 0xfd, 0x00, 0x00, 0x08, 0xfd, 0x00, 0x00, 0x60, 0xfc, 0x00, 0x00, 0x04,
  0xd3, 0x00, 0x00, 0x40, 0xf7, 0x00, 0x00, 0x40, 0xfc, 0x00, 0x00, 0x24, 0xe8, 0x00, 0x00, 0x20,
  0xfd, 0x00, 0x00, 0x80, 0xf7, 0x00, 0x00, 0x20, 0xed, 0x00, 0x01, 0x40, 0x10, 0xf2, 0x00, 0x00,
  0x08, 0xd8, 0x00, 0x00, 0x20, 0xf7, 0x00, 0x00, 0x08, 0xf2, 0x00, 0x00, 0x10, 0xfd, 0x00, 0x00,
  0x20, 0xf7, 0x00, 0x00, 0x08, 0xcd, 0x00, 0x00, 0x08, 0xc2, 0x00, 0x00, 0x01, 0xf8, 0x00, 0x00,
  0x05, 0xf2, 0x00, 0x00, 0x01, 0xfb, 0x00, 0x00, 0x80, 0xf2, 0x00, 0x00, 0x80, 0xfc, 0x00, 0x01,
  0x44, 0x80, 0xf2, 0x00, 0x00, 0x80, 0xf4, 0x00, 0x00, 0x12, 0xfe, 0x00, 0x00, 0x40, 0xfa, 0x00,
  0x04, 0x22, 0x20, 0x12, 0x04, 0x02, 0xfe, 0x00, 0x00, 0x20, 0xfb, 0x00, 0x05, 0x02, 0x00, 0x20,
  0x01, 0x10, 0x02, 0x9a, 0x00
};
