// Music - 75 frames, 128x64, XOR-delta + PackBits
#pragma once
#include <Arduino.h>

#define MUSIC_FRAMES 75

const uint16_t music_offsets[76] PROGMEM = {
  0, 727, 1296, 1901, 2480, 2950, 3512, 4183, 4794, 5382, 5983, 6584, 7065, 7614, 8204, 8819,
  9494, 10236, 10811, 11207, 11878, 12368, 12964, 13612, 14238, 14685, 15226, 15734, 16410, 17071, 17666, 18293,
  18951, 19466, 19902, 20388, 20946, 21547, 22169, 22761, 23456, 24076, 24560, 25067, 25622, 26149, 26794, 27416,
  27841, 28014, 28156, 28371, 29088, 29559, 29667, 29732, 29792, 29874, 29921, 29993, 30040, 30109, 30167, 30209,
  30253, 30307, 30741, 30825, 30905, 30977, 31058, 31114, 31161, 31206, 31248, 31972
};

const uint8_t music_data[31972] PROGMEM = {
  0xa3, 0x00, 0x00, 0x08, 0xfd, 0x00, 0x05, 0x02, 0x42, 0x18, 0x41, 0x08, 0x20, 0xfd, 0x00, 0x01,
  0xc2, 0x18, 0xfd, 0x00, 0x05, 0x03, 0xc2, 0x18, 0x43, 0x08, 0x60, 0xfe, 0x00, 0x02, 0x10, 0xc2,
  0x18, 0xfd, 0x00, 0x02, 0x07, 0xc2, 0x10, 0xff, 0x00, 0x00, 0x20, 0xff, 0x00, 0x00, 0x10, 0xfc,
  0x00, 0x0d, 0x04, 0x10, 0x87, 0xc0, 0x40, 0x00, 0x61, 0x0c, 0x61, 0x84, 0x30, 0x82, 0x00, 0x40,
  0xff, 0x00, 0x0b, 0x0c, 0x30, 0x87, 0x90, 0xc0, 0x08, 0xc3, 0x18, 0x61, 0x8c, 0x30, 0x86, 0xfd,
  0x00, 0x07, 0x0c, 0x20, 0x03, 0x90, 0x40, 0x00, 0x40, 0x20, 0xfd, 0x00, 0x00, 0x02, 0xfb, 0x00,
  0x06, 0xc2, 0x00, 0x01, 0x00, 0x60, 0x00, 0x04, 0xff, 0x00, 0x01, 0x06, 0x10, 0xfd, 0x00, 0x0b,
  0x30, 0x82, 0x30, 0x43, 0x08, 0x60, 0x00, 0x06, 0x00, 0x80, 0x16, 0x10, 0xfe, 0x00, 0x00, 0x10,
  0xff, 0x00, 0x09, 0x40, 0x00, 0x01, 0x04, 0x21, 0x86, 0x30, 0x82, 0x10, 0x40, 0xff, 0x00, 0x0d,
  0x04, 0x30, 0x82, 0x18, 0x40, 0x00, 0x43, 0x0c, 0x61, 0x8c, 0x30, 0x82, 0x10, 0xc0, 0xff, 0x00,
  0x0d, 0x0c, 0x30, 0x87, 0x10, 0x46, 0x00, 0xc3, 0x18, 0x61, 0x04, 0x20, 0x00, 0x10, 0x40, 0xfd,
  0x00, 0x03, 0x07, 0xc0, 0x00, 0x60, 0xfa, 0x00, 0x00, 0x10, 0xfd, 0x00, 0x0b, 0x3f, 0xff, 0x00,
  0xc0, 0x08, 0x00, 0x0c, 0x00, 0x08, 0x00, 0x82, 0x38, 0xff, 0x00, 0x05, 0x03, 0x00, 0x3f, 0xff,
  0x00, 0xc0, 0xff, 0x00, 0x02, 0x04, 0x00, 0x18, 0xff, 0x02, 0x00, 0x40, 0xff, 0x00, 0x0d, 0x06,
  0x10, 0xcf, 0xff, 0x40, 0x00, 0x01, 0x0c, 0x21, 0x84, 0x30, 0x82, 0x10, 0xc0, 0xff, 0x00, 0x0d,
  0x0c, 0x30, 0x8f, 0xff, 0xc0, 0x10, 0xc3, 0x1c, 0x63, 0x8c, 0x30, 0x82, 0x10, 0x40, 0xff, 0x00,
  0x07, 0x04, 0x30, 0x8f, 0xfb, 0x40, 0x00, 0x82, 0x08, 0xfc, 0x00, 0x00, 0x08, 0xfd, 0x00, 0x04,
  0x0f, 0xe3, 0x08, 0x40, 0x0c, 0xfc, 0x00, 0x01, 0xc0, 0x18, 0xfd, 0x00, 0x05, 0x1f, 0xe2, 0x00,
  0x40, 0x08, 0x01, 0xfd, 0x00, 0x01, 0x80, 0x10, 0xfd, 0x00, 0x01, 0x1f, 0xf0, 0xff, 0x40, 0x07,
  0x01, 0x04, 0x20, 0x84, 0x10, 0x82, 0x10, 0x40, 0xfe, 0x00, 0x0c, 0x30, 0x8f, 0xe0, 0x43, 0x00,
  0x41, 0x0c, 0x21, 0x84, 0x10, 0x86, 0x10, 0x40, 0xfe, 0x00, 0x0b, 0x30, 0x8f, 0xf0, 0xc3, 0x70,
  0x01, 0x0c, 0x21, 0x84, 0x10, 0xc2, 0x10, 0xfd, 0x00, 0x0c, 0x10, 0xdf, 0xf0, 0x08, 0xf1, 0x04,
  0x24, 0x20, 0x80, 0x10, 0xe2, 0x10, 0x08, 0xfd, 0x00, 0x05, 0xff, 0xfa, 0x18, 0xf1, 0x00, 0x20,
  0xfe, 0x00, 0x02, 0x40, 0x00, 0x18, 0xfe, 0x00, 0x06, 0x01, 0xff, 0xfe, 0x18, 0xf1, 0x00, 0x20,
  0xff, 0x00, 0x01, 0x10, 0x42, 0xfd, 0x00, 0x01, 0x06, 0x11, 0xff, 0xff, 0x08, 0x48, 0x61, 0x01,
  0x24, 0x21, 0x86, 0x10, 0x82, 0x18, 0xfe, 0x00, 0x01, 0x06, 0x31, 0xff, 0xff, 0x08, 0xd8, 0x09,
  0xc1, 0x0c, 0x21, 0x84, 0x10, 0xc6, 0x10, 0xfe, 0x00, 0x01, 0x06, 0x11, 0xff, 0xff, 0x08, 0xd8,
  0x1b, 0xc1, 0x0c, 0x20, 0x86, 0x10, 0xe2, 0x40, 0xfe, 0x00, 0x01, 0x06, 0x02, 0xff, 0xff, 0x02,
  0xfc, 0xef, 0xcd, 0xfe, 0x00, 0x02, 0x10, 0xf2, 0x40, 0xfe, 0x00, 0x06, 0x06, 0x00, 0x0f, 0xff,
  0xfd, 0xf3, 0xcf, 0xfe, 0x00, 0x01, 0x10, 0xc2, 0xff, 0x40, 0xff, 0x00, 0x0d, 0x0e, 0x00, 0xdf,
  0xff, 0xef, 0xfb, 0x8f, 0x84, 0x60, 0x84, 0x10, 0xc2, 0x00, 0x48, 0xff, 0x00, 0x01, 0x0e, 0x11,
  0xff, 0xff, 0x09, 0xcf, 0xff, 0x8f, 0x8c, 0x21, 0x84, 0x10, 0xc6, 0x18, 0x48, 0xff, 0x00, 0x01,
  0x0e, 0x13, 0xff, 0xff, 0x09, 0xc7, 0xff, 0xcf, 0x84, 0x21, 0x86, 0x10, 0xc2, 0x18, 0x48, 0xff,
  0x00, 0x01, 0x0e, 0x13, 0xff, 0xff, 0x00, 0xef, 0xff, 0xff, 0x06, 0x84, 0x20, 0x80, 0x10, 0xf0,
  0x08, 0x40, 0xff, 0x00, 0x01, 0x1f, 0x83, 0xfc, 0xff, 0x00, 0x80, 0xff, 0x00, 0x01, 0x01, 0xf0,
  0xfd, 0x00, 0x01, 0x3f, 0x83, 0xfc, 0xff, 0x00, 0x80, 0xff, 0x00, 0x01, 0x03, 0xf0, 0xfd, 0x00,
  0x01, 0x3f, 0x9f, 0xfc, 0xff, 0x06, 0xb4, 0xb0, 0x86, 0x13, 0xf0, 0x18, 0x08, 0xff, 0x00, 0x00,
  0x3f, 0xfb, 0xff, 0x06, 0xfc, 0xf1, 0x86, 0x11, 0xf0, 0x18, 0x08, 0xff, 0x00, 0x00, 0x3f, 0xfb,
  0xff, 0x06, 0xfc, 0xf3, 0xc6, 0x13, 0xf8, 0x18, 0x48, 0xff, 0x00, 0x00, 0x3f, 0xfb, 0xff, 0x06,
  0xfe, 0xf7, 0xef, 0x39, 0xf0, 0x00, 0x18, 0xff, 0x00, 0x00, 0x3f, 0xf7, 0xff, 0x02, 0xf0, 0x1e,
  0x78, 0xff, 0x00, 0x00, 0x3f, 0xf7, 0xff, 0x02, 0xfb, 0x7f, 0x7c, 0xff, 0x00, 0x00, 0x3f, 0xf5,
  0xff, 0x00, 0xfc, 0xff, 0x00, 0x00, 0x3f, 0xf5, 0xff, 0x00, 0xfe, 0xff, 0x00, 0x00, 0x3f, 0xf5,
  0xff, 0x00, 0xfe, 0xff, 0x00, 0x00, 0x3f, 0xf5, 0xff, 0x00, 0xfe, 0xff, 0x00, 0x00, 0x3f, 0xf5,
  0xff, 0x00, 0xfe, 0xff, 0x00, 0x00, 0x3f, 0xf5, 0xff, 0x00, 0xfe, 0xff, 0x00, 0x00, 0x3f, 0xf5,
  0xff, 0x00, 0xfe, 0xff, 0x00, 0x00, 0x3f, 0xf9, 0xff, 0x04, 0x96, 0xb8, 0x12, 0x5b, 0x48, 0xff,
  0x00, 0x02, 0x02, 0x90, 0x48, 0x85, 0x00, 0x9e, 0x00, 0x01, 0x02, 0x40, 0xff, 0x00, 0x00, 0x04,
  0xf6, 0x00, 0x00, 0x03, 0xfe, 0x00, 0x00, 0x04, 0xf6, 0x00, 0x01, 0x07, 0x40, 0xff, 0x00, 0x00,
  0x0f, 0xf6, 0x00, 0x01, 0x05, 0xc0, 0xff, 0x00, 0x02, 0x0e, 0x00, 0x40, 0xfe, 0x00, 0x00, 0x10,
  0xfc, 0x00, 0x01, 0x05, 0x80, 0xff, 0x00, 0x00, 0x0c, 0xfc, 0x00, 0x00, 0x10, 0xfc, 0x00, 0x06,
  0x01, 0x80, 0x00, 0x01, 0x0f, 0x00, 0x20, 0xf8, 0x00, 0x04, 0x02, 0xc0, 0x00, 0x02, 0x08, 0xf6,
  0x00, 0x03, 0x03, 0x04, 0x00, 0x01, 0xff, 0x00, 0x00, 0x20, 0xf9, 0x00, 0x07, 0x20, 0x07, 0xc0,
  0x40, 0x00, 0x0c, 0x00, 0x01, 0xf8, 0x00, 0x01, 0x05, 0xe8, 0xff, 0x00, 0x01, 0x0c, 0x90, 0xf6,
  0x00, 0x00, 0xe0, 0xff, 0x00, 0x00, 0x0c, 0xf6, 0x00, 0x00, 0x80, 0xff, 0x00, 0x01, 0x20, 0x0c,
  0xf6, 0x00, 0x01, 0xc8, 0x39, 0xff, 0x00, 0x04, 0x04, 0x00, 0x08, 0x00, 0x08, 0xff, 0x00, 0x00,
  0x08, 0xff, 0x00, 0x04, 0x02, 0x00, 0xc0, 0x31, 0x10, 0xfe, 0x00, 0x00, 0x04, 0xf8, 0x00, 0x01,
  0x2d, 0xc0, 0xfa, 0x00, 0x00, 0x40, 0xfb, 0x00, 0x03, 0x4d, 0xc0, 0x00, 0x08, 0xf6, 0x00, 0x05,
  0x10, 0x0d, 0xc4, 0x80, 0x10, 0x01, 0xf6, 0x00, 0x04, 0x1d, 0x9c, 0x80, 0x01, 0x13, 0xfc, 0x00,
  0x00, 0x02, 0xfc, 0x00, 0x04, 0x0d, 0xdd, 0x90, 0x00, 0x17, 0xf6, 0x00, 0x04, 0x1d, 0xcf, 0x80,
  0x40, 0x3e, 0xfd, 0x00, 0x00, 0x80, 0xfb, 0x00, 0x04, 0x0c, 0x9f, 0x81, 0x00, 0x3e, 0xff, 0x00,
  0x00, 0x02, 0xfb, 0x00, 0x07, 0x04, 0x00, 0x08, 0x0f, 0x01, 0x70, 0x7e, 0x80, 0xf9, 0x00, 0x07,
  0x04, 0x00, 0x10, 0x0f, 0xc0, 0xb0, 0x3b, 0x80, 0xfe, 0x00, 0x02, 0x80, 0x0a, 0x08, 0xfc, 0x00,
  0x04, 0x05, 0x80, 0xb0, 0x7f, 0x80, 0xfe, 0x00, 0x02, 0x02, 0x1b, 0x18, 0xfc, 0x00, 0x09, 0x01,
  0x80, 0xb0, 0x7f, 0x80, 0x00, 0x80, 0x00, 0x80, 0x1f, 0xfe, 0x00, 0x00, 0x02, 0xfe, 0x00, 0x03,
  0x80, 0x60, 0x7e, 0x80, 0xfd, 0x00, 0x00, 0x07, 0xfd, 0x00, 0x00, 0x0a, 0xff, 0x00, 0x08, 0x18,
  0x01, 0x3e, 0x80, 0x00, 0x0a, 0x00, 0x44, 0x08, 0xfd, 0x00, 0x00, 0x2e, 0xff, 0x00, 0x06, 0x18,
  0x1b, 0xbe, 0x88, 0x00, 0x08, 0x80, 0xff, 0x00, 0x00, 0x08, 0xfe, 0x00, 0x00, 0x3d, 0xff, 0x00,
  0x09, 0x34, 0xae, 0xf2, 0x80, 0x00, 0x06, 0x00, 0x30, 0x00, 0x08, 0xff, 0x00, 0x0d, 0x06, 0x3f,
  0xf0, 0x00, 0x7d, 0xb2, 0xf0, 0x81, 0x00, 0x06, 0x00, 0x10, 0x40, 0x48, 0xff, 0x00, 0x09, 0x0e,
  0x3f, 0x20, 0x00, 0x2f, 0xba, 0x70, 0x00, 0x60, 0x0a, 0xff, 0x00, 0x01, 0x0b, 0x40, 0xff, 0x00,
  0x01, 0x08, 0x2e, 0xff, 0x00, 0x09, 0x0c, 0xf4, 0x70, 0x08, 0x00, 0x0b, 0x00, 0x20, 0x27, 0x40,
  0xff, 0x00, 0x01, 0x08, 0x6c, 0xff, 0x00, 0x02, 0x05, 0xf4, 0x30, 0xff, 0x00, 0x04, 0x19, 0x00,
  0x04, 0x27, 0xc0, 0xff, 0x00, 0x01, 0x08, 0xec, 0xff, 0x00, 0x01, 0x27, 0xf0, 0xfe, 0x00, 0x04,
  0x1f, 0x83, 0x00, 0x77, 0xc0, 0xff, 0x00, 0x01, 0x18, 0x7c, 0xff, 0x00, 0x01, 0x3f, 0xfc, 0xfe,
  0x00, 0x04, 0xff, 0x80, 0x00, 0x3f, 0x80, 0xff, 0x00, 0x01, 0x38, 0x7c, 0xff, 0x00, 0x01, 0x3f,
  0xf8, 0xff, 0x00, 0x05, 0x07, 0xff, 0x80, 0x00, 0x3f, 0x80, 0xff, 0x00, 0x01, 0x30, 0x60, 0xff,
  0x00, 0x09, 0x37, 0xf0, 0x00, 0x34, 0x97, 0x79, 0x80, 0x00, 0x27, 0xc0, 0xff, 0x00, 0x00, 0x20,
  0xfe, 0x00, 0x09, 0x3f, 0xe0, 0x00, 0x7c, 0xd6, 0x79, 0x92, 0x08, 0x27, 0xd0, 0xfb, 0x00, 0x09,
  0x27, 0xc0, 0x00, 0x7c, 0xd4, 0x39, 0xac, 0x00, 0x67, 0xb4, 0xfb, 0x00, 0x09, 0x03, 0xc0, 0x00,
  0x7e, 0xf8, 0x10, 0xc6, 0x08, 0x7f, 0xe4, 0xf8, 0x00, 0x01, 0x7f, 0xf0, 0xff, 0x00, 0x02, 0x0f,
  0xe1, 0x84, 0xf8, 0x00, 0x00, 0x5f, 0xfe, 0x00, 0x02, 0x04, 0x80, 0x82, 0xf2, 0x00, 0x00, 0x02,
  0x97, 0x00, 0x00, 0x08, 0xff, 0x00, 0x01, 0x80, 0x11, 0xfe, 0x00, 0x01, 0x02, 0x80, 0x84, 0x00,
  0xaf, 0x00, 0x00, 0x78, 0xf2, 0x00, 0x00, 0xfe, 0xfd, 0x00, 0x00, 0x04, 0xf8, 0x00, 0x07, 0x01,
  0xfe, 0x00, 0x40, 0x00, 0x80, 0x04, 0x40, 0xf9, 0x00, 0x01, 0x01, 0xfe, 0xfd, 0x00, 0x01, 0x0f,
  0x20, 0xf8, 0x00, 0x02, 0xee, 0x00, 0x10, 0xff, 0x00, 0x00, 0x0e, 0xf8, 0x00, 0x01, 0x01, 0xce,
  0xfe, 0x00, 0x01, 0x08, 0x0c, 0xf8, 0x00, 0x01, 0x01, 0xde, 0xfd, 0x00, 0x02, 0x4f, 0x00, 0x20,
  0xfa, 0x00, 0x06, 0x01, 0xfe, 0x00, 0x82, 0x00, 0x02, 0x08, 0xf8, 0x00, 0x05, 0x01, 0xfe, 0x10,
  0x00, 0x20, 0x41, 0xff, 0x00, 0x00, 0x20, 0xfa, 0x00, 0x03, 0x01, 0xce, 0xe4, 0xc0, 0xff, 0x00,
  0x00, 0x0c, 0xf8, 0x00, 0x07, 0x01, 0xcf, 0x71, 0xe0, 0x80, 0x00, 0x0c, 0x90, 0xfc, 0x00, 0x00,
  0x40, 0xff, 0x00, 0x03, 0x01, 0xcf, 0x75, 0xe0, 0xff, 0x00, 0x00, 0x0c, 0xfb, 0x00, 0x00, 0x40,
  0xff, 0x00, 0x03, 0x01, 0xff, 0x77, 0xc0, 0xff, 0x00, 0x00, 0x0c, 0xf8, 0x00, 0x03, 0x01, 0xff,
  0x07, 0xc4, 0xff, 0x00, 0x00, 0x04, 0xf7, 0x00, 0x03, 0xff, 0x07, 0xc8, 0x10, 0xf6, 0x00, 0x03,
  0x03, 0xef, 0x18, 0x37, 0xf5, 0x00, 0x04, 0x01, 0xcf, 0x34, 0x2f, 0x80, 0xf6, 0x00, 0x06, 0x01,
  0xdf, 0x7c, 0xff, 0xc0, 0x00, 0x03, 0xfd, 0x00, 0x00, 0x02, 0xfc, 0x00, 0x05, 0xff, 0xed, 0xbd,
  0x88, 0x01, 0x13, 0xfc, 0x00, 0x00, 0x42, 0xfe, 0x00, 0x07, 0x01, 0xff, 0xed, 0xff, 0x90, 0x00,
  0x17, 0x01, 0xfc, 0x00, 0x00, 0x10, 0xff, 0x00, 0x06, 0x01, 0xff, 0xfd, 0xff, 0xc0, 0x40, 0x3e,
  0xfc, 0x00, 0x00, 0x08, 0xfe, 0x00, 0x06, 0x05, 0xcf, 0x7c, 0xa7, 0x80, 0x00, 0x3e, 0xff, 0x00,
  0x00, 0x02, 0xfb, 0x00, 0x03, 0x03, 0xcf, 0x79, 0xef, 0xff, 0x00, 0x01, 0x7e, 0x80, 0xf9, 0x00,
  0x07, 0x03, 0xef, 0x35, 0xbf, 0xc0, 0x00, 0x33, 0x80, 0xfd, 0x00, 0x00, 0x0a, 0xfe, 0x00, 0x07,
  0x01, 0xff, 0x07, 0xbf, 0x80, 0x20, 0x77, 0x80, 0xfe, 0x00, 0x01, 0x02, 0x19, 0xfe, 0x00, 0x07,
  0x01, 0xfe, 0x07, 0x3f, 0x90, 0x02, 0x7f, 0x80, 0xfd, 0x00, 0x00, 0x1f, 0xfe, 0x00, 0x07, 0x03,
  0xee, 0x00, 0x3f, 0x80, 0x01, 0x7e, 0xa8, 0xfd, 0x00, 0x00, 0x07, 0xfe, 0x00, 0x03, 0x01, 0xc4,
  0x00, 0x2f, 0xff, 0x00, 0x06, 0xfe, 0x80, 0x00, 0x08, 0x00, 0x04, 0x08, 0xfe, 0x00, 0x0d, 0x01,
  0xc0, 0x00, 0x27, 0x80, 0x00, 0x7e, 0x08, 0x00, 0x08, 0x80, 0x20, 0x50, 0x40, 0xff, 0x00, 0x0d,
  0x01, 0xc0, 0x00, 0x16, 0xc0, 0x21, 0x3a, 0x80, 0x00, 0x06, 0x00, 0xc0, 0x40, 0x10, 0xff, 0x00,
  0x0d, 0x01, 0xc0, 0x00, 0x07, 0x88, 0x01, 0x33, 0x80, 0x00, 0x06, 0x00, 0xd0, 0x00, 0x10, 0xff,
  0x00, 0x09, 0x01, 0xc0, 0x00, 0x04, 0xc8, 0x01, 0xf0, 0x80, 0x00, 0x0a, 0xff, 0x00, 0x01, 0x03,
  0x40, 0xff, 0x00, 0x01, 0x01, 0xc0, 0xff, 0x00, 0x09, 0xc0, 0x0b, 0xf8, 0x08, 0x00, 0x09, 0x00,
  0x20, 0x2f, 0x40, 0xff, 0x00, 0x01, 0x01, 0x80, 0xff, 0x00, 0x09, 0xc2, 0x0b, 0xf0, 0x08, 0x00,
  0x01, 0x00, 0x30, 0x27, 0x80, 0xff, 0x00, 0x00, 0x01, 0xfe, 0x00, 0x02, 0xc0, 0x0f, 0xe0, 0xff,
  0x00, 0x04, 0x01, 0x83, 0x02, 0x77, 0x80, 0xfb, 0x00, 0x02, 0xc8, 0x00, 0xe0, 0xff, 0x00, 0x04,
  0xf9, 0x81, 0x30, 0x3f, 0x80, 0xfb, 0x00, 0x01, 0x88, 0x04, 0xff, 0x00, 0x05, 0x07, 0xf1, 0x83,
  0x30, 0x3f, 0x80, 0xfb, 0x00, 0x01, 0xb5, 0x48, 0xff, 0x00, 0x05, 0x07, 0xf0, 0x92, 0x00, 0x27,
  0xc0, 0xff, 0x00, 0x00, 0x10, 0xfe, 0x00, 0x01, 0x38, 0x5c, 0xff, 0x00, 0x05, 0x07, 0xc0, 0x82,
  0x08, 0x27, 0xd0, 0xff, 0x00, 0x00, 0x20, 0xfe, 0x00, 0x09, 0x24, 0x1c, 0x00, 0x20, 0x07, 0xc0,
  0x3c, 0x00, 0x67, 0xfc, 0xff, 0x00, 0x00, 0x20, 0xfd, 0x00, 0x00, 0x5c, 0xff, 0x00, 0x05, 0x0f,
  0xc0, 0x7c, 0x00, 0x7f, 0xfc, 0xff, 0x00, 0x00, 0x20, 0xfb, 0x00, 0x06, 0x30, 0x0f, 0x80, 0x7c,
  0x07, 0xff, 0xfc, 0xf8, 0x00, 0xff, 0x5c, 0x04, 0x00, 0x6c, 0x04, 0xf5, 0xb6, 0xf7, 0x00, 0x02,
  0x08, 0x00, 0x04, 0xff, 0x00, 0x00, 0x06, 0xf2, 0x00, 0x00, 0x02, 0xf2, 0x00, 0x00, 0x02, 0xb5,
  0x00, 0x00, 0x40, 0xff, 0x91, 0x00, 0x20, 0xfe, 0x00, 0x00, 0x80, 0x84, 0x00, 0xaf, 0x00, 0x00,
  0x78, 0xf2, 0x00, 0x00, 0xfe, 0xfe, 0x00, 0x02, 0x02, 0x08, 0x21, 0xf9, 0x00, 0x07, 0x01, 0xfe,
  0x00, 0x40, 0x00, 0x80, 0x08, 0x41, 0xf9, 0x00, 0x01, 0x01, 0xfe, 0xf6, 0x00, 0x00, 0x40, 0xfe,
  0x00, 0x00, 0xce, 0xf8, 0x00, 0x00, 0x04, 0xfd, 0x00, 0x01, 0x01, 0xce, 0xf7, 0x00, 0x00, 0x10,
  0xfe, 0x00, 0x01, 0x01, 0xde, 0xf3, 0x00, 0x01, 0x01, 0xfe, 0xf3, 0x00, 0x02, 0x01, 0xce, 0x24,
  0xfc, 0x00, 0x00, 0x20, 0xff, 0x00, 0x02, 0x80, 0x00, 0x10, 0xff, 0x00, 0x02, 0x01, 0xee, 0xe0,
  0xfd, 0x00, 0x01, 0x08, 0x01, 0xfa, 0x00, 0x04, 0x01, 0xcf, 0x74, 0x00, 0x02, 0xff, 0x00, 0x00,
  0x10, 0xfc, 0x00, 0x00, 0x40, 0xff, 0x00, 0x02, 0x01, 0xcf, 0x74, 0xf7, 0x00, 0x00, 0x40, 0xff,
  0x00, 0x02, 0x01, 0xff, 0xf0, 0xff, 0x00, 0x00, 0x40, 0xf7, 0x00, 0x02, 0x01, 0xff, 0xc0, 0xfa,
  0x00, 0x00, 0x08, 0xfb, 0x00, 0x02, 0xff, 0xc8, 0x06, 0xfa, 0x00, 0x00, 0x80, 0xfd, 0x00, 0x02,
  0x03, 0xef, 0x38, 0xf9, 0x00, 0x00, 0x40, 0xfd, 0x00, 0x02, 0x01, 0xcf, 0x70, 0xf4, 0x00, 0x05,
  0x01, 0xdf, 0x7e, 0xc0, 0x00, 0x20, 0xf6, 0x00, 0xff, 0xff, 0x02, 0xc0, 0x00, 0x03, 0xf7, 0x00,
  0x05, 0x01, 0xff, 0xef, 0xc0, 0x00, 0x02, 0xf7, 0x00, 0x00, 0x01, 0xff, 0xff, 0x02, 0xc0, 0x00,
  0x40, 0xfc, 0x00, 0x00, 0x80, 0xfd, 0x00, 0x06, 0x01, 0xcf, 0x7d, 0xd8, 0x02, 0x00, 0x42, 0xf8,
  0x00, 0x06, 0x03, 0xcf, 0x7c, 0x00, 0x80, 0x00, 0x02, 0xf8, 0x00, 0x02, 0x03, 0xef, 0x7a, 0xff,
  0x00, 0x01, 0x40, 0x0c, 0xfc, 0x00, 0x00, 0x12, 0xfe, 0x00, 0x02, 0x01, 0xff, 0xf8, 0xff, 0x00,
  0x01, 0x60, 0x08, 0xfd, 0x00, 0x00, 0x02, 0xfd, 0x00, 0x05, 0x01, 0xff, 0xf8, 0x08, 0x10, 0x40,
  0xfe, 0x00, 0x00, 0x82, 0xff, 0x00, 0x00, 0x02, 0xfe, 0x00, 0x03, 0x03, 0xef, 0x7d, 0x88, 0xfe,
  0x00, 0x05, 0x20, 0x00, 0x02, 0x00, 0x04, 0x08, 0xfe, 0x00, 0x03, 0x03, 0xcf, 0x7d, 0xc8, 0xfc,
  0x00, 0x00, 0x02, 0xfb, 0x00, 0x03, 0x01, 0xef, 0xfd, 0xd8, 0xfe, 0x00, 0x02, 0x88, 0x00, 0x02,
  0xff, 0x00, 0x00, 0x10, 0xfe, 0x00, 0x06, 0x03, 0xef, 0xff, 0xe9, 0x00, 0x61, 0x05, 0xf8, 0x00,
  0x00, 0x01, 0xff, 0xff, 0x04, 0xf8, 0x08, 0x40, 0x0c, 0x01, 0xf9, 0x00, 0x00, 0x01, 0xff, 0xff,
  0x08, 0xf3, 0x00, 0x40, 0x0e, 0x00, 0x20, 0x04, 0x00, 0x40, 0xfd, 0x00, 0x0b, 0x03, 0xef, 0xfd,
  0xe0, 0x03, 0x00, 0x06, 0x80, 0x00, 0x02, 0x00, 0x04, 0xfd, 0x00, 0x0d, 0x01, 0xef, 0xfd, 0xc0,
  0x80, 0x00, 0x0e, 0x88, 0x00, 0x1a, 0x00, 0x34, 0x08, 0x40, 0xff, 0x00, 0x0d, 0x01, 0xef, 0xfd,
  0xc0, 0x88, 0x00, 0x1e, 0x80, 0x00, 0x1e, 0x00, 0xb0, 0x08, 0x40, 0xff, 0x00, 0x00, 0x01, 0xff,
  0xff, 0x08, 0xc0, 0x88, 0x03, 0x1f, 0x80, 0x00, 0x06, 0x10, 0xc0, 0xfd, 0x00, 0x00, 0x01, 0xff,
  0xff, 0x0a, 0xc0, 0xc8, 0x03, 0xff, 0x80, 0x00, 0x0e, 0x00, 0xc0, 0x00, 0x08, 0xff, 0x00, 0x0b,
  0x08, 0xef, 0xfc, 0x80, 0xbd, 0x47, 0xff, 0x80, 0x00, 0x0b, 0x01, 0x70, 0xfc, 0x00, 0x0a, 0xcf,
  0xf9, 0x80, 0x78, 0x43, 0xfe, 0x80, 0x00, 0x3b, 0x01, 0xf0, 0xfc, 0x00, 0x0a, 0x4f, 0xf8, 0x00,
  0x7c, 0x23, 0xfe, 0xa0, 0x00, 0x3b, 0x83, 0xf8, 0xfd, 0x00, 0x0b, 0x20, 0x04, 0x38, 0x00, 0x7c,
  0x63, 0xff, 0x80, 0x00, 0x3f, 0x83, 0xf8, 0xfd, 0x00, 0x04, 0x20, 0x00, 0x08, 0x00, 0x7f, 0xff,
  0xff, 0x04, 0xb0, 0x00, 0x7f, 0x83, 0xf8, 0xf9, 0x00, 0x09, 0x3f, 0xff, 0xfe, 0xfc, 0xa3, 0xff,
  0x83, 0xfb, 0x02, 0x40, 0xfb, 0x00, 0x09, 0x3f, 0x3e, 0xe0, 0x7f, 0xf7, 0xfb, 0xeb, 0x7f, 0xe0,
  0xc0, 0xfb, 0x00, 0x07, 0x3f, 0x1e, 0x40, 0x67, 0x3c, 0xf1, 0x86, 0x08, 0xf9, 0x00, 0x00, 0x02,
  0xfe, 0x00, 0x02, 0x08, 0x20, 0x80, 0xef, 0x00, 0x00, 0x02, 0xcb, 0x00, 0x00, 0x80, 0xff, 0x00,
  0x01, 0x40, 0x02, 0xff, 0x00, 0x02, 0x01, 0x90, 0x20, 0xfe, 0x00, 0x01, 0x80, 0x40, 0x85, 0x00,
  0x9d, 0x00, 0x00, 0x40, 0xee, 0x00, 0x00, 0x60, 0xdd, 0x00, 0x00, 0x10, 0xe5, 0x00, 0x00, 0x04,
  0xf6, 0x00, 0x00, 0x02, 0xf2, 0x00, 0x00, 0x01, 0xf6, 0x00, 0x01, 0x20, 0x01, 0xbf, 0x00, 0x00,
  0x02, 0xfb, 0x00, 0x00, 0x02, 0xf5, 0x00, 0x00, 0x84, 0xff, 0x00, 0x00, 0x02, 0xfc, 0x00, 0x01,
  0x80, 0x10, 0xf2, 0x00, 0x00, 0x08, 0xfb, 0x00, 0x00, 0x10, 0xf9, 0x00, 0x00, 0x18, 0xf2, 0x00,
  0x02, 0x19, 0x00, 0x02, 0xf4, 0x00, 0x02, 0x1f, 0x80, 0x02, 0xf5, 0x00, 0x01, 0x02, 0x1f, 0xf9,
  0x00, 0x00, 0x08, 0xfb, 0x00, 0x01, 0x18, 0x80, 0xf9, 0x00, 0x00, 0x80, 0xfd, 0x00, 0x02, 0x04,
  0x08, 0x80, 0xfb, 0x00, 0x01, 0x40, 0x2f, 0xfc, 0x00, 0x01, 0x06, 0x1b, 0xf9, 0x00, 0x00, 0x3d,
  0xfc, 0x00, 0x03, 0x07, 0xbf, 0x00, 0x02, 0xfb, 0x00, 0x00, 0x3d, 0xfc, 0x00, 0x03, 0x07, 0x37,
  0x00, 0x02, 0xfe, 0x00, 0x00, 0x80, 0xff, 0x00, 0x00, 0x1d, 0xfe, 0x00, 0x05, 0x02, 0x00, 0x05,
  0xb7, 0x40, 0x09, 0xfb, 0x00, 0x00, 0x2f, 0xfe, 0x00, 0x04, 0x0a, 0x00, 0x45, 0xe7, 0xc0, 0xfa,
  0x00, 0x00, 0x2f, 0xfe, 0x00, 0x04, 0x09, 0x00, 0x05, 0xff, 0x80, 0xff, 0x00, 0x00, 0x08, 0xff,
  0x00, 0x03, 0x0c, 0x00, 0x5f, 0x40, 0xff, 0x00, 0x05, 0x1b, 0x02, 0x0b, 0xff, 0xc0, 0x01, 0xfc,
  0x00, 0x01, 0x40, 0x1f, 0xfe, 0x00, 0x04, 0x3f, 0xbe, 0x07, 0xff, 0x88, 0xfa, 0x00, 0x00, 0x1f,
  0xfe, 0x00, 0x04, 0x3f, 0xba, 0x0f, 0xf7, 0xc0, 0xfd, 0x00, 0x00, 0x04, 0xff, 0x00, 0x00, 0x17,
  0xfe, 0x00, 0x06, 0x3b, 0xe8, 0x8d, 0xe0, 0xc0, 0x00, 0x20, 0xff, 0x00, 0x04, 0x02, 0x00, 0x40,
  0x2f, 0x80, 0xff, 0x00, 0x0c, 0x19, 0xe8, 0xcd, 0xc0, 0x40, 0x00, 0x40, 0x08, 0x00, 0x02, 0x00,
  0x40, 0x2f, 0xfe, 0x00, 0x0d, 0x39, 0xea, 0xdd, 0xc0, 0x40, 0x20, 0x05, 0x00, 0x20, 0x82, 0x00,
  0x40, 0x3f, 0x08, 0xff, 0x00, 0x00, 0x39, 0xff, 0xff, 0x00, 0xc0, 0xff, 0x00, 0x00, 0x0c, 0xff,
  0x00, 0x03, 0x02, 0x10, 0x00, 0x3f, 0xfe, 0x00, 0x00, 0x39, 0xff, 0xff, 0x06, 0xc0, 0x40, 0x00,
  0x1f, 0x80, 0x00, 0x06, 0xff, 0x00, 0x00, 0x3f, 0xfe, 0x00, 0x09, 0x38, 0xef, 0xfc, 0x80, 0x08,
  0x01, 0x1f, 0x80, 0x10, 0x02, 0xff, 0x00, 0x00, 0x27, 0xfe, 0x00, 0x0c, 0x30, 0xcf, 0xf9, 0x80,
  0x00, 0x01, 0xbe, 0x80, 0x00, 0x02, 0x00, 0x80, 0x27, 0xfd, 0x00, 0x0c, 0x4f, 0xf8, 0x00, 0x40,
  0x03, 0xfe, 0xbc, 0x00, 0x02, 0x00, 0x40, 0x27, 0xf8, 0xfe, 0x00, 0x08, 0x04, 0x38, 0x00, 0x40,
  0x03, 0xff, 0xfc, 0x00, 0x06, 0xff, 0x00, 0x01, 0x3f, 0xf8, 0xfd, 0x00, 0x07, 0x08, 0x00, 0x60,
  0x07, 0xff, 0xfc, 0x00, 0x1f, 0xff, 0x00, 0x01, 0x3f, 0xfc, 0xfb, 0x00, 0x09, 0x38, 0x2f, 0xfe,
  0xfc, 0x80, 0x3f, 0xa0, 0xd2, 0x77, 0xf4, 0xfb, 0x00, 0x09, 0x3f, 0x3e, 0xe0, 0x7f, 0xf3, 0xfb,
  0xef, 0x7f, 0xa0, 0xc4, 0xfb, 0x00, 0x07, 0x3f, 0x1e, 0x40, 0x67, 0x34, 0xf1, 0x86, 0x08, 0xf9,
  0x00, 0x00, 0x02, 0xfe, 0x00, 0x02, 0x08, 0x20, 0x80, 0xff, 0x00, 0x00, 0x02, 0xf2, 0x00, 0x00,
  0x02, 0xcf, 0x00, 0x00, 0x20, 0xfe, 0x00, 0x00, 0x80, 0xfc, 0x00, 0x02, 0x62, 0x00, 0x81, 0xfd,
  0x00, 0x01, 0x10, 0x40, 0x85, 0x00, 0xb4, 0x00, 0x00, 0x1e, 0xf2, 0x00, 0x00, 0x3f, 0xf3, 0x00,
  0x02, 0x10, 0x3d, 0x80, 0xf3, 0x00, 0x01, 0x3d, 0x98, 0xf3, 0x00, 0x01, 0x3f, 0x80, 0xf9, 0x00,
  0x02, 0x02, 0x00, 0x40, 0xfe, 0x00, 0x01, 0x3f, 0x80, 0xf3, 0x00, 0x01, 0x3f, 0xc0, 0xf6, 0x00,
  0x04, 0x04, 0x00, 0x80, 0x3d, 0xc0, 0xfd, 0x00, 0x01, 0x02, 0x42, 0xfa, 0x00, 0x02, 0x80, 0x79,
  0xc0, 0xfe, 0x00, 0x00, 0x10, 0xff, 0x04, 0xfc, 0x00, 0x04, 0x02, 0x00, 0x80, 0x29, 0x90, 0xf3,
  0x00, 0x01, 0x2f, 0x80, 0xfd, 0x00, 0x02, 0x04, 0x08, 0x04, 0xfa, 0x00, 0x01, 0x2f, 0x40, 0xfe,
  0x00, 0x01, 0x10, 0x01, 0xfc, 0x00, 0x01, 0x40, 0x04, 0xff, 0x00, 0x01, 0x2f, 0xc0, 0xfd, 0x00,
  0x01, 0x07, 0x82, 0xf9, 0x00, 0x00, 0x7f, 0xfc, 0x00, 0x03, 0x07, 0xc4, 0x00, 0x01, 0xfd, 0x00,
  0x03, 0x08, 0x00, 0x7f, 0x80, 0xff, 0x00, 0x03, 0x01, 0x00, 0x87, 0xc6, 0xfa, 0x00, 0x02, 0x82,
  0x3f, 0x80, 0xfd, 0x00, 0x01, 0x80, 0x18, 0xf9, 0x00, 0x00, 0x2f, 0xfc, 0x00, 0x01, 0x04, 0x18,
  0xfb, 0x00, 0x03, 0x10, 0x02, 0x2f, 0x80, 0xfc, 0x00, 0x03, 0x18, 0x00, 0x01, 0x04, 0xfd, 0x00,
  0x02, 0x02, 0x3f, 0xc0, 0xfd, 0x00, 0x03, 0x10, 0x19, 0x00, 0x02, 0xfb, 0x00, 0x01, 0x7f, 0x80,
  0xfd, 0x00, 0x03, 0x02, 0x1f, 0x80, 0x02, 0xfb, 0x00, 0x01, 0x7f, 0x80, 0xfc, 0x00, 0x00, 0x1f,
  0xf9, 0x00, 0x01, 0x2f, 0xc0, 0xfc, 0x00, 0x03, 0x08, 0x80, 0x00, 0x60, 0xfc, 0x00, 0x01, 0x2f,
  0x40, 0xfc, 0x00, 0x01, 0x08, 0x80, 0xfa, 0x00, 0x01, 0x40, 0x80, 0xff, 0x00, 0x03, 0x02, 0x00,
  0x01, 0x1b, 0xf9, 0x00, 0x01, 0x40, 0x80, 0xff, 0x00, 0x03, 0x06, 0x00, 0x48, 0x3f, 0xf8, 0x00,
  0x00, 0x80, 0xff, 0x00, 0x04, 0x0e, 0x00, 0xf8, 0x3f, 0x10, 0xfa, 0x00, 0x01, 0x20, 0x80, 0xff,
  0x00, 0x05, 0x08, 0x00, 0x78, 0x3f, 0x40, 0x09, 0xfa, 0x00, 0x00, 0x80, 0xfe, 0x00, 0x04, 0x01,
  0x38, 0x1f, 0x40, 0x68, 0xfb, 0x00, 0x01, 0x40, 0x80, 0xff, 0x00, 0x05, 0x01, 0x00, 0xf8, 0x1f,
  0x82, 0xf0, 0xfd, 0x00, 0x03, 0x0c, 0x00, 0x20, 0x88, 0xff, 0x00, 0x06, 0x19, 0x02, 0xf4, 0x1f,
  0xc2, 0xf0, 0x05, 0xfc, 0x00, 0x01, 0x60, 0x98, 0xff, 0x00, 0x06, 0x3f, 0xbe, 0x08, 0x1f, 0x88,
  0xf0, 0x0c, 0xfc, 0x00, 0x01, 0x20, 0x98, 0xff, 0x00, 0x09, 0x3d, 0xba, 0xf0, 0x0d, 0xc8, 0xe0,
  0x0c, 0x80, 0x00, 0x04, 0xff, 0x00, 0x01, 0x60, 0x80, 0xff, 0x00, 0x09, 0x30, 0xe9, 0x70, 0x0c,
  0xc0, 0xe0, 0x0e, 0x80, 0x00, 0x02, 0xff, 0x00, 0xff, 0x40, 0xff, 0x00, 0x06, 0x20, 0x09, 0x30,
  0x08, 0xc0, 0xe0, 0x3e, 0xff, 0x00, 0x00, 0x02, 0xff, 0x00, 0x01, 0x40, 0x80, 0xfe, 0x00, 0x08,
  0x69, 0x20, 0x00, 0xc1, 0xc0, 0x3b, 0x80, 0x00, 0x82, 0xff, 0x00, 0x01, 0x40, 0x80, 0xfe, 0x00,
  0x00, 0x7c, 0xff, 0x00, 0x02, 0x83, 0xf8, 0x13, 0xff, 0x00, 0x04, 0x02, 0x00, 0x02, 0x00, 0xd8,
  0xfe, 0x00, 0x00, 0x7c, 0xff, 0x00, 0x05, 0x47, 0xf8, 0x00, 0x80, 0x00, 0x06, 0xfe, 0x00, 0x00,
  0xf0, 0xfe, 0x00, 0x00, 0x6c, 0xff, 0x00, 0x01, 0x47, 0xf9, 0xff, 0x00, 0x01, 0x10, 0x02, 0xff,
  0x00, 0x01, 0x40, 0xf4, 0xfb, 0x00, 0x02, 0x07, 0xf9, 0xa0, 0xff, 0x00, 0x00, 0x02, 0xfe, 0x00,
  0x00, 0xf4, 0xff, 0x00, 0x00, 0x20, 0xfe, 0x00, 0x03, 0x0f, 0xfb, 0xc0, 0x3c, 0xfd, 0x00, 0x01,
  0x40, 0x04, 0xfb, 0x00, 0x05, 0x0f, 0xfb, 0xc0, 0x7c, 0x00, 0x06, 0xfe, 0x00, 0x00, 0x04, 0xfb,
  0x00, 0x05, 0x27, 0xff, 0xc0, 0x7c, 0x00, 0x1f, 0xfe, 0x00, 0x00, 0x02, 0xfb, 0x00, 0x09, 0x07,
  0xd2, 0x40, 0x48, 0x27, 0xb9, 0xa0, 0x01, 0x00, 0x02, 0xf7, 0x00, 0x05, 0x0c, 0x11, 0x86, 0x00,
  0x40, 0x02, 0xf7, 0x00, 0x00, 0x08, 0xfd, 0x00, 0x00, 0x02, 0xa7, 0x00, 0x04, 0x01, 0x10, 0x02,
  0x00, 0x81, 0xfc, 0x00, 0x00, 0x40, 0x85, 0x00, 0xb4, 0x00, 0x00, 0x1e, 0xf2, 0x00, 0x00, 0x3d,
  0xfc, 0x00, 0x01, 0x03, 0x40, 0xf9, 0x00, 0x01, 0x3d, 0x80, 0xfd, 0x00, 0x00, 0x07, 0xf8, 0x00,
  0x01, 0x7d, 0x98, 0xfd, 0x00, 0x01, 0x07, 0x40, 0xf9, 0x00, 0x01, 0x3f, 0x80, 0xfd, 0x00, 0x01,
  0x05, 0xc0, 0xff, 0x00, 0x00, 0x02, 0xfd, 0x00, 0x02, 0x04, 0x3f, 0x80, 0xfd, 0x00, 0x01, 0x05,
  0xc0, 0xf9, 0x00, 0x01, 0x3f, 0xc0, 0xff, 0x00, 0x03, 0x08, 0x00, 0x01, 0xc0, 0xfc, 0x00, 0x00,
  0x04, 0xff, 0x00, 0x01, 0x3d, 0xc0, 0xfd, 0x00, 0x03, 0x01, 0x02, 0x00, 0x02, 0xfb, 0x00, 0x01,
  0xf9, 0xc8, 0xfd, 0x00, 0x00, 0x03, 0xff, 0x00, 0x01, 0x02, 0x08, 0xff, 0x00, 0x00, 0x02, 0xff,
  0x00, 0x01, 0x39, 0x80, 0xfd, 0x00, 0x02, 0xc2, 0x00, 0x40, 0xfb, 0x00, 0x02, 0x02, 0x3f, 0x80,
  0xfe, 0x00, 0x02, 0x01, 0x60, 0x08, 0xf9, 0x00, 0x01, 0x3f, 0x80, 0xfe, 0x00, 0x01, 0x01, 0x79,
  0xfe, 0x00, 0x02, 0x80, 0x10, 0x40, 0xfe, 0x00, 0x01, 0x3f, 0x80, 0xfe, 0x00, 0x02, 0x01, 0xff,
  0x82, 0xf9, 0x00, 0x00, 0x7f, 0xfc, 0x00, 0x03, 0xc7, 0xc4, 0x00, 0x01, 0xfb, 0x00, 0x01, 0x7f,
  0x80, 0xfd, 0x00, 0x01, 0x57, 0xc0, 0xf9, 0x00, 0x01, 0x3f, 0x80, 0xfe, 0x00, 0x02, 0x20, 0x00,
  0x08, 0xf9, 0x00, 0x00, 0x2f, 0xfe, 0x00, 0x05, 0x0a, 0x00, 0x04, 0x10, 0x00, 0x19, 0xfb, 0x00,
  0x01, 0x2f, 0x80, 0xff, 0x00, 0x07, 0x02, 0x10, 0x03, 0x80, 0x00, 0x32, 0x00, 0x08, 0xfd, 0x00,
  0x01, 0x3f, 0xc8, 0xff, 0x00, 0x03, 0x16, 0x00, 0x17, 0xc0, 0xff, 0x00, 0x00, 0xc0, 0xfc, 0x00,
  0x01, 0x7f, 0x98, 0xff, 0x00, 0x06, 0x3f, 0x00, 0x1d, 0xe2, 0x00, 0x01, 0xe0, 0xfc, 0x00, 0x01,
  0x7f, 0x80, 0xff, 0x00, 0x06, 0x3f, 0x00, 0x0d, 0xf8, 0x00, 0x03, 0xe0, 0xfc, 0x00, 0x01, 0x2f,
  0xc0, 0xff, 0x00, 0x06, 0x1b, 0x00, 0x4d, 0xef, 0x40, 0x00, 0x02, 0xfc, 0x00, 0x01, 0x2f, 0x40,
  0xff, 0x00, 0x06, 0x1b, 0x00, 0x49, 0xef, 0x40, 0x00, 0x02, 0xfc, 0x00, 0x01, 0x66, 0x80, 0xff,
  0x00, 0x03, 0x19, 0x00, 0x78, 0xbf, 0xff, 0x00, 0x02, 0x04, 0x00, 0x20, 0xfe, 0x00, 0x01, 0x60,
  0x80, 0xff, 0x00, 0x05, 0x39, 0x03, 0xb0, 0x3f, 0x00, 0x60, 0xfc, 0x00, 0x02, 0x02, 0x24, 0x80,
  0xff, 0x00, 0x05, 0x31, 0x87, 0x00, 0x3f, 0x10, 0xfa, 0xfb, 0x00, 0x01, 0x27, 0x80, 0xff, 0x00,
  0x06, 0x11, 0x83, 0x00, 0x3a, 0x00, 0xff, 0xe0, 0xfc, 0x00, 0x01, 0x27, 0x80, 0xff, 0x00, 0x06,
  0x31, 0x82, 0x00, 0x10, 0x80, 0x1f, 0xe0, 0xfc, 0x00, 0x01, 0x6f, 0x80, 0xff, 0x00, 0x09, 0x31,
  0x83, 0x00, 0x1e, 0x02, 0x8f, 0xe0, 0x08, 0x00, 0x02, 0xff, 0x00, 0x01, 0x65, 0x80, 0xff, 0x00,
  0x06, 0x39, 0x93, 0x00, 0x1f, 0x02, 0x8f, 0xe5, 0xfc, 0x00, 0x01, 0x70, 0x98, 0xff, 0x00, 0x06,
  0x7f, 0x87, 0xf0, 0x1f, 0x80, 0xcf, 0xec, 0xfc, 0x00, 0x01, 0x20, 0x98, 0xff, 0x00, 0x06, 0x3d,
  0x93, 0x00, 0x0d, 0xc1, 0x9f, 0xe8, 0xff, 0x00, 0x00, 0x06, 0xfe, 0x00, 0x00, 0x80, 0xff, 0x00,
  0x06, 0x30, 0xe2, 0x00, 0x0c, 0xc3, 0x1f, 0xc0, 0xfc, 0x00, 0x01, 0x40, 0x80, 0xfe, 0x00, 0x04,
  0x0e, 0x00, 0x08, 0xc7, 0x1f, 0xff, 0x80, 0x01, 0x00, 0x02, 0xfe, 0x00, 0x00, 0x40, 0xfe, 0x00,
  0x00, 0x6c, 0xff, 0x00, 0x02, 0xce, 0x1f, 0xc2, 0xff, 0x00, 0x00, 0x02, 0xfe, 0x00, 0x00, 0x40,
  0xfe, 0x00, 0x00, 0x58, 0xff, 0x00, 0x02, 0xdc, 0x07, 0xe1, 0xff, 0x00, 0x00, 0x02, 0xfe, 0x00,
  0x00, 0x40, 0xfe, 0x00, 0x00, 0x50, 0xff, 0x00, 0x02, 0x58, 0x07, 0xe0, 0xff, 0x00, 0x04, 0x06,
  0x00, 0x02, 0x00, 0x20, 0xfe, 0x00, 0x00, 0x40, 0xff, 0x00, 0x02, 0x70, 0x07, 0xe0, 0xff, 0x00,
  0x04, 0x82, 0x10, 0x80, 0x40, 0x24, 0xfe, 0x00, 0x00, 0x2c, 0xff, 0x00, 0x09, 0x78, 0x07, 0xe0,
  0x00, 0x01, 0x82, 0x10, 0x40, 0x00, 0x74, 0xfe, 0x00, 0x00, 0x2c, 0xff, 0x00, 0x02, 0x30, 0x07,
  0xc0, 0xfe, 0x00, 0x03, 0x38, 0xa0, 0x00, 0x3c, 0xfe, 0x00, 0x00, 0x3c, 0xff, 0x00, 0x02, 0x30,
  0x07, 0xc0, 0xfe, 0x00, 0x03, 0x7f, 0xf0, 0x00, 0x7c, 0xfe, 0x00, 0x00, 0x3c, 0xff, 0x00, 0x02,
  0x38, 0x07, 0xc0, 0xfe, 0x00, 0x03, 0x7f, 0xf0, 0x00, 0x7e, 0xfe, 0x00, 0x00, 0x2c, 0xfe, 0x00,
  0x08, 0x02, 0x40, 0x00, 0xa0, 0x00, 0xef, 0x28, 0x00, 0x36, 0xfe, 0x00, 0x00, 0x04, 0xfc, 0x00,
  0x03, 0x03, 0x80, 0x11, 0x86, 0xff, 0x00, 0x00, 0x06, 0xf8, 0x00, 0x00, 0x03, 0xfc, 0x00, 0x00,
  0x06, 0xf2, 0x00, 0x00, 0x02, 0xf2, 0x00, 0x00, 0x02, 0xc9, 0x00, 0x06, 0x10, 0x00, 0x42, 0x10,
  0x08, 0x10, 0x01, 0x81, 0x00, 0xff, 0x00, 0xae, 0x00, 0x01, 0x07, 0xc0, 0xf3, 0x00, 0x01, 0x0c,
  0xc0, 0xf3, 0x00, 0x01, 0x18, 0x20, 0xf3, 0x00, 0x02, 0x08, 0x32, 0x10, 0xfb, 0x00, 0x00, 0x80,
  0xfb, 0x00, 0x04, 0x08, 0x20, 0x80, 0x00, 0x02, 0xfd, 0x00, 0x01, 0x04, 0x10, 0xfc, 0x00, 0x01,
  0x08, 0x20, 0xf4, 0x00, 0x02, 0x20, 0x8c, 0x20, 0xfd, 0x00, 0x00, 0x20, 0xf8, 0x00, 0x04, 0x7e,
  0x22, 0x00, 0x02, 0x08, 0xfc, 0x00, 0x01, 0x40, 0x08, 0xfd, 0x00, 0x04, 0xff, 0x64, 0x10, 0x00,
  0x08, 0xfd, 0x00, 0x00, 0x40, 0xfd, 0x00, 0x06, 0x04, 0x00, 0x3f, 0xc0, 0x40, 0x00, 0x40, 0xfd,
  0x00, 0x00, 0x02, 0xfb, 0x00, 0x01, 0x19, 0xe0, 0xfa, 0x00, 0x01, 0x04, 0x10, 0xfc, 0x00, 0x02,
  0x01, 0xe0, 0x80, 0xfe, 0x00, 0x00, 0x60, 0xf9, 0x00, 0x02, 0x01, 0x07, 0xe0, 0xf4, 0x00, 0x04,
  0x01, 0x0f, 0xe0, 0x10, 0x02, 0xfd, 0x00, 0x02, 0x08, 0x00, 0x02, 0xfd, 0x00, 0x02, 0x01, 0x1f,
  0xe6, 0xfd, 0x00, 0x01, 0x20, 0x04, 0xfa, 0x00, 0x02, 0x21, 0x3d, 0xf0, 0xff, 0x00, 0x00, 0x40,
  0xff, 0x00, 0x00, 0x08, 0xfb, 0x00, 0x05, 0x0a, 0x03, 0x79, 0xe8, 0x80, 0x19, 0xf7, 0x00, 0x06,
  0x02, 0x33, 0x7c, 0x7b, 0x00, 0x03, 0x80, 0xfb, 0x00, 0x00, 0x08, 0xff, 0x00, 0x06, 0x12, 0x07,
  0xf8, 0x31, 0x00, 0x03, 0xc0, 0xfb, 0x00, 0x00, 0x18, 0xff, 0x00, 0x06, 0x3f, 0x07, 0xf0, 0x11,
  0x00, 0x03, 0xe0, 0xf8, 0x00, 0x08, 0x3f, 0x07, 0xf0, 0x03, 0x00, 0x03, 0xe0, 0x00, 0x20, 0xfe,
  0x00, 0x00, 0x08, 0xfe, 0x00, 0x06, 0x1b, 0x03, 0x30, 0x1f, 0x42, 0x00, 0x20, 0xfe, 0x00, 0x00,
  0x20, 0xfc, 0x00, 0x04, 0x1b, 0x03, 0x30, 0x1f, 0x41, 0xfa, 0x00, 0x00, 0x09, 0xfe, 0x00, 0x06,
  0x1b, 0x03, 0x00, 0x04, 0x00, 0x60, 0x08, 0xff, 0x00, 0x03, 0x82, 0x10, 0x00, 0x07, 0xfe, 0x00,
  0x01, 0x3f, 0x04, 0xfe, 0x00, 0x01, 0x20, 0x08, 0xff, 0x00, 0x00, 0x27, 0xff, 0x00, 0x00, 0x0b,
  0xfe, 0x00, 0x01, 0x3f, 0x80, 0xfe, 0x00, 0x00, 0xfa, 0xfe, 0x00, 0x02, 0x1c, 0x00, 0x40, 0xfd,
  0x00, 0x06, 0x1b, 0x80, 0x00, 0x05, 0x00, 0xfe, 0xe0, 0xff, 0x00, 0x00, 0x02, 0xfb, 0x00, 0x06,
  0x39, 0x80, 0x00, 0x0f, 0x00, 0x77, 0xe0, 0xff, 0x00, 0x00, 0x02, 0xfb, 0x00, 0x06, 0x39, 0x80,
  0x00, 0x01, 0x80, 0x7f, 0xe1, 0xfd, 0x00, 0x01, 0x20, 0x1a, 0xfe, 0x00, 0x01, 0x39, 0x80, 0xfe,
  0x00, 0x01, 0x1e, 0xe0, 0xfc, 0x00, 0x01, 0x0f, 0x18, 0xff, 0x00, 0x01, 0x79, 0x80, 0xff, 0x00,
  0x02, 0x81, 0xcf, 0xec, 0xfc, 0x00, 0x01, 0x1f, 0x18, 0xff, 0x00, 0x01, 0x39, 0x90, 0xfe, 0x00,
  0x02, 0x8f, 0xea, 0x80, 0xfe, 0x00, 0x02, 0x40, 0x77, 0x40, 0xff, 0x00, 0x01, 0x31, 0xc0, 0xff,
  0x00, 0x08, 0x40, 0x07, 0x80, 0x00, 0x01, 0x1b, 0x00, 0x44, 0x21, 0xfe, 0x00, 0x01, 0x31, 0xec,
  0xff, 0x00, 0x06, 0x04, 0x0f, 0x80, 0x00, 0x01, 0x39, 0x80, 0xff, 0x00, 0x00, 0x80, 0xff, 0x00,
  0x01, 0x21, 0xec, 0xff, 0x00, 0x06, 0x04, 0x0e, 0xc2, 0x00, 0x20, 0x7d, 0x80, 0xff, 0x00, 0x00,
  0x10, 0xfe, 0x00, 0x00, 0x58, 0xff, 0x00, 0x02, 0x5c, 0x0f, 0xc1, 0xff, 0x00, 0x04, 0x7d, 0x80,
  0x02, 0x00, 0x60, 0xfe, 0x00, 0x00, 0x50, 0xff, 0x00, 0x01, 0x1c, 0x04, 0xfe, 0x00, 0x04, 0x39,
  0x90, 0x02, 0x00, 0x20, 0xfe, 0x00, 0x00, 0x40, 0xff, 0x00, 0x00, 0x34, 0xfd, 0x00, 0x04, 0xb9,
  0x80, 0xc0, 0x00, 0x24, 0xfe, 0x00, 0x00, 0x40, 0xff, 0x00, 0x00, 0x7c, 0xfe, 0x00, 0x05, 0x01,
  0xb9, 0x89, 0x20, 0x00, 0x74, 0xfe, 0x00, 0x00, 0x40, 0xff, 0x00, 0x00, 0x3c, 0xfd, 0x00, 0x04,
  0x79, 0xc7, 0x10, 0x00, 0x3c, 0xfe, 0x00, 0x00, 0x40, 0xff, 0x00, 0x00, 0x3c, 0xfd, 0x00, 0x04,
  0x3f, 0x80, 0x02, 0x00, 0x7c, 0xfe, 0x00, 0x00, 0x40, 0xff, 0x00, 0x00, 0x78, 0xfd, 0x00, 0x01,
  0x7f, 0x80, 0xff, 0x00, 0x00, 0x7e, 0xf8, 0x00, 0x02, 0x10, 0xa0, 0x79, 0xfe, 0x00, 0x00, 0x36,
  0xfe, 0x00, 0x00, 0x08, 0xfc, 0x00, 0x01, 0x01, 0x80, 0xfd, 0x00, 0x00, 0x06, 0xf8, 0x00, 0x00,
  0x03, 0xfc, 0x00, 0x00, 0x06, 0xf2, 0x00, 0x00, 0x02, 0xf2, 0x00, 0x00, 0x02, 0xd2, 0x00, 0x00,
  0x02, 0xf5, 0x00, 0x01, 0x08, 0x10, 0x81, 0x00, 0xfe, 0x00, 0xae, 0x00, 0x01, 0x07, 0xc0, 0xf3,
  0x00, 0x03, 0x0c, 0x02, 0x00, 0x02, 0xf5, 0x00, 0x01, 0x18, 0x22, 0xf8, 0x00, 0x00, 0x08, 0xfd,
  0x00, 0x01, 0x08, 0x30, 0xf3, 0x00, 0x01, 0x09, 0xe0, 0xff, 0x00, 0x00, 0x02, 0xf6, 0x00, 0x01,
  0x0d, 0xe0, 0xf5, 0x00, 0x05, 0x08, 0x00, 0x8f, 0xe0, 0x00, 0x02, 0xfb, 0x00, 0x00, 0x40, 0xfc,
  0x00, 0x04, 0x7f, 0x62, 0x10, 0x40, 0x80, 0xfc, 0x00, 0x01, 0x40, 0x08, 0xfd, 0x00, 0x04, 0xce,
  0x64, 0x10, 0x03, 0xc1, 0xf6, 0x00, 0x03, 0xfd, 0xc0, 0x40, 0x01, 0xf7, 0x00, 0x03, 0x08, 0x01,
  0xfd, 0xe0, 0xff, 0x00, 0x00, 0xa0, 0xf7, 0x00, 0x02, 0x01, 0x79, 0xe0, 0xf3, 0x00, 0x01, 0xff,
  0xe0, 0xf4, 0x00, 0x04, 0x01, 0xff, 0xe4, 0x00, 0x03, 0xfd, 0x00, 0x01, 0x10, 0x80, 0xfc, 0x00,
  0x04, 0x01, 0xff, 0xe6, 0x00, 0x80, 0xfd, 0x00, 0x01, 0x08, 0xc0, 0xfd, 0x00, 0x03, 0x02, 0x01,
  0x3d, 0xe0, 0xff, 0x00, 0x00, 0x20, 0xfd, 0x00, 0x00, 0x40, 0xfc, 0x00, 0x03, 0x02, 0x79, 0xe8,
  0x80, 0xfb, 0x00, 0x00, 0x46, 0xfc, 0x00, 0x05, 0x33, 0x78, 0x3b, 0x00, 0x20, 0x84, 0xfd, 0x00,
  0x02, 0x90, 0x00, 0x10, 0xff, 0x00, 0x03, 0x04, 0x3f, 0xe8, 0x31, 0xf4, 0x00, 0x02, 0x3b, 0xe0,
  0x13, 0xf4, 0x00, 0x04, 0x3f, 0x70, 0x3b, 0x40, 0x01, 0xfb, 0x00, 0x00, 0x08, 0xfd, 0x00, 0x05,
  0x03, 0x70, 0x10, 0x00, 0x0f, 0xa0, 0xfe, 0x00, 0x00, 0x20, 0xfb, 0x00, 0x05, 0x03, 0x70, 0x10,
  0x01, 0x1f, 0xe0, 0xfe, 0x00, 0x00, 0x10, 0xff, 0x00, 0x00, 0x08, 0xff, 0x00, 0x06, 0x04, 0x03,
  0x60, 0x1b, 0x00, 0x6e, 0xe8, 0xff, 0x00, 0x00, 0x82, 0xff, 0x00, 0x00, 0x18, 0xfd, 0x00, 0x05,
  0x07, 0xe0, 0x1d, 0x00, 0x5c, 0xe8, 0xff, 0x00, 0x03, 0x27, 0x00, 0x40, 0x10, 0xfd, 0x00, 0x05,
  0x07, 0xf0, 0x1f, 0x00, 0x1e, 0xe0, 0xff, 0x00, 0x03, 0x1a, 0x00, 0x40, 0x18, 0xfd, 0x00, 0x05,
  0x0b, 0x30, 0x17, 0x00, 0x1e, 0xe0, 0xfe, 0x00, 0x03, 0x01, 0x70, 0x08, 0x40, 0xfe, 0x00, 0x05,
  0x0c, 0x00, 0x0f, 0x00, 0x17, 0xe0, 0xff, 0x00, 0x04, 0x02, 0x21, 0x74, 0x00, 0x40, 0xfe, 0x00,
  0x05, 0x6c, 0x00, 0x1f, 0x80, 0x1f, 0xe1, 0xff, 0x00, 0x04, 0x02, 0x03, 0x10, 0x08, 0x78, 0xff,
  0x00, 0x0d, 0x06, 0xfc, 0x00, 0x1f, 0x00, 0x7e, 0xe0, 0x01, 0x80, 0x00, 0x07, 0xb0, 0x00, 0x58,
  0xff, 0x00, 0x0d, 0x07, 0xf8, 0x00, 0x1f, 0x01, 0xef, 0xec, 0x01, 0x80, 0x00, 0x07, 0xf0, 0x00,
  0x78, 0xff, 0x00, 0x0d, 0x04, 0xfd, 0x00, 0x1f, 0xc1, 0xef, 0xee, 0x00, 0x01, 0x06, 0x03, 0x30,
  0x12, 0x70, 0xff, 0x00, 0x05, 0x08, 0xcc, 0x00, 0x0f, 0x83, 0xe7, 0xff, 0x80, 0x05, 0x01, 0x1b,
  0x01, 0x34, 0x05, 0xc0, 0xff, 0x00, 0x0d, 0x08, 0xec, 0x00, 0x0f, 0xc3, 0xef, 0x83, 0x80, 0x07,
  0x39, 0x83, 0x70, 0x60, 0x40, 0xff, 0x00, 0x0b, 0x18, 0xec, 0x00, 0x0f, 0xc3, 0xce, 0xc3, 0x80,
  0x27, 0x39, 0x83, 0xf0, 0xff, 0x60, 0xff, 0x00, 0x0d, 0x3f, 0x7c, 0x00, 0x0f, 0x83, 0x8f, 0xc1,
  0x00, 0x07, 0xb9, 0xbb, 0xf0, 0x20, 0x04, 0xff, 0x00, 0x0d, 0x3f, 0x7c, 0x00, 0x01, 0xc3, 0x04,
  0x00, 0x80, 0x47, 0xc1, 0xaf, 0xf0, 0x20, 0x06, 0xff, 0x00, 0x01, 0x3f, 0x6c, 0xff, 0x00, 0x00,
  0x82, 0xfe, 0x00, 0x05, 0x3f, 0xe0, 0xef, 0x38, 0x20, 0x02, 0xff, 0x00, 0x01, 0x39, 0x6c, 0xff,
  0x00, 0x00, 0x42, 0xfe, 0x00, 0x03, 0x2f, 0xc0, 0x66, 0x18, 0xfd, 0x00, 0x01, 0x38, 0x6c, 0xff,
  0x00, 0x00, 0x82, 0xfe, 0x00, 0x03, 0xdf, 0x80, 0x00, 0x08, 0xfd, 0x00, 0x01, 0x30, 0x7c, 0xff,
  0x00, 0x00, 0xc2, 0xfe, 0x00, 0x03, 0xff, 0xc0, 0x00, 0x08, 0xfd, 0x00, 0x01, 0x30, 0x7c, 0xff,
  0x00, 0x00, 0x84, 0xff, 0x00, 0x04, 0x01, 0xff, 0x80, 0x00, 0x08, 0xfd, 0x00, 0x01, 0x20, 0x2c,
  0xff, 0x00, 0x00, 0x10, 0xff, 0x00, 0x01, 0x1b, 0x58, 0xf9, 0x00, 0x00, 0x0c, 0xfc, 0x00, 0x00,
  0x02, 0xfc, 0x00, 0x00, 0x02, 0xff, 0x00, 0x00, 0x20, 0x9c, 0x00, 0x01, 0x10, 0x80, 0xff, 0x10,
  0x00, 0x0a, 0x81, 0x00, 0xfd, 0x00, 0xaf, 0x00, 0x00, 0x78, 0xf2, 0x00, 0x04, 0xfc, 0x03, 0xc0,
  0x00, 0x02, 0xf7, 0x00, 0x02, 0x01, 0xfc, 0x07, 0xf4, 0x00, 0x03, 0x01, 0xfe, 0x07, 0xc0, 0xfa,
  0x00, 0x00, 0x02, 0xfc, 0x00, 0x02, 0xce, 0x04, 0x08, 0xff, 0x00, 0x00, 0x62, 0xfc, 0x00, 0x00,
  0x10, 0xfe, 0x00, 0x01, 0x01, 0xce, 0xfe, 0x00, 0x01, 0x18, 0xc0, 0xf7, 0x00, 0x01, 0xfe, 0x80,
  0xff, 0x00, 0x00, 0x02, 0xfb, 0x00, 0x00, 0x40, 0xfd, 0x00, 0x05, 0xfe, 0x02, 0x00, 0x08, 0x40,
  0x88, 0xf8, 0x00, 0x02, 0x01, 0xde, 0x33, 0xff, 0x00, 0x01, 0x01, 0xc9, 0xf8, 0x00, 0x01, 0x04,
  0xce, 0xfe, 0x00, 0x01, 0x01, 0x40, 0xfc, 0x00, 0x00, 0x10, 0xfe, 0x00, 0x06, 0x03, 0xce, 0x80,
  0x00, 0x06, 0x00, 0x20, 0xf8, 0x00, 0x04, 0x01, 0xde, 0x04, 0x00, 0x06, 0xf6, 0x00, 0x01, 0x01,
  0xfe, 0xf3, 0x00, 0x03, 0x01, 0xfe, 0xb0, 0x80, 0xf9, 0x00, 0x00, 0x04, 0xfe, 0x00, 0x02, 0x01,
  0xff, 0xf2, 0xff, 0x00, 0x00, 0x40, 0xfe, 0x00, 0x02, 0x04, 0x00, 0x42, 0xfd, 0x00, 0x02, 0x01,
  0xef, 0x30, 0xfe, 0x00, 0x00, 0x20, 0xfd, 0x00, 0x00, 0x40, 0xfd, 0x00, 0x02, 0x03, 0xce, 0x78,
  0xfc, 0x00, 0x03, 0x02, 0x88, 0x00, 0x46, 0xfd, 0x00, 0x06, 0x01, 0xcf, 0x7b, 0xc0, 0x00, 0x10,
  0x80, 0xfd, 0x00, 0x00, 0x90, 0xfc, 0x00, 0x05, 0xc7, 0xe9, 0x80, 0x08, 0x00, 0x04, 0xf8, 0x00,
  0x04, 0x01, 0xc3, 0xe1, 0xa0, 0x10, 0xf6, 0x00, 0x05, 0x01, 0xc7, 0x70, 0xc0, 0x00, 0x01, 0xf7,
  0x00, 0x06, 0x05, 0xcf, 0x70, 0x60, 0x02, 0x0f, 0xe0, 0xf8, 0x00, 0x06, 0x03, 0xcf, 0x70, 0x30,
  0x00, 0x1f, 0xe1, 0xfd, 0x00, 0x00, 0x80, 0xfd, 0x00, 0x06, 0x07, 0xef, 0x64, 0x20, 0x00, 0x0e,
  0xe4, 0xf8, 0x00, 0x06, 0x01, 0xff, 0xe7, 0x22, 0x00, 0x1c, 0xe0, 0xfd, 0x00, 0x00, 0x02, 0xfd,
  0x00, 0x06, 0x01, 0xff, 0xf7, 0xe0, 0x10, 0x1e, 0xe0, 0xfd, 0x00, 0x01, 0x40, 0x10, 0xfe, 0x00,
  0x0d, 0x03, 0xe7, 0x35, 0xe8, 0x00, 0x1e, 0xe0, 0x20, 0x00, 0x02, 0x01, 0x70, 0x00, 0x40, 0xff,
  0x00, 0x06, 0x01, 0xc0, 0x01, 0xf0, 0x00, 0x1f, 0xe0, 0xfe, 0x00, 0x03, 0x21, 0x34, 0x00, 0x40,
  0xff, 0x00, 0x06, 0x01, 0x80, 0x01, 0xe8, 0x00, 0x1f, 0xe0, 0xff, 0x00, 0x04, 0x04, 0x03, 0x10,
  0x08, 0x70, 0xff, 0x00, 0x00, 0x07, 0xff, 0x00, 0x03, 0x20, 0x00, 0x1f, 0xe8, 0xfe, 0x00, 0x03,
  0x07, 0xb0, 0x00, 0x50, 0xff, 0x00, 0x00, 0x06, 0xfd, 0x00, 0x01, 0x1f, 0xe8, 0xfe, 0x00, 0x03,
  0x07, 0xb0, 0x00, 0x60, 0xff, 0x00, 0x01, 0x05, 0x01, 0xfe, 0x00, 0x08, 0x1f, 0xe4, 0x00, 0x01,
  0x04, 0x03, 0x70, 0x02, 0x30, 0xff, 0x00, 0x00, 0x09, 0xff, 0x00, 0x0a, 0x08, 0x00, 0x1f, 0xee,
  0x00, 0x01, 0x00, 0x01, 0x70, 0x00, 0x80, 0xff, 0x00, 0x00, 0x09, 0xff, 0x00, 0x0a, 0x08, 0x00,
  0x1f, 0xfd, 0x00, 0x07, 0x02, 0x03, 0x30, 0x00, 0x40, 0xff, 0x00, 0x00, 0x19, 0xff, 0x00, 0x0a,
  0x1b, 0x00, 0x3e, 0xfc, 0x00, 0x07, 0x46, 0x03, 0xf0, 0x40, 0xf8, 0xff, 0x00, 0x00, 0x0f, 0xff,
  0x00, 0x0a, 0x13, 0x08, 0x7e, 0xfe, 0x00, 0x07, 0xc6, 0x2b, 0xf2, 0x44, 0xfc, 0xff, 0x00, 0x00,
  0x1f, 0xff, 0x00, 0x0a, 0x01, 0x08, 0xfc, 0x7f, 0x80, 0x47, 0xfe, 0x3f, 0xf3, 0xc0, 0xfe, 0xff,
  0x00, 0x00, 0x1f, 0xfe, 0x00, 0x09, 0x01, 0xf0, 0x7e, 0x80, 0x3f, 0xdf, 0x7f, 0x7b, 0xe0, 0xf6,
  0xff, 0x00, 0x00, 0x39, 0xfe, 0x00, 0x09, 0x0d, 0xf0, 0x3e, 0x80, 0x2f, 0xf9, 0xff, 0x3f, 0xc0,
  0xf4, 0xff, 0x00, 0x00, 0x38, 0xfe, 0x00, 0x09, 0xbf, 0xf8, 0x1e, 0x80, 0xdf, 0xf9, 0xff, 0x0f,
  0x80, 0x3c, 0xff, 0x00, 0x00, 0x30, 0xfe, 0x00, 0x04, 0xfe, 0xf8, 0x1f, 0x80, 0xdf, 0xff, 0xff,
  0x02, 0x05, 0xc0, 0x7c, 0xff, 0x00, 0x00, 0x30, 0xfe, 0x00, 0x09, 0xfd, 0xf8, 0x1f, 0x80, 0x1f,
  0xff, 0xfe, 0x07, 0xc0, 0x7e, 0xff, 0x00, 0x00, 0x20, 0xfe, 0x00, 0x09, 0x10, 0x90, 0x1a, 0x82,
  0x09, 0x7f, 0xc6, 0x04, 0x80, 0x02, 0xef, 0x00, 0x00, 0x20, 0xa5, 0x00, 0x00, 0x02, 0xfa, 0x00,
  0x01, 0xa0, 0x90, 0xff, 0x02, 0xff, 0x00, 0x00, 0x10, 0xfb, 0x00, 0x00, 0x08, 0x85, 0x00, 0xaf,
  0x00, 0x00, 0x78, 0xf2, 0x00, 0x02, 0xfc, 0x00, 0x02, 0xff, 0x00, 0x00, 0x08, 0xf8, 0x00, 0x03,
  0x01, 0xfc, 0x00, 0x42, 0xf5, 0x00, 0x01, 0x01, 0xfe, 0xfa, 0x00, 0x00, 0x04, 0xfa, 0x00, 0x00,
  0xce, 0xff, 0x00, 0x00, 0x80, 0xfa, 0x00, 0x00, 0x10, 0xfe, 0x00, 0x01, 0x01, 0xce, 0xf9, 0x00,
  0x00, 0x10, 0xfc, 0x00, 0x02, 0x08, 0xce, 0x80, 0xf3, 0x00, 0x00, 0xfe, 0xfa, 0x00, 0x00, 0x04,
  0xfe, 0x00, 0x00, 0x08, 0xff, 0x00, 0x02, 0x01, 0xfe, 0x05, 0xfb, 0x00, 0x00, 0x02, 0xff, 0x00,
  0x00, 0x02, 0xfd, 0x00, 0x00, 0xee, 0xf3, 0x00, 0x02, 0x03, 0xce, 0x04, 0xfe, 0x00, 0x00, 0x80,
  0xfe, 0x00, 0x00, 0x01, 0xfc, 0x00, 0x02, 0x01, 0xde, 0x80, 0xf4, 0x00, 0x01, 0x01, 0xfe, 0xf7,
  0x00, 0x01, 0xc0, 0x08, 0xff, 0x00, 0x02, 0x01, 0xfe, 0xb0, 0xff, 0x00, 0x00, 0x01, 0xfd, 0x00,
  0x03, 0x10, 0x82, 0x04, 0x08, 0xff, 0x00, 0x02, 0x05, 0xff, 0xf2, 0xfc, 0x00, 0x03, 0x20, 0x00,
  0x08, 0x80, 0xfd, 0x00, 0x02, 0x01, 0xcf, 0xf0, 0xfe, 0x00, 0x02, 0x02, 0x00, 0x40, 0xfa, 0x00,
  0x02, 0x03, 0xcf, 0x78, 0xfd, 0x00, 0x04, 0x04, 0x00, 0x80, 0x00, 0x02, 0xfd, 0x00, 0x02, 0x01,
  0xcf, 0xfc, 0xf3, 0x00, 0x05, 0xff, 0xfe, 0x40, 0x10, 0x00, 0x08, 0xf8, 0x00, 0x03, 0x01, 0xff,
  0xee, 0x42, 0xff, 0x00, 0x00, 0x08, 0xf8, 0x00, 0x03, 0x01, 0xef, 0xfd, 0x08, 0xf5, 0x00, 0x03,
  0x05, 0xcf, 0x7d, 0x80, 0xff, 0x00, 0x00, 0x40, 0xfe, 0x00, 0x00, 0x20, 0xfc, 0x00, 0x03, 0x03,
  0xcf, 0x7d, 0xc0, 0xfb, 0x00, 0x00, 0x10, 0xfc, 0x00, 0x05, 0x01, 0x6f, 0xfb, 0x80, 0x00, 0x02,
  0xfc, 0x00, 0x00, 0x20, 0xfd, 0x00, 0x02, 0x01, 0xff, 0xf8, 0xf9, 0x00, 0x00, 0x02, 0xfd, 0x00,
  0x05, 0x01, 0xff, 0xf8, 0x40, 0x10, 0x02, 0xfc, 0x00, 0x00, 0x40, 0xfd, 0x00, 0x03, 0x03, 0xcf,
  0x78, 0x48, 0xff, 0x00, 0x01, 0xe0, 0x20, 0xf9, 0x00, 0x06, 0x01, 0xcf, 0x38, 0x18, 0x80, 0x09,
  0xe0, 0xfd, 0x00, 0x00, 0x40, 0xfd, 0x00, 0x02, 0x01, 0xef, 0x3e, 0xff, 0x00, 0x02, 0x01, 0xe4,
  0x20, 0xfe, 0x00, 0x00, 0x20, 0xff, 0x08, 0xff, 0x00, 0x00, 0x07, 0xff, 0xff, 0x03, 0xc0, 0x08,
  0x43, 0xe4, 0xfb, 0x00, 0x00, 0x08, 0xff, 0x00, 0x00, 0x07, 0xff, 0xff, 0x03, 0xe0, 0x00, 0x43,
  0xc0, 0xfd, 0x00, 0x02, 0x80, 0x00, 0x18, 0xff, 0x00, 0x06, 0x07, 0xef, 0xfd, 0xe8, 0x00, 0x4f,
  0xe0, 0xfd, 0x00, 0x01, 0x40, 0x10, 0xfe, 0x00, 0x06, 0x09, 0xcf, 0x3d, 0xe0, 0x00, 0x1f, 0xe0,
  0xfd, 0x00, 0x01, 0x44, 0x1b, 0xfe, 0x00, 0x06, 0x09, 0xcf, 0xfd, 0xe0, 0x00, 0x1f, 0xe0, 0xfe,
  0x00, 0x03, 0x08, 0x00, 0x1f, 0x40, 0xff, 0x00, 0x06, 0x19, 0xed, 0xbd, 0xeb, 0x00, 0x0e, 0xe0,
  0xfe, 0x00, 0x03, 0x08, 0x80, 0x5f, 0x40, 0xff, 0x00, 0x00, 0x09, 0xff, 0xff, 0x03, 0xe3, 0x08,
  0x0e, 0xe0, 0xfd, 0x00, 0x01, 0xc2, 0x5b, 0xfe, 0x00, 0x01, 0x19, 0xef, 0xff, 0xff, 0x02, 0x08,
  0x0c, 0x60, 0xfd, 0x00, 0x01, 0xe3, 0xdf, 0xfe, 0x00, 0x0c, 0x18, 0xc7, 0xbd, 0xff, 0x40, 0x30,
  0x61, 0x04, 0x10, 0x04, 0x00, 0x63, 0xff, 0xfe, 0x00, 0x07, 0x38, 0xc7, 0x39, 0xff, 0xcc, 0x10,
  0x21, 0x04, 0xfe, 0x00, 0x02, 0x27, 0xe7, 0x08, 0xff, 0x00, 0x06, 0x20, 0xc1, 0x3d, 0xff, 0xfe,
  0x18, 0x01, 0xff, 0x00, 0x04, 0x02, 0x0d, 0x07, 0xff, 0xc0, 0xff, 0x00, 0x02, 0x20, 0x00, 0x07,
  0xff, 0xff, 0x00, 0x08, 0xff, 0x00, 0x05, 0x20, 0x00, 0x01, 0x0f, 0xff, 0x80, 0xff, 0x00, 0x0d,
  0x20, 0x00, 0x0e, 0x7f, 0xfe, 0x08, 0x00, 0x01, 0xe0, 0x00, 0x02, 0x0f, 0xff, 0x80, 0xfd, 0x00,
  0x0b, 0x04, 0x36, 0xff, 0x40, 0x01, 0x3d, 0x56, 0x80, 0x2a, 0x04, 0xfd, 0xb4, 0xfb, 0x00, 0x06,
  0xff, 0x10, 0x00, 0xff, 0x1c, 0x71, 0x84, 0xff, 0x00, 0x00, 0x84, 0xfb, 0x00, 0x00, 0x4e, 0xff,
  0x00, 0x01, 0x46, 0x08, 0xfd, 0x00, 0x00, 0x02, 0xfb, 0x00, 0x00, 0x02, 0xf9, 0x00, 0x00, 0x02,
  0xc2, 0x00, 0x00, 0x02, 0xfe, 0x00, 0x00, 0x40, 0xff, 0x00, 0x08, 0x80, 0x82, 0x02, 0x0a, 0x12,
  0x00, 0x02, 0x10, 0x01, 0x81, 0x00, 0xff, 0x00, 0x81, 0x00, 0xf5, 0x00, 0x00, 0x02, 0xf9, 0x00,
  0x01, 0x80, 0x10, 0xee, 0x00, 0x00, 0x08, 0xf8, 0x00, 0x01, 0x10, 0x08, 0xfd, 0x00, 0x00, 0x04,
  0xfa, 0x00, 0x00, 0x30, 0xf6, 0x00, 0x00, 0x08, 0xfe, 0x00, 0x00, 0x10, 0xfa, 0x00, 0x00, 0x06,
  0xff, 0x00, 0x00, 0x08, 0xfe, 0x00, 0x00, 0x04, 0xf7, 0x00, 0x00, 0x02, 0xcd, 0x00, 0x00, 0x04,
  0xfc, 0x00, 0x00, 0x04, 0xf5, 0x00, 0x03, 0x80, 0x00, 0xc0, 0x08, 0xf8, 0x00, 0x02, 0x02, 0x00,
  0x80, 0xf4, 0x00, 0x01, 0x02, 0x40, 0xfb, 0x00, 0x03, 0x02, 0x08, 0x00, 0x02, 0xfd, 0x00, 0x02,
  0x02, 0x00, 0x80, 0xf4, 0x00, 0x00, 0x04, 0xfe, 0x00, 0x02, 0x18, 0x00, 0x08, 0xf4, 0x00, 0x02,
  0x10, 0x00, 0x08, 0xf8, 0x00, 0x02, 0x04, 0x00, 0x80, 0xf2, 0x00, 0x04, 0x44, 0x08, 0x02, 0x00,
  0x42, 0xfb, 0x00, 0x00, 0x04, 0xfd, 0x00, 0x01, 0x40, 0x10, 0xff, 0x00, 0x00, 0x03, 0xf8, 0x00,
  0x02, 0x02, 0x80, 0xc0, 0xff, 0x00, 0x01, 0x02, 0x01, 0xf6, 0x00, 0x00, 0xc0, 0xfe, 0x00, 0x00,
  0x0e, 0xfd, 0x00, 0x00, 0x02, 0xfb, 0x00, 0x04, 0xc0, 0x80, 0x00, 0x02, 0x1f, 0xfd, 0x00, 0x00,
  0x40, 0xfd, 0x00, 0x02, 0x02, 0x20, 0x40, 0xfe, 0x00, 0x01, 0xde, 0x20, 0xf9, 0x00, 0x06, 0x19,
  0x00, 0x30, 0x03, 0x00, 0x02, 0x1e, 0xf8, 0x00, 0x07, 0x19, 0x00, 0x38, 0x13, 0x40, 0x0e, 0x1a,
  0x20, 0xfe, 0x00, 0x02, 0x20, 0x00, 0x08, 0xff, 0x00, 0x06, 0x1f, 0x81, 0xf0, 0x0c, 0x00, 0x40,
  0x13, 0xfb, 0x00, 0x00, 0x08, 0xff, 0x00, 0x06, 0x3f, 0x81, 0xf0, 0x04, 0x00, 0x40, 0x17, 0xfb,
  0x00, 0x00, 0x08, 0xff, 0x00, 0x07, 0x3f, 0x81, 0xf8, 0x06, 0x00, 0x4c, 0x1a, 0x80, 0xf9, 0x00,
  0x07, 0x39, 0x81, 0x3d, 0xe6, 0x00, 0x1c, 0x1e, 0x80, 0xfe, 0x00, 0x02, 0x04, 0x18, 0x80, 0xff,
  0x00, 0x07, 0x39, 0xa1, 0xfd, 0xe7, 0x00, 0x18, 0x1e, 0x80, 0xff, 0x00, 0x02, 0x08, 0x00, 0x0a,
  0xfe, 0x00, 0x03, 0x19, 0x81, 0xbd, 0xff, 0xff, 0x00, 0x01, 0x1f, 0x80, 0xfe, 0x00, 0x02, 0x80,
  0x0a, 0x40, 0xff, 0x00, 0x01, 0x39, 0x93, 0xff, 0xff, 0x02, 0x80, 0x10, 0x1f, 0xfd, 0x00, 0x00,
  0xc0, 0xfd, 0x00, 0x01, 0x39, 0x83, 0xff, 0xff, 0x02, 0x88, 0x00, 0x1f, 0xfd, 0x00, 0x02, 0xe0,
  0x1f, 0x08, 0xff, 0x00, 0x08, 0x38, 0xab, 0xbd, 0xff, 0xc0, 0x00, 0x1f, 0x84, 0x10, 0xff, 0x00,
  0x01, 0x20, 0x1f, 0xfe, 0x00, 0x07, 0x38, 0xe3, 0x39, 0xff, 0x80, 0x00, 0x1f, 0x84, 0xfe, 0x00,
  0x02, 0x20, 0x07, 0x08, 0xff, 0x00, 0x0d, 0x20, 0xc1, 0x3d, 0xff, 0x80, 0x00, 0x1f, 0x80, 0xc0,
  0x00, 0x15, 0x30, 0x3f, 0xe8, 0xff, 0x00, 0x0d, 0x20, 0x00, 0x07, 0xff, 0x80, 0x00, 0x1f, 0x80,
  0xf0, 0x00, 0x01, 0x30, 0x3f, 0xf8, 0xff, 0x00, 0x0d, 0x20, 0x00, 0x0e, 0x7f, 0x80, 0x10, 0x1f,
  0x80, 0xe0, 0x00, 0x03, 0xb0, 0x3f, 0xfc, 0xfd, 0x00, 0x0b, 0x04, 0x36, 0xc9, 0x10, 0x1b, 0xa1,
  0x50, 0x00, 0x03, 0x20, 0x7d, 0xb4, 0xfb, 0x00, 0x06, 0xff, 0x10, 0x00, 0xbf, 0x1c, 0x00, 0x6a,
  0xff, 0x00, 0x00, 0x84, 0xfb, 0x00, 0x00, 0x4e, 0xff, 0x00, 0x01, 0x46, 0x08, 0xfd, 0x00, 0x00,
  0x02, 0xfb, 0x00, 0x00, 0x02, 0xf9, 0x00, 0x00, 0x02, 0xba, 0x00, 0x00, 0x82, 0xff, 0x00, 0x00,
  0x12, 0xfe, 0x00, 0x00, 0x01, 0x81, 0x00, 0xff, 0x00, 0x9d, 0x00, 0x00, 0x40, 0xf2, 0x00, 0x00,
  0x40, 0xe5, 0x00, 0x00, 0x04, 0xfc, 0x00, 0x00, 0x02, 0xf8, 0x00, 0x02, 0x0c, 0x01, 0x04, 0xfb,
  0x00, 0x00, 0x08, 0xfa, 0x00, 0x02, 0x30, 0x06, 0x10, 0xf9, 0x00, 0x00, 0x01, 0xfe, 0x00, 0x03,
  0x3e, 0x30, 0x15, 0x42, 0xf5, 0x00, 0x03, 0x3f, 0x30, 0x10, 0x40, 0xfa, 0x00, 0x00, 0x40, 0xfd,
  0x00, 0x03, 0x0a, 0x00, 0x85, 0xc0, 0xfe, 0x00, 0x00, 0x08, 0xfe, 0x00, 0x00, 0x02, 0xfd, 0x00,
  0x03, 0x03, 0x40, 0x61, 0xc0, 0xfb, 0x00, 0x00, 0x01, 0xff, 0x00, 0x00, 0x40, 0xff, 0x00, 0x03,
  0x02, 0x00, 0xf5, 0x80, 0xf5, 0x00, 0x02, 0x04, 0x00, 0xf8, 0xf8, 0x00, 0x01, 0xc0, 0x08, 0xff,
  0x00, 0x06, 0x04, 0x00, 0xf8, 0x00, 0x10, 0x00, 0x04, 0xfc, 0x00, 0x01, 0x04, 0x08, 0xff, 0x00,
  0x06, 0x04, 0x00, 0xf8, 0x80, 0x00, 0xc0, 0x08, 0xf8, 0x00, 0x02, 0x02, 0x20, 0x40, 0xfe, 0x00,
  0x00, 0x02, 0xfc, 0x00, 0x00, 0x10, 0xfe, 0x00, 0x01, 0x02, 0x40, 0xf3, 0x00, 0x01, 0x02, 0x20,
  0xfe, 0x00, 0x00, 0x10, 0xf7, 0x00, 0x02, 0x04, 0x00, 0x10, 0xf1, 0x00, 0x00, 0x02, 0xf3, 0x00,
  0x01, 0x01, 0xc0, 0xf5, 0x00, 0x03, 0x3b, 0x00, 0x01, 0xe0, 0xff, 0x00, 0x00, 0x42, 0xfb, 0x00,
  0x00, 0x04, 0xff, 0x00, 0x03, 0x3b, 0x80, 0x0d, 0xe0, 0xff, 0x00, 0x00, 0xc2, 0xfd, 0x00, 0x02,
  0x80, 0x00, 0x08, 0xff, 0x00, 0x03, 0x3b, 0x81, 0x3f, 0xb2, 0xff, 0x00, 0x00, 0x01, 0xfd, 0x00,
  0x02, 0xb0, 0x00, 0x08, 0xff, 0x00, 0x03, 0x3f, 0x81, 0x3f, 0x30, 0xff, 0x00, 0x00, 0x0e, 0xfd,
  0x00, 0x00, 0xf0, 0xfd, 0x00, 0x03, 0x3f, 0x83, 0x3f, 0x30, 0xff, 0x00, 0x00, 0x1f, 0xfd, 0x00,
  0x01, 0x50, 0x08, 0xfe, 0x00, 0x06, 0x39, 0x83, 0x3d, 0xb0, 0x00, 0x02, 0x1e, 0xff, 0x00, 0x03,
  0x02, 0x01, 0x70, 0x0f, 0xfe, 0x00, 0x06, 0x20, 0xc3, 0x09, 0xe4, 0x80, 0x08, 0x1e, 0xfe, 0x00,
  0x02, 0x01, 0x70, 0x2f, 0xfe, 0x00, 0x06, 0x20, 0x83, 0x07, 0xe4, 0x40, 0x0c, 0x1e, 0xfd, 0x00,
  0x02, 0x10, 0x17, 0x08, 0xff, 0x00, 0x06, 0x20, 0x02, 0x0f, 0xf3, 0x08, 0x60, 0x1f, 0xfc, 0x00,
  0x01, 0x06, 0x08, 0xff, 0x00, 0x06, 0x40, 0x02, 0x0f, 0xfb, 0x08, 0x40, 0x3f, 0xfd, 0x00, 0x02,
  0xc0, 0x00, 0x08, 0xff, 0x00, 0x06, 0x40, 0x12, 0x05, 0xf1, 0x00, 0x40, 0x02, 0xff, 0x00, 0x03,
  0x02, 0x00, 0x20, 0x16, 0xfd, 0x00, 0x04, 0x62, 0x00, 0x01, 0x00, 0x02, 0xff, 0x00, 0x05, 0x01,
  0x02, 0x01, 0x30, 0x07, 0xc0, 0xff, 0x00, 0x05, 0x40, 0x02, 0x00, 0x0b, 0x00, 0x06, 0xff, 0x00,
  0x05, 0x01, 0x02, 0x03, 0x30, 0x35, 0x40, 0xff, 0x00, 0x00, 0x20, 0xfe, 0x00, 0x01, 0x08, 0x2c,
  0xfd, 0x00, 0x02, 0x0b, 0xf8, 0x75, 0xfd, 0x00, 0x00, 0x40, 0xff, 0x00, 0x01, 0x80, 0xe0, 0xfd,
  0x00, 0x03, 0x03, 0xfa, 0x3f, 0x80, 0xfe, 0x00, 0x00, 0x48, 0xff, 0x00, 0x03, 0x49, 0xf0, 0x00,
  0x80, 0xff, 0x00, 0x03, 0x03, 0xfa, 0x60, 0xc0, 0xfe, 0x00, 0x00, 0x6c, 0xff, 0x00, 0x01, 0x01,
  0xc0, 0xff, 0x00, 0x05, 0x03, 0x80, 0x03, 0x3b, 0x60, 0xd0, 0xfe, 0x00, 0x00, 0x24, 0xff, 0x00,
  0x01, 0x01, 0xe0, 0xff, 0x00, 0x05, 0xd3, 0xc2, 0x03, 0x3f, 0xe0, 0xf4, 0xfb, 0x00, 0x09, 0x41,
  0xe0, 0x00, 0x01, 0x17, 0xc2, 0x1b, 0x3f, 0xc0, 0x14, 0xfb, 0x00, 0x09, 0x43, 0xf0, 0x00, 0x47,
  0x0f, 0xc6, 0x03, 0x3f, 0xc0, 0x04, 0xfb, 0x00, 0x09, 0x33, 0xe0, 0x00, 0x7b, 0x1f, 0xff, 0x03,
  0xbf, 0xc0, 0x02, 0xfb, 0x00, 0x09, 0x36, 0xc0, 0x00, 0x1e, 0x0f, 0xff, 0xeb, 0x24, 0x80, 0x02,
  0xf8, 0x00, 0x03, 0x40, 0x00, 0x71, 0xee, 0xff, 0x00, 0x00, 0x02, 0xa2, 0x00, 0x00, 0x02, 0xfb,
  0x00, 0x03, 0x80, 0xb2, 0x12, 0x88, 0xfe, 0x00, 0x00, 0x10, 0x81, 0x00, 0xfe, 0x00, 0xa4, 0x00,
  0x01, 0x02, 0x10, 0xfc, 0x00, 0x00, 0x40, 0xf8, 0x00, 0x00, 0x64, 0xf8, 0x00, 0x00, 0x40, 0xfd,
  0x00, 0x01, 0x02, 0xec, 0xf2, 0x00, 0x00, 0x3c, 0xff, 0x00, 0x00, 0x04, 0xff, 0x00, 0x00, 0x08,
  0xff, 0x00, 0x00, 0x02, 0xfb, 0x00, 0x00, 0x3c, 0xff, 0x00, 0x02, 0x0c, 0x01, 0x04, 0xf7, 0x00,
  0x00, 0x7c, 0xfd, 0x00, 0x02, 0x06, 0x00, 0x08, 0xfa, 0x00, 0x01, 0x01, 0x18, 0xff, 0x00, 0x03,
  0x3e, 0x00, 0x15, 0x42, 0xf9, 0x00, 0x00, 0x84, 0xfe, 0x00, 0x03, 0x3f, 0x20, 0x10, 0x40, 0xf9,
  0x00, 0x00, 0x0c, 0xfe, 0x00, 0x03, 0x0e, 0x00, 0x85, 0xc0, 0xf5, 0x00, 0x03, 0x01, 0x40, 0x61,
  0xc0, 0xf8, 0x00, 0x00, 0x40, 0xff, 0x00, 0x03, 0x02, 0x00, 0x71, 0x80, 0xf5, 0x00, 0x03, 0x04,
  0x00, 0xfb, 0x02, 0xf3, 0x00, 0x03, 0xff, 0x40, 0x10, 0x02, 0xfb, 0x00, 0x00, 0x06, 0xfe, 0x00,
  0x05, 0x04, 0x00, 0xf7, 0xc4, 0x00, 0x40, 0xf7, 0x00, 0x03, 0x02, 0x20, 0x05, 0xd8, 0xff, 0x00,
  0x00, 0x40, 0xfb, 0x00, 0x00, 0x20, 0xff, 0x00, 0x03, 0x03, 0xc1, 0x71, 0x90, 0xff, 0x00, 0x00,
  0xc0, 0xfe, 0x00, 0x03, 0x10, 0x06, 0x00, 0xb0, 0xff, 0x00, 0x02, 0x0b, 0xf1, 0x7b, 0xf9, 0x00,
  0x02, 0x02, 0x00, 0xe4, 0xff, 0x00, 0x02, 0x0f, 0x01, 0xe6, 0xfe, 0x00, 0x00, 0x04, 0xfb, 0x00,
  0x00, 0xe4, 0xff, 0x00, 0x03, 0x07, 0x01, 0xe7, 0x02, 0xff, 0x00, 0x01, 0x07, 0x80, 0xfc, 0x00,
  0x00, 0xfe, 0xff, 0x00, 0x03, 0x02, 0x10, 0x74, 0xc8, 0xff, 0x00, 0x02, 0x1e, 0x80, 0x20, 0xfd,
  0x00, 0x00, 0xbe, 0xff, 0x00, 0x03, 0x39, 0x00, 0x05, 0xe8, 0xff, 0x00, 0x00, 0x3e, 0xfc, 0x00,
  0x01, 0x01, 0x3e, 0xff, 0x00, 0x03, 0x3b, 0x80, 0x0d, 0xf0, 0xff, 0x00, 0x00, 0xde, 0xfc, 0x00,
  0x01, 0x01, 0xfe, 0xff, 0x00, 0x03, 0x3b, 0x81, 0x79, 0x32, 0xfb, 0x00, 0x03, 0x10, 0x90, 0x03,
  0xf6, 0xff, 0x00, 0x05, 0x3f, 0x81, 0xf0, 0x30, 0x00, 0x02, 0xfc, 0x00, 0x02, 0xb0, 0x03, 0xfe,
  0xff, 0x00, 0x03, 0x3f, 0x83, 0xf0, 0x30, 0xfa, 0x00, 0x02, 0x10, 0x13, 0xfe, 0xff, 0x00, 0x06,
  0x30, 0xa2, 0x10, 0x18, 0x00, 0x03, 0x21, 0xfe, 0x00, 0x03, 0x01, 0x70, 0x00, 0xfe, 0xfe, 0x00,
  0x05, 0x0c, 0x00, 0x1f, 0x00, 0x03, 0xee, 0xfe, 0x00, 0x03, 0x01, 0x30, 0x20, 0xfe, 0xfe, 0x00,
  0x05, 0x6c, 0x00, 0x05, 0x00, 0x03, 0xfe, 0xfd, 0x00, 0x02, 0x10, 0x40, 0xfe, 0xfe, 0x00, 0x00,
  0x7c, 0xfe, 0x00, 0x03, 0x22, 0xdf, 0x81, 0x80, 0xfe, 0x00, 0x01, 0x19, 0xfe, 0xff, 0x00, 0x01,
  0x40, 0x7c, 0xfe, 0x00, 0x03, 0x02, 0xff, 0x81, 0x80, 0xff, 0x00, 0x02, 0x40, 0x1f, 0xfe, 0xff,
  0x00, 0x01, 0x40, 0x7c, 0xfe, 0x00, 0x01, 0x43, 0xc2, 0xff, 0x00, 0x04, 0x06, 0x00, 0x20, 0x01,
  0xb6, 0xfe, 0x00, 0x05, 0x2c, 0x00, 0x03, 0x00, 0x01, 0x80, 0xff, 0x00, 0x04, 0x02, 0x01, 0x34,
  0x10, 0xf6, 0xfe, 0x00, 0x09, 0x6c, 0x00, 0x04, 0x00, 0x01, 0x80, 0x08, 0x00, 0x02, 0x03, 0xff,
  0x30, 0x00, 0xf7, 0xfe, 0x00, 0x00, 0x6c, 0xfe, 0x00, 0x02, 0x03, 0xc0, 0x04, 0xff, 0x00, 0x03,
  0x03, 0xb8, 0x40, 0xfe, 0xfe, 0x00, 0x00, 0x2c, 0xff, 0x00, 0x03, 0x80, 0x9f, 0xc0, 0x80, 0xff,
  0x00, 0x03, 0x03, 0xfa, 0x00, 0x7e, 0xfe, 0x00, 0x00, 0x24, 0xff, 0x00, 0x09, 0x01, 0x9f, 0xc0,
  0x00, 0x20, 0x00, 0x03, 0xfa, 0x40, 0x36, 0xfa, 0x00, 0x08, 0x1f, 0xc0, 0x04, 0x03, 0x84, 0x03,
  0xfb, 0x40, 0x27, 0xfb, 0x00, 0x09, 0x7e, 0x07, 0xc0, 0x00, 0xd3, 0xc4, 0x03, 0x3f, 0xc0, 0x03,
  0xfb, 0x00, 0x09, 0x3e, 0x03, 0xc0, 0x21, 0xd7, 0xc0, 0x02, 0x1d, 0x80, 0x02, 0xfb, 0x00, 0x09,
  0x3c, 0x00, 0xc0, 0x3b, 0xff, 0xc8, 0x02, 0x0d, 0xc0, 0x02, 0xfb, 0x00, 0x00, 0x4c, 0xff, 0x00,
  0x05, 0x07, 0xff, 0xe0, 0x02, 0x0f, 0xc0, 0xf7, 0x00, 0x05, 0x43, 0xfd, 0x60, 0x08, 0x04, 0x80,
  0xf7, 0x00, 0x01, 0x03, 0xb0, 0xf3, 0x00, 0x00, 0x01, 0xac, 0x00, 0x00, 0x02, 0xfa, 0x00, 0x02,
  0x92, 0x00, 0x80, 0xfe, 0x00, 0x01, 0x10, 0x01, 0x81, 0x00, 0xff, 0x00, 0xa3, 0x00, 0x00, 0x10,
  0xfd, 0x00, 0x00, 0xf0, 0xfe, 0x00, 0x00, 0x04, 0xfb, 0x00, 0x00, 0x64, 0xfe, 0x00, 0x01, 0x01,
  0xf0, 0xfe, 0x00, 0x01, 0x0e, 0x40, 0xfd, 0x00, 0x01, 0x02, 0xec, 0xfd, 0x00, 0x01, 0xf0, 0x82,
  0xff, 0x00, 0x00, 0x0f, 0xfb, 0x00, 0x00, 0x7c, 0xfd, 0x00, 0x04, 0x40, 0x08, 0x00, 0x10, 0x0c,
  0xfb, 0x00, 0x00, 0x7c, 0xfd, 0x00, 0x00, 0x04, 0xfe, 0x00, 0x00, 0x08, 0xff, 0x00, 0x00, 0x80,
  0xfe, 0x00, 0x00, 0x7c, 0xfe, 0x00, 0x01, 0x30, 0x02, 0xfe, 0x00, 0x00, 0x08, 0xfb, 0x00, 0x00,
  0x18, 0xfe, 0x00, 0x02, 0x10, 0x01, 0x40, 0xff, 0x00, 0x01, 0x0e, 0x01, 0xfd, 0x00, 0x01, 0x84,
  0x08, 0xfe, 0x00, 0x02, 0x38, 0x20, 0x40, 0xff, 0x00, 0x00, 0x0f, 0xff, 0x00, 0x00, 0x06, 0xff,
  0x00, 0x00, 0x10, 0xfd, 0x00, 0x02, 0x28, 0x01, 0xc0, 0xfe, 0x00, 0x02, 0x08, 0x00, 0x02, 0xfb,
  0x00, 0x02, 0x02, 0x08, 0x80, 0xfe, 0x00, 0x00, 0x04, 0xf7, 0x00, 0x01, 0x10, 0x04, 0xf2, 0x00,
  0x01, 0x03, 0x02, 0xf8, 0x00, 0x00, 0x08, 0xfd, 0x00, 0x01, 0x77, 0x40, 0xf8, 0x00, 0x00, 0x48,
  0xff, 0x00, 0x05, 0x04, 0x00, 0xff, 0xc0, 0x00, 0x40, 0xf7, 0x00, 0x03, 0x02, 0x00, 0x25, 0xd8,
  0xf8, 0x00, 0x00, 0x20, 0xff, 0x00, 0x03, 0x03, 0xc0, 0x01, 0x90, 0xff, 0x00, 0x00, 0x40, 0xfd,
  0x00, 0x02, 0x04, 0x00, 0xb0, 0xff, 0x00, 0x02, 0x0f, 0xc0, 0x09, 0xfe, 0x00, 0x00, 0x03, 0xfd,
  0x00, 0x02, 0x02, 0x00, 0xe4, 0xff, 0x00, 0x06, 0x0f, 0x02, 0x06, 0x80, 0x00, 0x01, 0x13, 0xfb,
  0x00, 0x00, 0xe4, 0xff, 0x00, 0x03, 0x07, 0x06, 0x0c, 0x02, 0xff, 0x00, 0x01, 0x70, 0x80, 0xfc,
  0x00, 0x00, 0xee, 0xff, 0x00, 0x08, 0x06, 0x1f, 0x08, 0xc0, 0x40, 0x00, 0x20, 0x00, 0x20, 0xfd,
  0x00, 0x00, 0xbe, 0xff, 0x00, 0x03, 0x02, 0x0b, 0x3d, 0xc0, 0xfe, 0x00, 0x00, 0x80, 0xfd, 0x00,
  0x01, 0x01, 0x3e, 0xfe, 0x00, 0x02, 0x4f, 0x3d, 0xf0, 0xff, 0x00, 0x01, 0xe0, 0x80, 0xfe, 0x00,
  0x02, 0x80, 0x01, 0xb6, 0xff, 0x00, 0x03, 0x02, 0x6f, 0x79, 0x30, 0xff, 0x00, 0x01, 0x7f, 0x80,
  0xff, 0x00, 0x03, 0x10, 0x20, 0x01, 0xa6, 0xff, 0x00, 0x07, 0x07, 0xff, 0xf0, 0x3a, 0x00, 0x02,
  0x7f, 0x80, 0xfe, 0x00, 0x02, 0x40, 0x01, 0x82, 0xff, 0x00, 0x03, 0x1f, 0xff, 0xf0, 0x38, 0xff,
  0x00, 0x01, 0x7f, 0x80, 0xfd, 0x00, 0x01, 0x0b, 0x02, 0xfe, 0x00, 0x06, 0xce, 0x10, 0x18, 0x00,
  0x08, 0x7f, 0xa0, 0xfd, 0x00, 0x01, 0x0f, 0x02, 0xff, 0x00, 0x00, 0x30, 0xff, 0x00, 0x04, 0x10,
  0x00, 0x18, 0xf0, 0x80, 0xfe, 0x00, 0x02, 0x40, 0x0f, 0x02, 0xff, 0x00, 0x00, 0x38, 0xff, 0x00,
  0x00, 0x1a, 0xff, 0x00, 0x01, 0x60, 0xa8, 0xfd, 0x00, 0x01, 0x44, 0x02, 0xff, 0x00, 0x00, 0x3f,
  0xff, 0x00, 0x00, 0x1f, 0xff, 0x00, 0x01, 0xc0, 0x7c, 0xfc, 0x00, 0x00, 0x02, 0xff, 0x00, 0x00,
  0x3e, 0xff, 0x00, 0x04, 0x1f, 0x00, 0x02, 0xe0, 0x7c, 0xfe, 0x00, 0x00, 0x80, 0xfd, 0x00, 0x00,
  0x38, 0xff, 0x00, 0x06, 0x01, 0x00, 0x43, 0xc0, 0x18, 0x00, 0x06, 0xfb, 0x00, 0x00, 0x20, 0xff,
  0x00, 0xff, 0x03, 0x02, 0x0f, 0x80, 0x30, 0xfe, 0x00, 0x01, 0x40, 0x10, 0xfe, 0x00, 0x00, 0x40,
  0xff, 0x00, 0x06, 0x0f, 0x80, 0x7f, 0x80, 0x38, 0x00, 0x02, 0xff, 0x00, 0x01, 0x10, 0x01, 0xfb,
  0x00, 0x03, 0x88, 0x5f, 0xc0, 0x7c, 0xfe, 0x00, 0x01, 0x40, 0x20, 0xfa, 0x00, 0x03, 0x08, 0x07,
  0xc0, 0x7c, 0xff, 0x00, 0x00, 0x10, 0xff, 0x00, 0x00, 0x02, 0xfb, 0x00, 0x03, 0x40, 0x8f, 0xc0,
  0x7c, 0xfd, 0x00, 0x00, 0x40, 0xfa, 0x00, 0x09, 0x40, 0x1f, 0xc0, 0x78, 0x00, 0x04, 0x00, 0xc0,
  0x40, 0x01, 0xfb, 0x00, 0x09, 0x7c, 0x07, 0xc0, 0x7c, 0x00, 0x04, 0x10, 0x00, 0x40, 0x01, 0xfb,
  0x00, 0x07, 0x3c, 0x03, 0xc0, 0x5e, 0x00, 0x02, 0x39, 0x20, 0xf9, 0x00, 0x07, 0x38, 0x00, 0xc0,
  0x02, 0x00, 0x0e, 0x3f, 0x10, 0xf9, 0x00, 0x00, 0x38, 0xff, 0x00, 0x04, 0x02, 0x00, 0x03, 0x7e,
  0x02, 0xf6, 0x00, 0x03, 0x02, 0x24, 0x01, 0x0c, 0xf5, 0x00, 0x01, 0x02, 0xb8, 0xf3, 0x00, 0x00,
  0x01, 0xa8, 0x00, 0x00, 0x40, 0xfe, 0x00, 0x01, 0x82, 0x12, 0xfe, 0x00, 0x01, 0x02, 0x10, 0x81,
  0x00, 0xfe, 0x00, 0xb4, 0x00, 0x00, 0x18, 0xfd, 0x00, 0x01, 0x01, 0xe0, 0xfe, 0x00, 0x00, 0x1f,
  0xfc, 0x00, 0x01, 0x3e, 0x08, 0xfe, 0x00, 0x00, 0x03, 0xfe, 0x00, 0x01, 0x02, 0x33, 0xfd, 0x00,
  0x02, 0x10, 0x3d, 0x10, 0xfe, 0x00, 0x02, 0x06, 0x00, 0x40, 0xff, 0x00, 0x00, 0x71, 0xfc, 0x00,
  0x01, 0x7d, 0x10, 0xfe, 0x00, 0x02, 0x07, 0x00, 0x80, 0xff, 0x00, 0x00, 0x70, 0xfd, 0x00, 0x02,
  0x80, 0x3f, 0x40, 0xfe, 0x00, 0x07, 0x03, 0x30, 0x00, 0x80, 0x10, 0x70, 0x00, 0x40, 0xfe, 0x00,
  0x01, 0x2f, 0xc0, 0xff, 0x00, 0x02, 0x02, 0x13, 0x78, 0xfe, 0x00, 0x00, 0xf4, 0xfc, 0x00, 0x01,
  0x3f, 0xc0, 0xff, 0x00, 0x02, 0x0a, 0x13, 0xfa, 0xfe, 0x00, 0x00, 0x77, 0xfd, 0x00, 0x02, 0x80,
  0x7d, 0x08, 0xff, 0x00, 0x03, 0x2e, 0x17, 0xf3, 0x40, 0xff, 0x00, 0x07, 0x31, 0x01, 0x00, 0x04,
  0x00, 0x80, 0x79, 0x08, 0xff, 0x00, 0x03, 0x2f, 0x27, 0xd7, 0x40, 0xff, 0x00, 0x00, 0x70, 0xfd,
  0x00, 0x02, 0x80, 0x2f, 0x80, 0xff, 0x00, 0x03, 0x0e, 0x2f, 0xfb, 0x40, 0xff, 0x00, 0x00, 0x7e,
  0xfc, 0x00, 0x01, 0x2f, 0x80, 0xff, 0x00, 0x02, 0x02, 0x0f, 0xf8, 0xfe, 0x00, 0x00, 0x38, 0xfc,
  0x00, 0x01, 0x2f, 0xc0, 0xfe, 0x00, 0x01, 0x17, 0x7c, 0xfe, 0x00, 0x00, 0x3c, 0xfc, 0x00, 0x01,
  0x3f, 0xc0, 0xfe, 0x00, 0x01, 0x07, 0xf8, 0xfe, 0x00, 0x00, 0x7f, 0xfc, 0x00, 0x01, 0x7f, 0x98,
  0xfe, 0x00, 0x02, 0x07, 0x88, 0x80, 0xff, 0x00, 0x01, 0x77, 0x80, 0xfe, 0x00, 0x02, 0x02, 0x7f,
  0xc8, 0xfe, 0x00, 0x06, 0x07, 0x08, 0x04, 0x00, 0xc0, 0x7f, 0x04, 0xfe, 0x00, 0x02, 0x80, 0x3f,
  0x80, 0xff, 0x00, 0x02, 0x02, 0x07, 0x1c, 0xfe, 0x00, 0x03, 0x7e, 0x80, 0x00, 0x08, 0xff, 0x00,
  0x00, 0x3f, 0xfd, 0x00, 0x01, 0x0e, 0x08, 0xfe, 0x00, 0x01, 0xbc, 0x80, 0xff, 0x00, 0x03, 0x10,
  0x00, 0x2f, 0x80, 0xff, 0x00, 0x02, 0x04, 0x1e, 0x0e, 0xff, 0x00, 0x02, 0x01, 0xfc, 0x80, 0xfd,
  0x00, 0x01, 0x7f, 0x90, 0xfe, 0x00, 0x06, 0x3c, 0x08, 0x80, 0x00, 0x02, 0x60, 0x80, 0xfd, 0x00,
  0x01, 0x7f, 0x80, 0xfe, 0x00, 0x01, 0x38, 0x03, 0xfe, 0x00, 0xff, 0x80, 0xfd, 0x00, 0x01, 0x7f,
  0x80, 0xff, 0x00, 0x06, 0x06, 0x20, 0x05, 0xc0, 0x40, 0x00, 0x40, 0xfc, 0x00, 0x01, 0x2f, 0x80,
  0xff, 0x00, 0x03, 0x3b, 0x08, 0x01, 0xc0, 0xf9, 0x00, 0x00, 0x2f, 0xfe, 0x00, 0x03, 0x3b, 0xcc,
  0x00, 0x20, 0xff, 0x00, 0x00, 0x80, 0xfd, 0x00, 0x02, 0x80, 0x6f, 0x88, 0xff, 0x00, 0x03, 0x39,
  0xec, 0x00, 0x30, 0xfe, 0x00, 0x00, 0x20, 0xff, 0x00, 0x03, 0x10, 0x40, 0x7d, 0xd8, 0xff, 0x00,
  0x03, 0x38, 0x68, 0x00, 0x3a, 0xff, 0x00, 0x01, 0x40, 0x20, 0xfd, 0x00, 0x01, 0x3d, 0xfc, 0xff,
  0x00, 0x03, 0x20, 0x40, 0x00, 0x38, 0xff, 0x00, 0x00, 0x40, 0xff, 0x00, 0x04, 0x04, 0x00, 0xc0,
  0x3f, 0x7c, 0xff, 0x00, 0x03, 0x30, 0x00, 0x01, 0xb8, 0xfe, 0x00, 0x06, 0x20, 0x00, 0x02, 0x20,
  0x00, 0x2f, 0x7c, 0xff, 0x00, 0x05, 0x30, 0x00, 0x01, 0xa0, 0x00, 0x10, 0xfd, 0x00, 0x03, 0x20,
  0x00, 0x2f, 0x7c, 0xff, 0x00, 0x00, 0x38, 0xff, 0x00, 0x00, 0xb8, 0xfe, 0x00, 0x02, 0x28, 0x00,
  0x06, 0xff, 0x00, 0x01, 0x64, 0x74, 0xff, 0x00, 0x00, 0x3f, 0xff, 0x00, 0x00, 0x20, 0xff, 0x00,
  0x07, 0xc0, 0x7c, 0x00, 0x06, 0x00, 0x80, 0x20, 0x24, 0xff, 0x00, 0x00, 0x3e, 0xff, 0x00, 0x00,
  0x20, 0xff, 0x00, 0x07, 0x40, 0x7c, 0x00, 0x1e, 0x00, 0x40, 0x20, 0x26, 0xff, 0x00, 0x00, 0x38,
  0xff, 0x00, 0x06, 0x3e, 0x00, 0x40, 0x00, 0x18, 0x00, 0x18, 0xff, 0x00, 0x01, 0x20, 0x06, 0xff,
  0x00, 0x00, 0x20, 0xff, 0x00, 0x0a, 0x3c, 0x43, 0x0f, 0x00, 0x30, 0x00, 0x0a, 0x00, 0x40, 0x20,
  0x36, 0xfc, 0x00, 0x04, 0x3c, 0xc0, 0x7f, 0x80, 0x30, 0xfe, 0x00, 0x02, 0x30, 0x60, 0x36, 0xfb,
  0x00, 0x09, 0x80, 0x7e, 0x00, 0x58, 0x00, 0x9e, 0x01, 0xf0, 0x60, 0x06, 0xfb, 0x00, 0x07, 0x80,
  0x60, 0x00, 0x7c, 0x00, 0x3f, 0x81, 0xf0, 0xf9, 0x00, 0x07, 0x88, 0xe8, 0x00, 0x58, 0x00, 0x7f,
  0x81, 0xf2, 0xf9, 0x00, 0x07, 0x51, 0xf0, 0x00, 0x50, 0x00, 0xfb, 0x91, 0x32, 0xf9, 0x00, 0x07,
  0x4b, 0xf0, 0x00, 0x40, 0x00, 0xfb, 0xab, 0x32, 0xf9, 0x00, 0x07, 0x3f, 0xf0, 0x00, 0x02, 0x03,
  0xfb, 0x87, 0x3a, 0xf9, 0x00, 0x01, 0x3b, 0xe0, 0xff, 0x00, 0x03, 0x07, 0xff, 0xc1, 0x1a, 0xf9,
  0x00, 0x00, 0x38, 0xff, 0x00, 0x04, 0x01, 0xef, 0xe3, 0x80, 0x0a, 0xf6, 0x00, 0x02, 0x01, 0xd9,
  0x61, 0xf4, 0x00, 0x01, 0x01, 0x08, 0xa0, 0x00, 0x00, 0x80, 0xfb, 0x00, 0x00, 0x40, 0xfd, 0x00,
  0x00, 0x02, 0x81, 0x00, 0xf9, 0x00, 0xb4, 0x00, 0x00, 0x18, 0xfd, 0x00, 0x01, 0x79, 0xe0, 0xfe,
  0x00, 0x00, 0x1f, 0xfc, 0x00, 0x00, 0x3e, 0xfd, 0x00, 0x05, 0xff, 0xf0, 0x02, 0x00, 0x01, 0x37,
  0xfc, 0x00, 0x01, 0x3d, 0x08, 0xff, 0x00, 0x06, 0x01, 0xf9, 0xf0, 0x42, 0x00, 0x81, 0x77, 0xfc,
  0x00, 0x00, 0x7d, 0xfe, 0x00, 0x06, 0x01, 0xf9, 0xf0, 0x82, 0x10, 0x00, 0x7f, 0xfd, 0x00, 0x02,
  0x80, 0x3f, 0x40, 0xfe, 0x00, 0x07, 0xcd, 0x70, 0x08, 0x00, 0x10, 0x1c, 0x00, 0x40, 0xfe, 0x00,
  0x01, 0x2f, 0x80, 0xff, 0x00, 0x02, 0x03, 0xdd, 0x7c, 0xfe, 0x00, 0x02, 0x3c, 0x00, 0x02, 0xfe,
  0x00, 0x01, 0x2f, 0xc0, 0xff, 0x00, 0x06, 0x07, 0xdd, 0xf8, 0x00, 0x40, 0x00, 0x7f, 0xfc, 0x00,
  0x01, 0x7f, 0x08, 0xff, 0x00, 0x02, 0x2f, 0xf9, 0xf0, 0xfe, 0x00, 0x00, 0x3f, 0xfc, 0x00, 0x01,
  0x79, 0x18, 0xff, 0x00, 0x02, 0x2e, 0xe1, 0xf2, 0xff, 0x00, 0x01, 0x02, 0x77, 0xfc, 0x00, 0x01,
  0xa3, 0x90, 0xff, 0x00, 0x03, 0x0f, 0xe9, 0x3a, 0x80, 0xff, 0x00, 0x01, 0x7e, 0x0c, 0xfd, 0x00,
  0x01, 0x2f, 0xc0, 0xff, 0x00, 0x02, 0x03, 0xc9, 0x38, 0xfe, 0x00, 0x00, 0x3c, 0xfc, 0x00, 0x01,
  0x2f, 0xc0, 0xff, 0x00, 0x01, 0x01, 0xd8, 0xfd, 0x00, 0x02, 0x3c, 0x10, 0x40, 0xfe, 0x00, 0x01,
  0x3f, 0xc0, 0xfe, 0x00, 0x02, 0xf8, 0x08, 0x02, 0xff, 0x00, 0x01, 0x7f, 0x20, 0xfd, 0x00, 0x01,
  0x7f, 0x90, 0xff, 0x00, 0x02, 0x01, 0xf8, 0x08, 0xff, 0x00, 0x02, 0x02, 0x77, 0x80, 0xff, 0x00,
  0x03, 0x08, 0x20, 0x79, 0x80, 0xff, 0x00, 0x02, 0x01, 0xf9, 0x08, 0xfe, 0x00, 0x07, 0x7f, 0x0c,
  0x00, 0x04, 0x08, 0x80, 0x3f, 0x80, 0xff, 0x00, 0x02, 0x03, 0xc9, 0x3c, 0xfe, 0x00, 0x02, 0x7e,
  0x80, 0x40, 0xfe, 0x00, 0x00, 0x2f, 0xfe, 0x00, 0x02, 0x01, 0xc1, 0x78, 0xfe, 0x00, 0x01, 0x7c,
  0x80, 0xfe, 0x00, 0x02, 0x02, 0x2f, 0x80, 0xfe, 0x00, 0x01, 0xc1, 0x7c, 0xff, 0x00, 0x02, 0x01,
  0xff, 0x80, 0xfd, 0x00, 0x01, 0x7f, 0x88, 0xfe, 0x00, 0x06, 0xc1, 0xe8, 0x82, 0x00, 0x03, 0x77,
  0x80, 0xfd, 0x00, 0x01, 0x7f, 0x88, 0xff, 0x00, 0x03, 0x01, 0xc1, 0xc8, 0x80, 0xff, 0x00, 0x01,
  0xf7, 0x80, 0xfe, 0x00, 0x02, 0x40, 0x7f, 0x80, 0xff, 0x00, 0x02, 0x07, 0xc1, 0xfa, 0xfe, 0x00,
  0x01, 0x7e, 0x80, 0xfd, 0x00, 0x01, 0x2f, 0x80, 0xff, 0x00, 0x03, 0x3e, 0xcd, 0x7c, 0x08, 0xff,
  0x00, 0x01, 0x3c, 0x80, 0xfe, 0x00, 0x01, 0x04, 0x2f, 0xfe, 0x00, 0x03, 0x38, 0x4d, 0x79, 0xd0,
  0xff, 0x00, 0x01, 0x7c, 0x80, 0xfd, 0x00, 0x01, 0x6f, 0xc0, 0xff, 0x00, 0x03, 0x38, 0x6c, 0x2f,
  0x80, 0xff, 0x00, 0x01, 0x7a, 0x80, 0xfe, 0x00, 0x02, 0x40, 0x6f, 0x80, 0xff, 0x00, 0x02, 0x3e,
  0x68, 0x0f, 0xfe, 0x00, 0x01, 0x3f, 0x80, 0xfd, 0x00, 0x01, 0x3f, 0x80, 0xff, 0x00, 0x03, 0x3e,
  0x40, 0x07, 0xc0, 0xff, 0x00, 0x07, 0x3f, 0xa0, 0x00, 0x04, 0x00, 0x80, 0x3f, 0x80, 0xff, 0x00,
  0x07, 0x38, 0x00, 0x04, 0x48, 0x00, 0x01, 0x7e, 0x80, 0xff, 0x00, 0x03, 0x20, 0x00, 0x2f, 0x80,
  0xff, 0x00, 0x00, 0x31, 0xff, 0x00, 0x00, 0x40, 0xff, 0x00, 0x01, 0xfe, 0x80, 0xff, 0x00, 0x03,
  0x20, 0x00, 0x2f, 0x80, 0xff, 0x00, 0x03, 0x31, 0x00, 0x05, 0x50, 0xff, 0x00, 0x03, 0x7e, 0x88,
  0x00, 0x02, 0xff, 0x00, 0x01, 0x6f, 0x88, 0xff, 0x00, 0x0d, 0x30, 0x00, 0x07, 0xc2, 0x00, 0x41,
  0x33, 0x80, 0x00, 0x06, 0x00, 0x80, 0x3f, 0xd8, 0xff, 0x00, 0x0d, 0x30, 0x00, 0x07, 0xc2, 0x00,
  0x43, 0xb7, 0x80, 0x00, 0x1e, 0x00, 0x80, 0x3f, 0x90, 0xff, 0x00, 0x0d, 0x30, 0x00, 0x05, 0xc2,
  0x08, 0x03, 0xf6, 0x80, 0x00, 0x1a, 0x00, 0x40, 0x2f, 0xb0, 0xff, 0x00, 0x0d, 0x30, 0x00, 0x01,
  0xdb, 0x40, 0x00, 0xb0, 0x80, 0x00, 0x0a, 0x00, 0x40, 0x2f, 0x80, 0xff, 0x00, 0x00, 0x30, 0xff,
  0x00, 0x03, 0x33, 0x40, 0x00, 0x10, 0xff, 0x00, 0x04, 0x02, 0x00, 0x30, 0x67, 0x80, 0xff, 0x00,
  0x00, 0x30, 0xff, 0x00, 0x03, 0x3f, 0x00, 0x01, 0xe0, 0xff, 0x20, 0x04, 0x1e, 0x01, 0x32, 0x77,
  0xf0, 0xfc, 0x00, 0x0a, 0x3f, 0x08, 0x07, 0xe0, 0x80, 0x00, 0x3f, 0x81, 0xf0, 0x3f, 0xfc, 0xfc,
  0x00, 0x0a, 0x3f, 0x08, 0x07, 0xe0, 0x24, 0x20, 0x7f, 0x81, 0xf2, 0x60, 0xfe, 0xfc, 0x00, 0x0a,
  0x1e, 0x90, 0x0f, 0xe0, 0x08, 0x00, 0xf9, 0x91, 0x22, 0x60, 0xfe, 0xfc, 0x00, 0x0a, 0x08, 0x30,
  0x0f, 0xc0, 0x3c, 0x00, 0xf9, 0xbb, 0x02, 0x60, 0xfe, 0xfa, 0x00, 0x08, 0x0f, 0xc0, 0x40, 0x03,
  0xf9, 0xac, 0x08, 0x60, 0xfe, 0xfa, 0x00, 0x08, 0x1f, 0xc0, 0x02, 0x07, 0xff, 0xee, 0x08, 0x20,
  0xfe, 0xfb, 0x00, 0x09, 0x03, 0xff, 0xc0, 0x03, 0xef, 0xff, 0xc6, 0x08, 0x00, 0x7e, 0xfa, 0x00,
  0x08, 0x3e, 0xc0, 0x03, 0x5f, 0x7f, 0x84, 0x00, 0x80, 0x76, 0xf8, 0x00, 0x03, 0x02, 0x08, 0x20,
  0x80, 0xff, 0x00, 0x00, 0x6e, 0xf2, 0x00, 0x00, 0x06, 0xf2, 0x00, 0x00, 0x02, 0xf2, 0x00, 0x00,
  0x02, 0xd5, 0x00, 0x00, 0x80, 0xfc, 0x00, 0x01, 0x20, 0x40, 0xfe, 0x00, 0x07, 0x02, 0x90, 0xc0,
  0x51, 0x10, 0x08, 0xc2, 0x01, 0xfd, 0x00, 0x01, 0x90, 0x40, 0x85, 0x00, 0xaf, 0x00, 0x00, 0x78,
  0xf2, 0x00, 0x02, 0xfc, 0x00, 0x40, 0xf5, 0x00, 0x01, 0x01, 0xfe, 0xf3, 0x00, 0x01, 0x01, 0xfe,
  0xfa, 0x00, 0x00, 0x04, 0xfa, 0x00, 0x00, 0xce, 0xfb, 0x00, 0x00, 0x40, 0xff, 0x00, 0x00, 0x04,
  0xfd, 0x00, 0x01, 0x01, 0xce, 0xf9, 0x00, 0x00, 0x10, 0xfc, 0x00, 0x01, 0x05, 0xde, 0xfb, 0x00,
  0x00, 0x20, 0xfa, 0x00, 0x01, 0x01, 0xfe, 0xf8, 0x00, 0x02, 0x01, 0x00, 0x10, 0xff, 0x00, 0x02,
  0x01, 0xfe, 0x32, 0xf8, 0x00, 0x00, 0x0a, 0xfe, 0x00, 0x02, 0x01, 0xfe, 0xc2, 0xfd, 0x00, 0x00,
  0x04, 0xfc, 0x00, 0x00, 0x40, 0xff, 0x00, 0x02, 0x01, 0xce, 0x40, 0xfd, 0x00, 0x00, 0x10, 0xfe,
  0x00, 0x00, 0x04, 0xfd, 0x00, 0x02, 0x01, 0xcf, 0x78, 0xfe, 0x00, 0x00, 0x80, 0xff, 0x00, 0x00,
  0x04, 0xfa, 0x00, 0x01, 0xff, 0xf0, 0xf4, 0x00, 0x02, 0x01, 0xfb, 0xc0, 0xfd, 0x00, 0x00, 0x20,
  0xf9, 0x00, 0x03, 0x01, 0xfa, 0xc0, 0x02, 0xfa, 0x00, 0x00, 0x80, 0xfd, 0x00, 0x01, 0x03, 0xee,
  0xf3, 0x00, 0x01, 0x01, 0xce, 0xfd, 0x00, 0x00, 0x80, 0xfd, 0x00, 0x00, 0x02, 0xfc, 0x00, 0x00,
  0xde, 0xfd, 0x00, 0x00, 0x04, 0xfe, 0x00, 0x00, 0x10, 0xfb, 0x00, 0x02, 0xfe, 0x00, 0x40, 0xf5,
  0x00, 0x02, 0x01, 0xfe, 0x20, 0xf9, 0x00, 0x00, 0x40, 0xfd, 0x00, 0x01, 0x01, 0xee, 0xfb, 0x00,
  0x00, 0x20, 0xff, 0x00, 0x00, 0x02, 0xfd, 0x00, 0x01, 0x05, 0xce, 0xfd, 0x00, 0x00, 0x40, 0xfd,
  0x00, 0x00, 0x04, 0xfd, 0x00, 0x02, 0x03, 0xce, 0x06, 0xfe, 0x00, 0x00, 0x02, 0xf8, 0x00, 0x02,
  0x03, 0xef, 0x50, 0xfd, 0x00, 0xff, 0x20, 0x02, 0x80, 0x00, 0x20, 0xfd, 0x00, 0x02, 0x01, 0xff,
  0xf0, 0xf9, 0x00, 0x00, 0x40, 0xfd, 0x00, 0x02, 0x01, 0xff, 0xf8, 0xff, 0x00, 0x02, 0x02, 0x00,
  0x20, 0xfe, 0x00, 0x00, 0x40, 0xfd, 0x00, 0x02, 0x03, 0xef, 0x78, 0xff, 0x00, 0x02, 0x01, 0x00,
  0x20, 0xf9, 0x00, 0x02, 0x0a, 0xcf, 0x78, 0xfe, 0x00, 0x00, 0x01, 0xfb, 0x00, 0x00, 0x40, 0xff,
  0x00, 0x06, 0x0a, 0xef, 0xfa, 0x00, 0x40, 0x00, 0x01, 0xf8, 0x00, 0x06, 0x0b, 0xef, 0xf8, 0x02,
  0x00, 0x01, 0x0c, 0xf8, 0x00, 0x03, 0x0f, 0xff, 0xf8, 0x02, 0xff, 0x00, 0x00, 0x08, 0xfb, 0x00,
  0x00, 0x48, 0xff, 0x00, 0x06, 0x0f, 0xff, 0xf8, 0x02, 0x08, 0x00, 0x0c, 0xff, 0x00, 0x00, 0x04,
  0xff, 0x00, 0x00, 0x08, 0xfe, 0x00, 0x03, 0x09, 0xcf, 0xfc, 0x08, 0xff, 0x00, 0x00, 0x0c, 0xfd,
  0x00, 0x01, 0x04, 0x08, 0xfe, 0x00, 0x03, 0x09, 0xcf, 0x7d, 0xe0, 0xff, 0x00, 0x01, 0x2e, 0x80,
  0xfe, 0x00, 0x01, 0x40, 0x02, 0xfe, 0x00, 0x07, 0x01, 0xef, 0xfd, 0xc0, 0x08, 0x00, 0x1e, 0x80,
  0xfe, 0x00, 0x02, 0x82, 0x02, 0x08, 0xff, 0x00, 0x00, 0x30, 0xff, 0xff, 0x00, 0xc0, 0xff, 0x00,
  0x00, 0x12, 0xf8, 0x00, 0x00, 0x30, 0xff, 0xff, 0x00, 0xc0, 0xfe, 0x00, 0x00, 0x80, 0xfd, 0x00,
  0x01, 0x01, 0x08, 0xff, 0x00, 0x04, 0x20, 0x6f, 0xfc, 0x21, 0x08, 0xff, 0x00, 0x06, 0xa4, 0x00,
  0x02, 0x00, 0x50, 0x01, 0x08, 0xfe, 0x00, 0x06, 0x6f, 0xf8, 0x37, 0xb8, 0x00, 0x20, 0x80, 0xfe,
  0x00, 0x02, 0x70, 0x00, 0x08, 0xfe, 0x00, 0x03, 0x6f, 0xf8, 0x3f, 0xfc, 0xff, 0x00, 0x05, 0xbc,
  0x20, 0x02, 0x13, 0xf0, 0x20, 0xfd, 0x00, 0x03, 0x2e, 0x78, 0x3f, 0xfc, 0xff, 0x00, 0x00, 0xfc,
  0xff, 0x00, 0x01, 0x11, 0xf0, 0xfc, 0x00, 0x06, 0x07, 0xf8, 0x3f, 0xfc, 0x03, 0x20, 0xfc, 0xff,
  0x00, 0x03, 0x39, 0xf0, 0x00, 0x80, 0xfe, 0x00, 0x0b, 0x03, 0xf0, 0x1f, 0xff, 0xc6, 0xc0, 0x7c,
  0xa0, 0x80, 0x6b, 0xfb, 0xc0, 0xfb, 0x00, 0x01, 0x0f, 0xd6, 0xff, 0x00, 0x06, 0x41, 0x16, 0xdb,
  0x6f, 0x3f, 0xc0, 0xa8, 0xfc, 0x00, 0x01, 0x01, 0xc2, 0xff, 0x00, 0x06, 0x02, 0x1c, 0x61, 0x84,
  0x0c, 0x40, 0x80, 0xf7, 0x00, 0x00, 0x08, 0xbd, 0x00, 0x00, 0x02, 0xf7, 0x00, 0x00, 0x01, 0xff,
  0x00, 0x01, 0x50, 0x10, 0xfd, 0x00, 0x01, 0x10, 0x40, 0x85, 0x00, 0x81, 0x00, 0xcc, 0x00, 0x00,
  0x40, 0xeb, 0x00, 0x00, 0x01, 0xf2, 0x00, 0x00, 0x01, 0xf6, 0x00, 0x00, 0x04, 0xec, 0x00, 0x00,
  0x40, 0xd7, 0x00, 0x00, 0x04, 0xff, 0x00, 0x00, 0x20, 0xba, 0x00, 0x00, 0x02, 0xe4, 0x00, 0x01,
  0x10, 0x02, 0xf9, 0x00, 0x00, 0x02, 0xeb, 0x00, 0x01, 0x02, 0x10, 0xff, 0x00, 0x00, 0x02, 0xf6,
  0x00, 0x00, 0x82, 0xf2, 0x00, 0x00, 0x13, 0xf9, 0x00, 0x00, 0x40, 0xfb, 0x00, 0x01, 0x17, 0xe0,
  0xff, 0x00, 0x00, 0x0c, 0xfd, 0x00, 0x00, 0x40, 0xfc, 0x00, 0x05, 0x20, 0x05, 0xc8, 0x00, 0x01,
  0x0c, 0xfb, 0x00, 0x00, 0x40, 0xff, 0x00, 0x03, 0x02, 0x00, 0x01, 0xf0, 0xff, 0x00, 0x00, 0x01,
  0xfb, 0x00, 0x00, 0x40, 0xff, 0x00, 0x08, 0x02, 0x00, 0x8f, 0xe8, 0x40, 0x00, 0x01, 0x00, 0x01,
  0xfe, 0x00, 0x00, 0x48, 0xfe, 0x00, 0x05, 0x02, 0x00, 0x0f, 0xe0, 0x08, 0x01, 0xfc, 0x00, 0x01,
  0x40, 0x10, 0xfe, 0x00, 0x04, 0x04, 0x00, 0x07, 0xc0, 0x08, 0xfa, 0x00, 0x00, 0x02, 0xfe, 0x00,
  0x03, 0x06, 0x10, 0x0d, 0xc0, 0xff, 0x00, 0x00, 0x04, 0xff, 0x00, 0x00, 0x04, 0xff, 0x00, 0x00,
  0x02, 0xfc, 0x00, 0x01, 0x8d, 0xd0, 0xff, 0x00, 0x00, 0x40, 0xfd, 0x00, 0x01, 0x04, 0x03, 0xfe,
  0x00, 0x03, 0x02, 0x00, 0x0d, 0xd0, 0xff, 0x00, 0x00, 0x5e, 0xfd, 0x00, 0x01, 0x64, 0x04, 0xfe,
  0x00, 0x06, 0x08, 0x00, 0x0d, 0xe0, 0x08, 0x00, 0x1e, 0xff, 0x00, 0x03, 0x02, 0x00, 0x80, 0x15,
  0xfd, 0x00, 0x02, 0x1e, 0x0f, 0xe0, 0xff, 0x00, 0x00, 0x12, 0xfc, 0x00, 0x00, 0x3f, 0xfe, 0x00,
  0x03, 0x30, 0xfe, 0x0f, 0xf0, 0xfc, 0x00, 0x00, 0x06, 0xff, 0x00, 0x00, 0x21, 0xfe, 0x00, 0x06,
  0x20, 0x6e, 0x0c, 0x30, 0x09, 0x69, 0x20, 0xff, 0x80, 0x03, 0x02, 0x00, 0x40, 0x21, 0xfd, 0x00,
  0x05, 0x6e, 0x08, 0x3f, 0x9f, 0xff, 0xe0, 0xff, 0x80, 0x04, 0x08, 0x00, 0x70, 0x20, 0x80, 0xff,
  0x00, 0x03, 0x20, 0x6e, 0x08, 0x3f, 0xff, 0xff, 0x07, 0xc0, 0x80, 0xa0, 0x1b, 0x03, 0xf0, 0x40,
  0x88, 0xfe, 0x00, 0x02, 0x2f, 0x88, 0x3f, 0xff, 0xff, 0x07, 0xc0, 0x80, 0xa0, 0x1f, 0x01, 0xf0,
  0x20, 0x80, 0xfe, 0x00, 0x0c, 0x06, 0x08, 0x3f, 0xff, 0xfc, 0xe0, 0x81, 0xf0, 0x1f, 0x03, 0xf0,
  0x00, 0x80, 0xfe, 0x00, 0x0c, 0x02, 0x00, 0x1f, 0xff, 0xf8, 0x00, 0x25, 0xf0, 0x3f, 0x03, 0xfa,
  0x40, 0x70, 0xfc, 0x00, 0x01, 0x0f, 0xd6, 0xff, 0x00, 0x06, 0x41, 0x10, 0x7b, 0xeb, 0x3f, 0x40,
  0xc4, 0xfc, 0x00, 0x01, 0x01, 0xc2, 0xff, 0x00, 0x06, 0x02, 0x10, 0x61, 0x84, 0x0c, 0x40, 0x86,
  0xf7, 0x00, 0x00, 0x08, 0xfd, 0x00, 0x00, 0x02, 0xf2, 0x00, 0x00, 0x02, 0xc7, 0x00, 0x03, 0x01,
  0x00, 0x0c, 0x52, 0x81, 0x00, 0xfe, 0x00, 0xba, 0x00, 0x00, 0x02, 0xf6, 0x00, 0x01, 0x0f, 0xc0,
  0xff, 0x00, 0x00, 0x3f, 0xfc, 0x00, 0x00, 0x02, 0xfc, 0x00, 0x01, 0x1f, 0x82, 0xff, 0x00, 0x01,
  0x37, 0xa0, 0xfc, 0x00, 0x00, 0x18, 0xfd, 0x00, 0x05, 0x1f, 0x22, 0x00, 0x01, 0x77, 0xe0, 0xfc,
  0x00, 0x00, 0x18, 0xfd, 0x00, 0x01, 0x1f, 0x62, 0xff, 0x00, 0x01, 0x7f, 0x80, 0xfe, 0x00, 0x00,
  0x80, 0xfb, 0x00, 0x01, 0x0d, 0xc0, 0xff, 0x00, 0x00, 0x1c, 0xf6, 0x00, 0x01, 0x0d, 0xe0, 0xff,
  0x00, 0x04, 0x3c, 0x80, 0x00, 0x08, 0x10, 0xfa, 0x00, 0x07, 0x1f, 0xe0, 0x00, 0x01, 0x7f, 0x80,
  0x00, 0x04, 0xff, 0x00, 0x00, 0x02, 0xfc, 0x00, 0x01, 0x1f, 0x62, 0xff, 0x00, 0x01, 0xff, 0x80,
  0xfd, 0x00, 0x00, 0x80, 0xfd, 0x00, 0x06, 0x20, 0x0f, 0x60, 0x00, 0x03, 0xf7, 0x80, 0xfe, 0x00,
  0x01, 0xc1, 0x82, 0xfd, 0x00, 0x06, 0x10, 0x1f, 0xe0, 0x40, 0x00, 0x7e, 0x80, 0xf7, 0x00, 0x01,
  0x09, 0xe0, 0xff, 0x00, 0x01, 0x3c, 0x80, 0xfe, 0x00, 0x02, 0x04, 0x00, 0x80, 0xfd, 0x00, 0x06,
  0x09, 0xe0, 0x80, 0x00, 0x3c, 0x80, 0x20, 0xf8, 0x00, 0x01, 0x0f, 0xe2, 0xff, 0x00, 0x01, 0x7f,
  0xa0, 0xf8, 0x00, 0x02, 0x04, 0x0f, 0xe4, 0xff, 0x00, 0x01, 0x77, 0xa0, 0xfd, 0x00, 0x00, 0x04,
  0xfd, 0x00, 0x06, 0x04, 0x0f, 0xe4, 0x10, 0x00, 0x7f, 0x88, 0xfe, 0x00, 0x00, 0x82, 0xfd, 0x00,
  0x03, 0x02, 0x00, 0x4d, 0xf8, 0xff, 0x00, 0x02, 0x7e, 0x80, 0x40, 0xf8, 0x00, 0x01, 0x09, 0xe0,
  0xff, 0x00, 0x01, 0xfc, 0x80, 0xff, 0x00, 0x00, 0x10, 0xfc, 0x00, 0x07, 0x08, 0x10, 0x1f, 0xe0,
  0x00, 0x30, 0xfb, 0x80, 0xff, 0x00, 0x02, 0x10, 0x00, 0x12, 0xfc, 0x00, 0x05, 0x0f, 0x30, 0x08,
  0x00, 0x77, 0x80, 0xfd, 0x00, 0x01, 0x1f, 0x08, 0xfd, 0x00, 0x05, 0x2f, 0x70, 0x08, 0x00, 0xf7,
  0x80, 0xfd, 0x00, 0x00, 0x1f, 0xfd, 0x00, 0x02, 0x10, 0x1d, 0xf0, 0xff, 0x00, 0x01, 0x7e, 0x80,
  0xfd, 0x00, 0x01, 0x0f, 0x40, 0xfd, 0x00, 0x01, 0x0d, 0xe8, 0xff, 0x00, 0x01, 0x7c, 0x80, 0xfd,
  0x00, 0x00, 0x0f, 0xfc, 0x00, 0x05, 0x0d, 0xf0, 0x80, 0x00, 0x7c, 0x80, 0xfd, 0x00, 0x00, 0x0f,
  0xfe, 0x00, 0x03, 0x02, 0x00, 0x9d, 0xa0, 0xff, 0x00, 0x01, 0x7a, 0x80, 0xff, 0x00, 0x02, 0x10,
  0x00, 0x16, 0xfe, 0x00, 0x07, 0x06, 0x00, 0x0c, 0x20, 0x10, 0x00, 0x3f, 0xa0, 0xfe, 0x00, 0x01,
  0x02, 0x82, 0xfe, 0x00, 0x07, 0x04, 0x00, 0x08, 0x00, 0x10, 0x03, 0x33, 0x80, 0xfd, 0x00, 0x00,
  0x02, 0xfe, 0x00, 0x07, 0x02, 0x20, 0x18, 0x20, 0x08, 0x09, 0x72, 0x80, 0xfe, 0x00, 0x02, 0x40,
  0x08, 0x40, 0xff, 0x00, 0x02, 0x08, 0x00, 0x08, 0xfe, 0x00, 0x01, 0x7e, 0x80, 0xfe, 0x00, 0x01,
  0x40, 0x0c, 0xfe, 0x00, 0x00, 0x08, 0xfc, 0x00, 0x01, 0x7e, 0x80, 0xfe, 0x00, 0x02, 0x20, 0x46,
  0x08, 0xff, 0x00, 0x00, 0x08, 0xfd, 0x00, 0x02, 0x20, 0x3f, 0x80, 0xfe, 0x00, 0x02, 0xf0, 0x2f,
  0x18, 0xff, 0x00, 0x07, 0x04, 0x00, 0x08, 0x20, 0x00, 0xe0, 0x3f, 0x80, 0xfe, 0x00, 0x02, 0xf0,
  0x3d, 0x88, 0xff, 0x00, 0x07, 0x06, 0x10, 0x00, 0x20, 0x03, 0xf0, 0x3e, 0x80, 0xff, 0x00, 0x03,
  0x01, 0x70, 0x65, 0x88, 0xff, 0x00, 0x07, 0x09, 0x00, 0x40, 0x30, 0x03, 0xf0, 0x7c, 0x80, 0xfe,
  0x00, 0x02, 0x40, 0x64, 0xc8, 0xff, 0x00, 0x07, 0x1b, 0xd0, 0x40, 0x20, 0x02, 0xf0, 0x60, 0x80,
  0xfe, 0x00, 0x02, 0x20, 0x61, 0xc8, 0xff, 0x00, 0x0d, 0x39, 0xee, 0xd0, 0x00, 0x09, 0xf0, 0x60,
  0x80, 0x00, 0x06, 0x00, 0x30, 0x60, 0x80, 0xff, 0x00, 0x07, 0x30, 0xe1, 0xf0, 0x00, 0x01, 0xf0,
  0x20, 0x80, 0xff, 0x00, 0x03, 0x03, 0xf0, 0x00, 0x80, 0xfe, 0x00, 0x0c, 0x01, 0xf0, 0x00, 0x01,
  0xf0, 0x20, 0x80, 0x00, 0x06, 0x03, 0xf0, 0x00, 0x88, 0xfe, 0x00, 0x0c, 0x01, 0xf0, 0x0b, 0x4a,
  0x94, 0x40, 0x00, 0x80, 0x06, 0x03, 0x38, 0x40, 0x88, 0xfe, 0x00, 0x03, 0x01, 0xf0, 0x00, 0xd8,
  0xfe, 0x00, 0x05, 0x80, 0x0e, 0x03, 0x00, 0x40, 0x08, 0xff, 0x00, 0x04, 0x20, 0x01, 0xf0, 0x00,
  0xf8, 0xfe, 0x00, 0x05, 0x80, 0x19, 0x00, 0x0a, 0x00, 0x48, 0xfe, 0x00, 0x03, 0x01, 0xf0, 0x00,
  0xf8, 0xfe, 0x00, 0x04, 0xa0, 0x11, 0x02, 0x0e, 0x40, 0xfd, 0x00, 0x03, 0x01, 0xf0, 0x00, 0x78,
  0xff, 0x00, 0x01, 0x01, 0xf0, 0xff, 0x00, 0x01, 0x0f, 0xc0, 0xfd, 0x00, 0x03, 0x01, 0xf0, 0x00,
  0x30, 0xff, 0x00, 0x05, 0x25, 0x10, 0x00, 0x80, 0x05, 0x80, 0xf7, 0x00, 0x05, 0x7e, 0x00, 0x80,
  0x04, 0x00, 0x80, 0xf7, 0x00, 0x01, 0x7c, 0x08, 0xaa, 0x00, 0x00, 0x20, 0xf8, 0x00, 0x02, 0x08,
  0x02, 0x80, 0x81, 0x00, 0xff, 0x00, 0xba, 0x00, 0x00, 0x10, 0xf5, 0x00, 0x00, 0x40, 0xf9, 0x00,
  0x00, 0x02, 0xfb, 0x00, 0x01, 0x02, 0x00, 0xff, 0x40, 0xf5, 0x00, 0x02, 0x02, 0x00, 0xc0, 0xfc,
  0x00, 0x02, 0x10, 0x02, 0x08, 0xfc, 0x00, 0x00, 0x02, 0xfe, 0x00, 0x00, 0x01, 0xf6, 0x00, 0x00,
  0x10, 0xfa, 0x00, 0x01, 0x04, 0x08, 0xfb, 0x00, 0x00, 0x10, 0xf9, 0x00, 0x00, 0x02, 0xfc, 0x00,
  0xff, 0x10, 0xf9, 0x00, 0x00, 0x01, 0xf2, 0x00, 0x01, 0x99, 0x10, 0xfc, 0x00, 0x01, 0x04, 0x20,
  0xfa, 0x00, 0x00, 0x0a, 0xfc, 0x00, 0x02, 0x10, 0x00, 0x40, 0xf9, 0x00, 0x00, 0x40, 0xf2, 0x00,
  0x00, 0xc0, 0xed, 0x00, 0x00, 0x10, 0xf1, 0x00, 0x00, 0x02, 0xe5, 0x00, 0x00, 0x02, 0xff, 0x00,
  0x00, 0x20, 0xf2, 0x00, 0x00, 0x10, 0xfa, 0x00, 0x00, 0x02, 0xfc, 0x00, 0x00, 0x10, 0xfe, 0x00,
  0x00, 0x20, 0xfb, 0x00, 0x00, 0x12, 0xfb, 0x00, 0x01, 0x12, 0x08, 0xfa, 0x00, 0x00, 0x1f, 0xfb,
  0x00, 0x01, 0x10, 0x08, 0xfa, 0x00, 0x00, 0x17, 0xf2, 0x00, 0x00, 0x03, 0xfb, 0x00, 0x00, 0x10,
  0xf9, 0x00, 0x00, 0x20, 0xf2, 0x00, 0x00, 0x20, 0xfe, 0x00, 0x00, 0x02, 0xf6, 0x00, 0x00, 0x79,
  0xfe, 0x00, 0x00, 0x06, 0xfe, 0x00, 0x02, 0x10, 0x00, 0x40, 0xfc, 0x00, 0x00, 0xfd, 0xfe, 0x00,
  0x00, 0x04, 0xfe, 0x00, 0x02, 0x10, 0x00, 0x40, 0xfc, 0x00, 0x00, 0x7d, 0xfe, 0x00, 0x01, 0x02,
  0x20, 0xff, 0x00, 0x00, 0x08, 0xfb, 0x00, 0x01, 0x40, 0x27, 0xfe, 0x00, 0x02, 0x0a, 0x00, 0x10,
  0xfe, 0x00, 0x00, 0x80, 0xfc, 0x00, 0x00, 0x23, 0xfe, 0x00, 0x03, 0x0a, 0x00, 0x90, 0x10, 0xfa,
  0x00, 0x01, 0x20, 0x61, 0xfe, 0x00, 0x05, 0x0a, 0x00, 0x10, 0x02, 0x08, 0x60, 0xfc, 0x00, 0x02,
  0xb0, 0x00, 0x10, 0xfd, 0x00, 0x03, 0x10, 0x1b, 0x08, 0xa0, 0xfc, 0x00, 0x02, 0xf0, 0x00, 0x10,
  0xfd, 0x00, 0x03, 0x10, 0x1f, 0x03, 0xb0, 0xff, 0x00, 0x05, 0x01, 0x00, 0x01, 0x70, 0x00, 0x18,
  0xff, 0x00, 0x05, 0x09, 0x00, 0x40, 0x0f, 0x03, 0xf1, 0xfb, 0x00, 0x01, 0x40, 0x78, 0xff, 0x00,
  0x06, 0x11, 0xd0, 0x40, 0x1f, 0x02, 0xf3, 0x80, 0xfb, 0x00, 0x00, 0x7c, 0xff, 0x00, 0x06, 0x21,
  0xce, 0xd0, 0x1f, 0x01, 0xd3, 0x80, 0xff, 0x00, 0x00, 0x04, 0xfe, 0x00, 0x00, 0x7c, 0xff, 0x00,
  0x06, 0x30, 0xef, 0xf0, 0x1f, 0x01, 0xb3, 0xc0, 0xfe, 0x00, 0x03, 0x03, 0x30, 0x00, 0x5c, 0xff,
  0x00, 0x06, 0x30, 0xef, 0xf0, 0x0f, 0x81, 0x8f, 0xc0, 0xfe, 0x00, 0x03, 0x03, 0x30, 0x40, 0x78,
  0xff, 0x00, 0x03, 0x30, 0x6f, 0x20, 0x04, 0xff, 0x82, 0x07, 0x80, 0x04, 0x80, 0x06, 0x32, 0x08,
  0x00, 0x7c, 0xfe, 0x00, 0x00, 0x0e, 0xff, 0x00, 0x00, 0x86, 0xfd, 0x00, 0x01, 0x0e, 0x3c, 0xff,
  0x00, 0x00, 0x7e, 0xfe, 0x00, 0x00, 0x06, 0xff, 0x00, 0x00, 0x84, 0xff, 0x00, 0x06, 0x3c, 0xd0,
  0x19, 0x7c, 0x08, 0x00, 0x3e, 0xfe, 0x00, 0x00, 0x4c, 0xff, 0x00, 0x00, 0xc4, 0xff, 0x00, 0x06,
  0x34, 0x80, 0x31, 0xfc, 0x01, 0x80, 0x7e, 0xfe, 0x00, 0x00, 0x7c, 0xfa, 0x00, 0x04, 0x20, 0xfc,
  0x70, 0x00, 0x7e, 0xfe, 0x00, 0x00, 0x3c, 0xfc, 0x00, 0x03, 0x34, 0x40, 0xc0, 0x6c, 0xff, 0x00,
  0x00, 0x06, 0xfe, 0x00, 0x00, 0x24, 0xfc, 0x00, 0x01, 0x7c, 0x02, 0xfd, 0x00, 0x00, 0x02, 0xf8,
  0x00, 0x01, 0x7c, 0x04, 0xa4, 0x00, 0x00, 0x10, 0xfd, 0x00, 0x00, 0x02, 0x81, 0x00, 0xfe, 0x00,
  0xba, 0x00, 0x00, 0x12, 0xf6, 0x00, 0x01, 0x0f, 0x80, 0xff, 0x00, 0x00, 0x3f, 0xf6, 0x00, 0x05,
  0x1f, 0xc0, 0x00, 0x01, 0x77, 0x80, 0xfd, 0x00, 0x00, 0x40, 0xfc, 0x00, 0x01, 0x1f, 0x60, 0xff,
  0x00, 0x01, 0x77, 0xe0, 0xfc, 0x00, 0x00, 0x08, 0xfd, 0x00, 0x01, 0x1f, 0x60, 0xff, 0x00, 0x01,
  0x7f, 0x80, 0xf7, 0x00, 0x01, 0x09, 0xd0, 0xff, 0x00, 0x02, 0x7e, 0x00, 0x40, 0xff, 0x00, 0x01,
  0x04, 0x03, 0xfc, 0x00, 0x01, 0x08, 0x70, 0xff, 0x00, 0x01, 0xf0, 0x80, 0xfd, 0x00, 0x01, 0x09,
  0x80, 0xfd, 0x00, 0x01, 0x08, 0x30, 0xff, 0x00, 0x01, 0x60, 0x80, 0xfd, 0x00, 0x00, 0x04, 0xfc,
  0x00, 0x01, 0x10, 0x22, 0xff, 0x00, 0x01, 0xc0, 0x80, 0xfd, 0x00, 0x01, 0x01, 0x10, 0xfd, 0x00,
  0x03, 0x30, 0x24, 0x00, 0x01, 0xff, 0x80, 0xfc, 0x00, 0x00, 0x10, 0xfc, 0x00, 0x01, 0x20, 0x40,
  0xff, 0x00, 0x00, 0x80, 0xfc, 0x00, 0x00, 0x40, 0xf8, 0x00, 0x00, 0x90, 0xfc, 0x00, 0x00, 0xc0,
  0xfb, 0x00, 0x00, 0x80, 0xfe, 0x00, 0x01, 0x20, 0x04, 0xfa, 0x00, 0x02, 0x30, 0x10, 0x20, 0xf9,
  0x00, 0x00, 0x80, 0xfd, 0x00, 0x02, 0x38, 0x00, 0x20, 0xf4, 0x00, 0x01, 0x7c, 0x00, 0xff, 0x20,
  0xf6, 0x00, 0x01, 0x02, 0x6c, 0xfb, 0x00, 0x00, 0x40, 0xf9, 0x00, 0x02, 0xce, 0x00, 0x10, 0xfe,
  0x00, 0x00, 0x64, 0xf8, 0x00, 0x02, 0xde, 0x10, 0x20, 0xfe, 0x00, 0x00, 0x68, 0xfd, 0x00, 0x00,
  0x10, 0xfd, 0x00, 0x02, 0xfe, 0x00, 0x20, 0xff, 0x00, 0x01, 0x80, 0x60, 0xfd, 0x00, 0x01, 0x1e,
  0x08, 0xfe, 0x00, 0x01, 0xfe, 0x20, 0xfd, 0x00, 0x00, 0x20, 0xfd, 0x00, 0x00, 0x16, 0xfe, 0x00,
  0x03, 0x01, 0xee, 0x00, 0x30, 0xfe, 0x00, 0x00, 0x08, 0xfd, 0x00, 0x01, 0x03, 0x40, 0xff, 0x00,
  0x03, 0x05, 0xce, 0x00, 0x30, 0xfd, 0x00, 0x00, 0x40, 0xf9, 0x00, 0x02, 0xce, 0x00, 0x10, 0xf8,
  0x00, 0x00, 0xc0, 0xfe, 0x00, 0x02, 0xee, 0x00, 0x20, 0xf8, 0x00, 0x00, 0x80, 0xfe, 0x00, 0x00,
  0xfe, 0xf7, 0x00, 0x00, 0x40, 0xfe, 0x00, 0x01, 0x01, 0xfe, 0xf7, 0x00, 0x00, 0x40, 0xfd, 0x00,
  0x01, 0xce, 0x90, 0xfd, 0x00, 0x00, 0x10, 0xf9, 0x00, 0x02, 0x02, 0xce, 0x90, 0xfd, 0x00, 0x00,
  0x70, 0xfe, 0x00, 0x00, 0x40, 0xfd, 0x00, 0x01, 0x02, 0xee, 0xff, 0x10, 0xfe, 0x00, 0x00, 0x70,
  0xfc, 0x00, 0x00, 0x08, 0xfe, 0x00, 0x06, 0xee, 0x10, 0x0a, 0x00, 0x41, 0xc0, 0x7c, 0xfe, 0x00,
  0x02, 0xa0, 0x40, 0x08, 0xfe, 0x00, 0x06, 0xfe, 0x10, 0x18, 0x00, 0x03, 0xc0, 0x7c, 0xfe, 0x00,
  0x02, 0xc0, 0x00, 0x98, 0xfe, 0x00, 0x01, 0xfe, 0x10, 0xff, 0x00, 0x05, 0x43, 0xc0, 0x78, 0x01,
  0x04, 0x00, 0xff, 0x40, 0x00, 0x10, 0xfe, 0x00, 0x06, 0xce, 0x80, 0x07, 0x00, 0x40, 0x80, 0x70,
  0xfc, 0x00, 0x00, 0x70, 0xfe, 0x00, 0x06, 0xce, 0x80, 0x0f, 0x00, 0xf3, 0x00, 0x70, 0xfc, 0x00,
  0x00, 0x74, 0xff, 0x00, 0x09, 0x19, 0xce, 0x00, 0x06, 0x00, 0x50, 0x00, 0x78, 0x00, 0x06, 0xfe,
  0x00, 0x00, 0x74, 0xff, 0x00, 0x01, 0x08, 0xee, 0xfe, 0x00, 0x08, 0x34, 0x00, 0x7c, 0x00, 0x06,
  0x01, 0x30, 0x00, 0x5c, 0xff, 0x00, 0x01, 0x08, 0xee, 0xfe, 0x00, 0x08, 0x80, 0x00, 0x7c, 0x00,
  0x0f, 0x03, 0x30, 0x00, 0x30, 0xff, 0x00, 0x01, 0x08, 0x6e, 0xff, 0x00, 0x06, 0x4a, 0x80, 0x00,
  0x78, 0x10, 0x19, 0x32, 0xff, 0x00, 0x00, 0x24, 0xff, 0x00, 0x01, 0x30, 0x0f, 0xff, 0x00, 0x00,
  0x0e, 0xff, 0x00, 0x03, 0x7c, 0xd0, 0x31, 0x3c, 0xff, 0x00, 0x00, 0x02, 0xfe, 0x00, 0x00, 0x06,
  0xff, 0x00, 0x00, 0x5c, 0xff, 0x00, 0x06, 0x43, 0x00, 0x20, 0xfc, 0x02, 0x00, 0x02, 0xfe, 0x00,
  0x00, 0x4c, 0xff, 0x00, 0x00, 0x3c, 0xff, 0x00, 0x06, 0x4b, 0x70, 0x00, 0x7c, 0x07, 0x80, 0x02,
  0xfe, 0x00, 0x00, 0x7c, 0xff, 0x00, 0x00, 0x78, 0xff, 0x00, 0x02, 0x7f, 0xf8, 0x00, 0xff, 0x7c,
  0x01, 0x40, 0x02, 0xfe, 0x00, 0x00, 0x3c, 0xff, 0x00, 0x00, 0x30, 0xff, 0x00, 0x03, 0x4b, 0x5c,
  0x00, 0x0c, 0xfb, 0x00, 0x00, 0x24, 0xfb, 0x00, 0x00, 0x0c, 0x8f, 0x00, 0x00, 0x40, 0xfb, 0x00,
  0x00, 0x40, 0x85, 0x00, 0xa3, 0x00, 0x00, 0x08, 0xfc, 0x00, 0x02, 0x40, 0x00, 0x02, 0xfb, 0x00,
  0x00, 0x42, 0xfb, 0x00, 0x00, 0x40, 0xfe, 0x00, 0x00, 0x60, 0xfe, 0x00, 0x00, 0x10, 0xf6, 0x00,
  0x00, 0x01, 0xf7, 0x00, 0x04, 0x04, 0x00, 0x40, 0x00, 0x60, 0xfd, 0x00, 0x01, 0x04, 0x0b, 0xfc,
  0x00, 0x01, 0x05, 0x80, 0xff, 0x00, 0x02, 0x4c, 0x00, 0x02, 0xfe, 0x00, 0x01, 0x1b, 0x80, 0xfd,
  0x00, 0x0a, 0x07, 0xc0, 0x40, 0x01, 0x1f, 0x00, 0x20, 0x04, 0x00, 0x80, 0x05, 0xfc, 0x00, 0x04,
  0x0d, 0x40, 0x00, 0x02, 0x37, 0xff, 0x00, 0x04, 0x04, 0x00, 0x80, 0x90, 0x08, 0xfe, 0x00, 0x05,
  0x20, 0x3c, 0x40, 0x08, 0x02, 0x77, 0xfd, 0x00, 0x01, 0x40, 0x08, 0xfc, 0x00, 0x04, 0x0d, 0xc0,
  0x40, 0x00, 0x7e, 0xff, 0x00, 0x00, 0x02, 0xfe, 0x00, 0x00, 0x40, 0xfd, 0x00, 0x01, 0x8d, 0xe0,
  0xff, 0x00, 0x00, 0x3c, 0xfb, 0x00, 0x00, 0xc0, 0xfe, 0x00, 0x06, 0x10, 0x8d, 0xe0, 0x82, 0x00,
  0xbc, 0x90, 0xf8, 0x00, 0x02, 0x30, 0x0f, 0xc0, 0xff, 0x00, 0x01, 0x7f, 0x80, 0xfd, 0x00, 0x01,
  0x80, 0x08, 0xfe, 0x00, 0x02, 0x38, 0x2f, 0xc2, 0xff, 0x00, 0x02, 0x77, 0x80, 0x04, 0xfe, 0x00,
  0x01, 0x02, 0x08, 0xfe, 0x00, 0x06, 0x7c, 0x0d, 0xc0, 0x20, 0x00, 0x7f, 0x80, 0xff, 0x00, 0x00,
  0x08, 0xfb, 0x00, 0x02, 0x4c, 0x0d, 0xd0, 0xff, 0x00, 0x01, 0x7e, 0x80, 0xf8, 0x00, 0x02, 0xce,
  0x09, 0xe0, 0xff, 0x00, 0x01, 0x7c, 0xe0, 0xf9, 0x00, 0x07, 0x08, 0xde, 0x0f, 0xc0, 0x00, 0x01,
  0x7b, 0xe8, 0xfd, 0x00, 0x00, 0x10, 0xfd, 0x00, 0x06, 0xfe, 0x8f, 0xc2, 0x00, 0x03, 0xe3, 0xc0,
  0xfd, 0x00, 0x00, 0x1e, 0xfd, 0x00, 0x06, 0xfe, 0x8f, 0xe2, 0x00, 0x0f, 0x00, 0xa0, 0xfd, 0x00,
  0x00, 0x1e, 0xfe, 0x00, 0x07, 0x01, 0xee, 0xdd, 0xc0, 0x00, 0x0f, 0x80, 0x08, 0xfd, 0x00, 0x00,
  0x07, 0xfe, 0x00, 0x06, 0x01, 0xc6, 0x4d, 0xc0, 0x02, 0x0f, 0x80, 0xfc, 0x00, 0x01, 0x2f, 0x80,
  0xfe, 0x00, 0x0c, 0xc6, 0x4d, 0xf0, 0x80, 0x0f, 0x80, 0x00, 0x40, 0x00, 0x10, 0x40, 0x25, 0xc0,
  0xfe, 0x00, 0x05, 0xc6, 0x9f, 0xc0, 0x00, 0x0e, 0x80, 0xff, 0x00, 0x04, 0x80, 0x00, 0x90, 0x64,
  0x88, 0xfe, 0x00, 0x05, 0xce, 0x1f, 0xe0, 0x00, 0x04, 0x80, 0xfd, 0x00, 0x01, 0xf2, 0x20, 0xfe,
  0x00, 0x06, 0x01, 0xfe, 0x1f, 0xe0, 0x00, 0x07, 0x80, 0xff, 0x00, 0x03, 0x02, 0x00, 0x70, 0x20,
  0xfe, 0x00, 0x07, 0x02, 0xee, 0x0d, 0xe0, 0x00, 0x0f, 0x80, 0x10, 0xfe, 0x00, 0x02, 0x44, 0x27,
  0x40, 0xfe, 0x00, 0x06, 0xce, 0x09, 0xf0, 0x03, 0x37, 0x00, 0x70, 0xfe, 0x00, 0x02, 0x44, 0x27,
  0x40, 0xfe, 0x00, 0x06, 0xce, 0x4d, 0xf8, 0x01, 0x7f, 0x80, 0x70, 0xfe, 0x00, 0x02, 0x10, 0x35,
  0x48, 0xff, 0x00, 0x07, 0x06, 0xc1, 0xf7, 0xa7, 0x00, 0x7e, 0x00, 0x7c, 0xfe, 0x00, 0x01, 0x10,
  0x7d, 0xfd, 0x00, 0x06, 0x81, 0xf4, 0x0c, 0x00, 0x3c, 0x00, 0x7c, 0xfe, 0x00, 0x01, 0x30, 0x31,
  0xfd, 0x00, 0x06, 0x01, 0xf0, 0x00, 0x09, 0xfc, 0x00, 0x78, 0xff, 0x00, 0x03, 0x01, 0x30, 0x20,
  0x80, 0xfe, 0x00, 0x0c, 0x01, 0xf0, 0x07, 0x03, 0xbe, 0x00, 0x70, 0x00, 0x02, 0x01, 0x30, 0x00,
  0x40, 0xff, 0x00, 0x0d, 0x09, 0x01, 0xf0, 0x0b, 0x03, 0x0f, 0x00, 0x40, 0x00, 0x02, 0x03, 0x34,
  0x00, 0x40, 0xfe, 0x00, 0x0c, 0x01, 0xf0, 0x06, 0x0b, 0x8c, 0x00, 0x40, 0x20, 0x06, 0x03, 0x08,
  0x00, 0x08, 0xff, 0x00, 0x0c, 0x06, 0x01, 0xf0, 0x00, 0x03, 0x88, 0x00, 0x02, 0x00, 0x06, 0x12,
  0x0a, 0x40, 0xfe, 0x00, 0x04, 0x06, 0x01, 0xf0, 0x00, 0x87, 0xff, 0x00, 0x05, 0x02, 0x20, 0x0f,
  0x10, 0x0b, 0x80, 0xfe, 0x00, 0xff, 0x01, 0x02, 0x20, 0x00, 0x04, 0xff, 0x00, 0x06, 0x02, 0x90,
  0x19, 0x10, 0x0b, 0x80, 0x50, 0xff, 0x00, 0x01, 0x08, 0x01, 0xff, 0x00, 0x00, 0x70, 0xfe, 0x00,
  0x05, 0xd0, 0x39, 0x10, 0x0f, 0x80, 0x74, 0xff, 0x00, 0x00, 0x30, 0xfe, 0x00, 0x00, 0x20, 0xff,
  0x00, 0x06, 0x03, 0xd0, 0x39, 0x90, 0x0f, 0x80, 0x34, 0xff, 0x00, 0x00, 0x20, 0xfb, 0x00, 0x06,
  0x03, 0xf0, 0x3f, 0x90, 0x07, 0x80, 0x7c, 0xff, 0x00, 0x00, 0x20, 0xfb, 0x00, 0x06, 0x03, 0xf8,
  0x3f, 0xb8, 0x0c, 0x40, 0x7c, 0xff, 0x00, 0x00, 0x20, 0xfb, 0x00, 0x03, 0x01, 0xcb, 0x39, 0xcc,
  0xff, 0x00, 0x00, 0x06, 0xf2, 0x00, 0x00, 0x02, 0x9f, 0x00, 0x00, 0x20, 0xfc, 0x00, 0x06, 0x80,
  0xc2, 0x41, 0x00, 0x04, 0x80, 0x90, 0xfd, 0x00, 0x00, 0x80, 0x84, 0x00, 0xaf, 0x00, 0x00, 0x7c,
  0xf2, 0x00, 0x04, 0xfe, 0x00, 0x02, 0x00, 0x40, 0xf7, 0x00, 0x05, 0x01, 0xfe, 0x00, 0x02, 0x00,
  0x40, 0xf7, 0x00, 0x03, 0x01, 0xfe, 0x00, 0x82, 0xf8, 0x00, 0x00, 0x40, 0xfe, 0x00, 0x03, 0xce,
  0x40, 0x00, 0x40, 0xfa, 0x00, 0x00, 0x10, 0xfe, 0x00, 0x02, 0x01, 0xce, 0x64, 0xfe, 0x00, 0x00,
  0x80, 0xff, 0x00, 0x00, 0x80, 0xfb, 0x00, 0x05, 0x01, 0xde, 0xc0, 0x10, 0x40, 0x01, 0xff, 0x00,
  0x00, 0x20, 0xfa, 0x00, 0x03, 0x01, 0xfe, 0xf2, 0x40, 0xff, 0x00, 0x00, 0x08, 0xfc, 0x00, 0x01,
  0x10, 0x08, 0xff, 0x00, 0x06, 0x01, 0xfe, 0xc2, 0x00, 0x08, 0x00, 0x08, 0xfd, 0x00, 0x01, 0x40,
  0x02, 0xfd, 0x00, 0x01, 0xee, 0xf0, 0xfd, 0x00, 0x00, 0x04, 0xfc, 0x00, 0x00, 0x40, 0xff, 0x00,
  0x04, 0x03, 0xce, 0x84, 0x00, 0x02, 0xf6, 0x00, 0x04, 0x01, 0xde, 0x04, 0x00, 0x04, 0xf6, 0x00,
  0x01, 0x01, 0xfe, 0xf3, 0x00, 0x04, 0x01, 0xfe, 0x20, 0x80, 0x20, 0xf6, 0x00, 0x04, 0x01, 0xfe,
  0x02, 0x00, 0x20, 0xf6, 0x00, 0x03, 0x03, 0xce, 0x40, 0x08, 0xff, 0x00, 0x00, 0x40, 0xff, 0x00,
  0x00, 0x08, 0xfb, 0x00, 0x01, 0x03, 0xce, 0xfe, 0x00, 0x02, 0x18, 0x40, 0x04, 0xff, 0x00, 0x01,
  0x10, 0x02, 0xfd, 0x00, 0x01, 0x01, 0xde, 0xfe, 0x00, 0x02, 0x31, 0x04, 0x20, 0xfe, 0x00, 0x02,
  0x02, 0x00, 0x08, 0xfe, 0x00, 0x01, 0xff, 0x50, 0xff, 0x00, 0x01, 0x03, 0x10, 0xfb, 0x00, 0x00,
  0x08, 0xfe, 0x00, 0x01, 0xff, 0x60, 0xff, 0x00, 0x01, 0x0f, 0xf7, 0xf8, 0x00, 0x07, 0x01, 0xef,
  0x30, 0x08, 0x00, 0x0f, 0xfe, 0x80, 0xfd, 0x00, 0x00, 0x08, 0xfe, 0x00, 0x08, 0x01, 0xc7, 0x3c,
  0x08, 0x00, 0x0f, 0xfe, 0x80, 0x40, 0xfa, 0x00, 0x02, 0x01, 0xc7, 0x3c, 0xff, 0x00, 0x08, 0x0f,
  0xfe, 0x80, 0x40, 0x00, 0x10, 0x40, 0x0a, 0x08, 0xff, 0x00, 0x07, 0x03, 0xc7, 0xf8, 0x40, 0x08,
  0x4e, 0xf3, 0x80, 0xfe, 0x00, 0x01, 0xb0, 0x19, 0xfe, 0x00, 0x07, 0x01, 0xcf, 0xf8, 0x40, 0x18,
  0x44, 0xf7, 0x80, 0xfe, 0x00, 0x02, 0xf0, 0x1d, 0x18, 0xff, 0x00, 0x0d, 0x01, 0xff, 0xf8, 0x40,
  0x18, 0x46, 0xff, 0x80, 0x00, 0x06, 0x00, 0x30, 0x1d, 0x18, 0xff, 0x00, 0x07, 0x01, 0xef, 0xf8,
  0x40, 0x08, 0x0e, 0xfe, 0x80, 0xfe, 0x00, 0x02, 0x44, 0x08, 0x40, 0xff, 0x00, 0x07, 0x01, 0xcf,
  0xf9, 0xd0, 0x03, 0x3f, 0xfe, 0x80, 0xfe, 0x00, 0x02, 0x44, 0x08, 0x48, 0xff, 0x00, 0x0d, 0x01,
  0xcf, 0xbd, 0xd0, 0x41, 0x7f, 0xfe, 0x88, 0x01, 0x02, 0x00, 0x10, 0x02, 0x40, 0xff, 0x00, 0x07,
  0x01, 0xc0, 0x07, 0x8d, 0x00, 0x7e, 0xff, 0x81, 0xfe, 0x00, 0x02, 0xb0, 0x42, 0x18, 0xff, 0x00,
  0x08, 0x01, 0x80, 0x04, 0x2d, 0x00, 0x7f, 0xff, 0x81, 0x80, 0xff, 0x00, 0x02, 0xb0, 0x4e, 0x08,
  0xfc, 0x00, 0x09, 0x35, 0x09, 0xff, 0xfe, 0x80, 0x00, 0x04, 0x01, 0x30, 0x1f, 0xfb, 0x00, 0x09,
  0x67, 0x03, 0xff, 0xfe, 0x80, 0x00, 0x02, 0x01, 0x34, 0x2f, 0xfe, 0x00, 0x00, 0x01, 0xff, 0x00,
  0x0a, 0x23, 0x03, 0xfc, 0xfe, 0xb8, 0x00, 0x02, 0x03, 0x30, 0x7f, 0x80, 0xff, 0x00, 0x00, 0x01,
  0xff, 0x00, 0x04, 0x3f, 0x03, 0xfc, 0x7e, 0xbc, 0xff, 0x00, 0x03, 0x03, 0xb8, 0x7f, 0x80, 0xfc,
  0x00, 0x04, 0x1f, 0x03, 0xfc, 0x77, 0xfe, 0xff, 0x00, 0x03, 0x13, 0xf8, 0x7f, 0x80, 0xfc, 0x00,
  0x0a, 0x1f, 0x0f, 0xf8, 0x00, 0xfe, 0x20, 0x00, 0x13, 0xf9, 0xff, 0xc0, 0xff, 0x00, 0x00, 0x06,
  0xff, 0x00, 0x0a, 0x1f, 0x87, 0xf8, 0x00, 0xfa, 0x00, 0x02, 0x13, 0x3d, 0xe7, 0x80, 0xff, 0x00,
  0x00, 0x05, 0xff, 0x00, 0x04, 0x1f, 0xbf, 0xf8, 0x00, 0xf8, 0xff, 0x00, 0x03, 0x13, 0x08, 0xa7,
  0x80, 0xff, 0x00, 0x00, 0x09, 0xff, 0x00, 0x04, 0x1f, 0xff, 0x90, 0x00, 0x78, 0xff, 0x00, 0x03,
  0x0c, 0x00, 0x0f, 0xc0, 0xff, 0x00, 0x00, 0x10, 0xff, 0x00, 0x04, 0x1f, 0xff, 0x80, 0x00, 0x7c,
  0xff, 0x00, 0x03, 0x2c, 0x00, 0x3f, 0x80, 0xff, 0x00, 0x00, 0x10, 0xff, 0x00, 0x01, 0x1f, 0xff,
  0xff, 0x00, 0x00, 0x6c, 0xff, 0x00, 0x03, 0x44, 0x00, 0x3f, 0xb0, 0xfc, 0x00, 0x01, 0x07, 0x96,
  0xff, 0x00, 0x06, 0x42, 0x93, 0xc0, 0x40, 0x00, 0x1f, 0x80, 0xfb, 0x00, 0x00, 0x80, 0xfe, 0x00,
  0x00, 0x08, 0xfe, 0x00, 0x00, 0x0c, 0x97, 0x00, 0x00, 0x02, 0x81, 0x00, 0xfa, 0x00, 0xaf, 0x00,
  0x00, 0x7c, 0xf2, 0x00, 0x00, 0xfe, 0xf3, 0x00, 0x01, 0x01, 0xfe, 0xf3, 0x00, 0x01, 0x01, 0xfe,
  0xf2, 0x00, 0x01, 0xce, 0x40, 0xf4, 0x00, 0x02, 0x01, 0xce, 0x64, 0xf4, 0x00, 0x02, 0x01, 0xde,
  0xc0, 0xf4, 0x00, 0x02, 0x01, 0xfe, 0xf0, 0xf4, 0x00, 0x02, 0x01, 0xfe, 0xe0, 0xf3, 0x00, 0x01,
  0xce, 0xf0, 0xf4, 0x00, 0x02, 0x03, 0xce, 0x04, 0xf4, 0x00, 0x01, 0x01, 0xde, 0xf3, 0x00, 0x01,
  0x01, 0xfe, 0xf3, 0x00, 0x03, 0x01, 0xfe, 0x00, 0x80, 0xf5, 0x00, 0x01, 0x01, 0xfe, 0xf3, 0x00,
  0x01, 0x03, 0xee, 0xf3, 0x00, 0x01, 0x03, 0xce, 0xf3, 0x00, 0x01, 0x01, 0xee, 0xf2, 0x00, 0x01,
  0xff, 0xc0, 0xf3, 0x00, 0x01, 0xff, 0xe0, 0xf4, 0x00, 0x02, 0x01, 0xef, 0xf0, 0xf4, 0x00, 0x02,
  0x05, 0xcf, 0x7c, 0xf4, 0x00, 0x02, 0x01, 0xcf, 0x7c, 0xf4, 0x00, 0x02, 0x03, 0xef, 0x78, 0xf4,
  0x00, 0x02, 0x01, 0xff, 0xf8, 0xfe, 0x00, 0x00, 0x04, 0xf8, 0x00, 0x02, 0x01, 0xff, 0xf8, 0xfe,
  0x00, 0x01, 0x0f, 0x80, 0xf9, 0x00, 0x02, 0x07, 0xef, 0x38, 0xff, 0x00, 0x02, 0x01, 0x0e, 0x80,
  0xfc, 0x00, 0x00, 0x08, 0xff, 0x00, 0x03, 0x07, 0xcf, 0x3d, 0xc8, 0xff, 0x00, 0x01, 0x0e, 0x80,
  0xfe, 0x00, 0x00, 0x40, 0xfd, 0x00, 0x03, 0x05, 0xef, 0x3d, 0xc0, 0xff, 0x00, 0x01, 0x0e, 0x80,
  0xfe, 0x00, 0x00, 0x20, 0xfd, 0x00, 0x08, 0x35, 0xef, 0xff, 0xc0, 0x00, 0x41, 0x0c, 0x00, 0x80,
  0xff, 0x00, 0x01, 0x40, 0x80, 0xfe, 0x00, 0x00, 0x3f, 0xff, 0xff, 0x03, 0xc0, 0x08, 0x40, 0x0c,
  0xfd, 0x00, 0x02, 0x40, 0x00, 0x10, 0xff, 0x00, 0x06, 0x06, 0xef, 0xfd, 0xc0, 0x00, 0x40, 0x2c,
  0xf8, 0x00, 0x07, 0x08, 0xc7, 0x3d, 0x80, 0x01, 0x00, 0x7e, 0x80, 0xf8, 0x00, 0x08, 0x81, 0x7d,
  0xc0, 0x00, 0x03, 0x7e, 0x88, 0x00, 0x02, 0xfa, 0x00, 0x06, 0x01, 0xbd, 0xc0, 0x00, 0x03, 0xbe,
  0x84, 0xfc, 0x00, 0x00, 0x40, 0xff, 0x00, 0x07, 0x3e, 0x23, 0xff, 0xe0, 0x00, 0x03, 0xb7, 0x80,
  0xfe, 0x00, 0x00, 0x02, 0xfd, 0x00, 0x08, 0x3e, 0x03, 0xff, 0xe0, 0x08, 0x07, 0xc0, 0x80, 0x20,
  0xfa, 0x00, 0x07, 0x3f, 0x03, 0xfd, 0xe0, 0x00, 0x03, 0xc0, 0x80, 0xfe, 0x00, 0x01, 0x04, 0x10,
  0xfe, 0x00, 0x07, 0x3d, 0x01, 0xf9, 0xe0, 0x00, 0x07, 0xc0, 0x80, 0xfe, 0x00, 0x01, 0x35, 0x40,
  0xfe, 0x00, 0x06, 0x39, 0x01, 0xfd, 0xe0, 0x00, 0x6f, 0xc0, 0xff, 0x00, 0x03, 0x02, 0x03, 0xfd,
  0xfe, 0xfe, 0x00, 0x06, 0x30, 0x01, 0xfd, 0xe0, 0x00, 0x7e, 0xc0, 0xfe, 0x00, 0x02, 0x3f, 0xff,
  0xde, 0xfe, 0x00, 0x07, 0x30, 0x01, 0xff, 0xe0, 0x00, 0xfc, 0x40, 0x10, 0xff, 0x00, 0x00, 0x7f,
  0xff, 0xff, 0x00, 0x30, 0xff, 0x00, 0x0c, 0x20, 0x01, 0xff, 0xf8, 0x69, 0xf8, 0x00, 0x3c, 0x04,
  0x02, 0x6f, 0x2d, 0x9f, 0xfb, 0x00, 0x09, 0x38, 0x5f, 0x10, 0x00, 0x7e, 0x16, 0xf1, 0xce, 0x00,
  0x0c, 0xfb, 0x00, 0x01, 0x30, 0xc6, 0xff, 0x00, 0x03, 0x44, 0x0c, 0xe0, 0x02, 0xf8, 0x00, 0x00,
  0x82, 0xb0, 0x00, 0x04, 0x80, 0x00, 0x02, 0x00, 0x0a, 0x81, 0x00, 0xfd, 0x00, 0x9d, 0x00, 0x00,
  0x40, 0xf2, 0x00, 0x00, 0x40, 0xf8, 0x00, 0x00, 0x08, 0xfc, 0x00, 0x00, 0x02, 0xfa, 0x00, 0x00,
  0x80, 0xf0, 0x00, 0x00, 0x40, 0xfd, 0x00, 0x02, 0x04, 0x00, 0xc0, 0xf5, 0x00, 0x00, 0x20, 0xff,
  0x00, 0x01, 0x40, 0x01, 0xff, 0x00, 0x00, 0x20, 0xf7, 0x00, 0x04, 0x40, 0x00, 0x02, 0x00, 0x01,
  0xfd, 0x00, 0x01, 0x80, 0x10, 0xf6, 0x00, 0x00, 0x02, 0xfe, 0x00, 0x00, 0x10, 0xfd, 0x00, 0x01,
  0x80, 0x10, 0xfc, 0x00, 0x00, 0x02, 0xf7, 0x00, 0x02, 0x04, 0x00, 0x80, 0xf6, 0x00, 0x02, 0x80,
  0x00, 0x80, 0xfe, 0x00, 0x00, 0x40, 0xf4, 0x00, 0x00, 0x0c, 0xf5, 0x00, 0x03, 0x80, 0x20, 0x01,
  0x16, 0xf4, 0x00, 0x07, 0x20, 0xc0, 0x1f, 0x04, 0x00, 0x04, 0x00, 0x82, 0xfc, 0x00, 0x00, 0x20,
  0xfd, 0x00, 0x02, 0x0e, 0x00, 0x40, 0xf4, 0x00, 0x00, 0x0c, 0xf7, 0x00, 0x00, 0x10, 0xfe, 0x00,
  0x01, 0x01, 0x0f, 0xfb, 0x00, 0x00, 0x10, 0xdf, 0x00, 0x00, 0x06, 0xf2, 0x00, 0x00, 0x02, 0xff,
  0x00, 0x00, 0x08, 0xff, 0x00, 0x00, 0x42, 0xfd, 0x00, 0x02, 0x04, 0x00, 0x80, 0xff, 0x00, 0x00,
  0x02, 0xfc, 0x00, 0x00, 0x02, 0xfd, 0x00, 0x02, 0x80, 0x00, 0x08, 0xfa, 0x00, 0xff, 0x01, 0xfb,
  0x00, 0x00, 0x10, 0xfa, 0x00, 0xff, 0x03, 0xf4, 0x00, 0x08, 0x08, 0x00, 0x10, 0x80, 0x00, 0x04,
  0x00, 0x40, 0x10, 0xfe, 0x00, 0x00, 0x04, 0xfd, 0x00, 0x02, 0x01, 0x70, 0x20, 0xfc, 0x00, 0x00,
  0x08, 0xff, 0x00, 0x00, 0x04, 0xff, 0x00, 0x00, 0x18, 0xff, 0x00, 0x00, 0xf0, 0xfd, 0x00, 0x02,
  0x40, 0x00, 0x08, 0xff, 0x00, 0x02, 0x04, 0x00, 0x02, 0xfe, 0x00, 0x00, 0x70, 0xff, 0x00, 0x03,
  0x06, 0x00, 0x20, 0x40, 0xfe, 0x00, 0x07, 0x30, 0x00, 0x10, 0x02, 0x00, 0x41, 0x33, 0x80, 0xfe,
  0x00, 0x02, 0x40, 0xc8, 0x18, 0xff, 0x00, 0x07, 0x31, 0x00, 0x10, 0x00, 0x08, 0x40, 0x33, 0x80,
  0xfd, 0x00, 0x01, 0x48, 0x18, 0xff, 0x00, 0x07, 0x19, 0x90, 0x00, 0x08, 0x00, 0x40, 0x52, 0x80,
  0xfd, 0x00, 0x01, 0x1b, 0x40, 0xff, 0x00, 0x03, 0x11, 0xa8, 0xc0, 0x10, 0xff, 0x01, 0x00, 0x80,
  0xfc, 0x00, 0x01, 0x0f, 0xc0, 0xff, 0x00, 0x02, 0x19, 0x4e, 0x80, 0xff, 0x00, 0x01, 0x07, 0x80,
  0xff, 0x00, 0x00, 0x02, 0xff, 0x00, 0x01, 0x1f, 0x40, 0xff, 0x00, 0x02, 0x19, 0x6e, 0x40, 0xff,
  0x00, 0x01, 0x67, 0xc0, 0xfc, 0x00, 0x01, 0x1f, 0x48, 0xff, 0x00, 0x01, 0x20, 0x5c, 0xfe, 0x00,
  0x01, 0x67, 0xc0, 0xfe, 0x00, 0x02, 0x10, 0x00, 0x1f, 0xfe, 0x00, 0x01, 0x20, 0xfc, 0xfe, 0x00,
  0x01, 0x6f, 0xc0, 0xfd, 0x00, 0x01, 0x02, 0x3f, 0xfe, 0x00, 0x07, 0x20, 0xec, 0x00, 0x0a, 0x41,
  0x7b, 0xc0, 0x04, 0xfe, 0x00, 0x01, 0x42, 0x37, 0xfe, 0x00, 0x0d, 0x30, 0xee, 0x00, 0x1e, 0x41,
  0xff, 0xc0, 0x18, 0x00, 0x02, 0x00, 0x02, 0x27, 0x80, 0xff, 0x00, 0x0d, 0x20, 0x6e, 0x00, 0x1f,
  0x01, 0xff, 0xc0, 0x78, 0x00, 0x02, 0x00, 0xc2, 0x71, 0xc0, 0xff, 0x00, 0x07, 0x20, 0x7e, 0x82,
  0x1f, 0x03, 0xfe, 0xc0, 0x7c, 0xfe, 0x00, 0x02, 0xc2, 0x21, 0x80, 0xff, 0x00, 0x07, 0x20, 0xfe,
  0x00, 0x3f, 0x07, 0xfc, 0x40, 0x7c, 0xff, 0x00, 0x03, 0x01, 0xe0, 0x00, 0x80, 0xff, 0x00, 0x0d,
  0x20, 0x6c, 0x00, 0x3f, 0xcf, 0xf8, 0x00, 0x7c, 0x16, 0x82, 0x03, 0x22, 0x00, 0x80, 0xff, 0x00,
  0x0c, 0x20, 0x00, 0x0d, 0xb8, 0xdf, 0x10, 0x00, 0x7e, 0x16, 0xc0, 0x4e, 0x0f, 0xc0, 0xfc, 0x00,
  0x02, 0x04, 0x70, 0xc6, 0xff, 0x00, 0x03, 0x44, 0x0c, 0xe0, 0x02, 0xf8, 0x00, 0x00, 0x82, 0xb9,
  0x00, 0x00, 0x02, 0xff, 0x00, 0x00, 0x20, 0xfe, 0x00, 0x00, 0x80, 0xff, 0x82, 0x00, 0x00, 0xff,
  0x10, 0x01, 0x02, 0x12, 0xfb, 0x00, 0x00, 0x40, 0x85, 0x00, 0x83, 0x00, 0x00, 0x08, 0xea, 0x00,
  0x01, 0x10, 0x62, 0xfc, 0x00, 0x00, 0x10, 0xfc, 0x00, 0x00, 0x04, 0xfe, 0x00, 0x00, 0xc0, 0xfd,
  0x00, 0x00, 0x02, 0xfd, 0x00, 0x00, 0x08, 0xf0, 0x00, 0x00, 0x02, 0xfc, 0x00, 0x00, 0x20, 0xfe,
  0x00, 0x00, 0x08, 0xfc, 0x00, 0x00, 0x12, 0xf8, 0x00, 0x00, 0x04, 0xf7, 0x00, 0x00, 0x08, 0xf7,
  0x00, 0x00, 0x04, 0xfd, 0x00, 0x00, 0x04, 0xf7, 0x00, 0x02, 0x04, 0x00, 0x04, 0xf9, 0x00, 0x00,
  0x08, 0xf9, 0x00, 0x00, 0x0c, 0xf2, 0x00, 0x04, 0x16, 0x00, 0x04, 0x00, 0x08, 0xf6, 0x00, 0x02,
  0x1f, 0x00, 0x20, 0xff, 0x00, 0x00, 0x80, 0xfb, 0x00, 0x00, 0x40, 0xfe, 0x00, 0x00, 0x4e, 0xf3,
  0x00, 0x01, 0x18, 0x4c, 0xfd, 0x00, 0x00, 0x04, 0xfc, 0x00, 0x01, 0x30, 0x80, 0xfe, 0x00, 0x00,
  0x8f, 0xf7, 0x00, 0x00, 0x38, 0xfe, 0x00, 0x02, 0x01, 0x04, 0x40, 0xf8, 0x00, 0x01, 0xfc, 0x10,
  0xf4, 0x00, 0x03, 0x06, 0x2c, 0x80, 0x10, 0xf5, 0x00, 0x03, 0x02, 0x08, 0x05, 0xe8, 0xff, 0x00,
  0x00, 0x02, 0xf8, 0x00, 0x03, 0x02, 0x00, 0x05, 0xf8, 0xff, 0x00, 0x00, 0x02, 0xf8, 0x00, 0x08,
  0x02, 0x00, 0x03, 0xb8, 0x00, 0x01, 0x0d, 0x00, 0x20, 0xfa, 0x00, 0x00, 0x0f, 0xff, 0x00, 0x03,
  0xbf, 0x00, 0x03, 0x0f, 0xfd, 0x00, 0x00, 0x02, 0xfd, 0x00, 0x07, 0x0f, 0x80, 0x00, 0x5f, 0x08,
  0x00, 0x1f, 0x04, 0xf9, 0x00, 0x07, 0x0b, 0xe8, 0x40, 0x5f, 0x80, 0x01, 0x7e, 0x80, 0xff, 0x00,
  0x00, 0x20, 0xfc, 0x00, 0x07, 0x08, 0x4c, 0x44, 0x08, 0x00, 0x08, 0xfe, 0x80, 0xfc, 0x00, 0x00,
  0x08, 0xfe, 0x00, 0x0b, 0xee, 0x46, 0x50, 0x08, 0x00, 0x5a, 0xa0, 0x00, 0x04, 0x00, 0x20, 0x48,
  0xfe, 0x00, 0x06, 0x01, 0xee, 0x1f, 0xcf, 0x00, 0x40, 0x30, 0xfd, 0x00, 0x01, 0x01, 0xc8, 0xfd,
  0x00, 0x05, 0xfe, 0x1f, 0xcd, 0x00, 0x41, 0x30, 0xfd, 0x00, 0x01, 0x41, 0xc8, 0xfd, 0x00, 0x05,
  0x7e, 0x1d, 0xfd, 0x40, 0x0f, 0xe0, 0xfd, 0x00, 0x02, 0x05, 0xeb, 0x48, 0xff, 0x00, 0x05, 0x20,
  0x6e, 0x1d, 0xf7, 0xc0, 0x0e, 0xfc, 0x00, 0x02, 0x45, 0xef, 0x40, 0xff, 0x00, 0x05, 0x20, 0xce,
  0xfd, 0xe7, 0xc0, 0x08, 0xfc, 0x00, 0x02, 0x05, 0xef, 0x40, 0xff, 0x00, 0x05, 0x20, 0x6e, 0xfd,
  0xff, 0xc0, 0x68, 0xfd, 0x00, 0x03, 0x08, 0x05, 0xdf, 0x40, 0xff, 0x00, 0x01, 0x20, 0x7f, 0xff,
  0xff, 0x01, 0xc0, 0x60, 0xfc, 0x00, 0x01, 0x4f, 0xdf, 0xfe, 0x00, 0x00, 0x20, 0xfe, 0xff, 0x01,
  0xc0, 0x60, 0xff, 0x00, 0x05, 0x20, 0x00, 0x10, 0x0f, 0xf7, 0x40, 0xff, 0x00, 0x07, 0x20, 0xef,
  0xfd, 0xf5, 0xc1, 0x60, 0x00, 0x04, 0xfe, 0x00, 0x01, 0x0f, 0xff, 0xfe, 0x00, 0x07, 0x30, 0xef,
  0xf9, 0xe1, 0x81, 0xe0, 0x00, 0x18, 0xfe, 0x00, 0x02, 0x4f, 0xff, 0x80, 0xff, 0x00, 0x0d, 0x20,
  0x6f, 0xfd, 0xe0, 0xc1, 0xc0, 0x00, 0x78, 0x00, 0x02, 0x00, 0x0f, 0x9f, 0xc8, 0xff, 0x00, 0x00,
  0x20, 0xff, 0x7f, 0x04, 0xe0, 0xc3, 0xc0, 0x00, 0x7c, 0xfe, 0x00, 0x02, 0x2d, 0xdf, 0x80, 0xff,
  0x00, 0x00, 0x20, 0xff, 0xff, 0x04, 0xc0, 0xc7, 0xc0, 0x00, 0x7c, 0xfe, 0x00, 0x02, 0x1f, 0xdf,
  0x80, 0xff, 0x00, 0x04, 0x20, 0x6d, 0xff, 0xc0, 0x06, 0xff, 0x00, 0x05, 0x40, 0x12, 0x00, 0x22,
  0x0f, 0x80, 0xfe, 0x00, 0x03, 0x20, 0x00, 0x0d, 0x80, 0xfc, 0x00, 0x03, 0x01, 0x00, 0x0f, 0xc0,
  0xfc, 0x00, 0x01, 0x04, 0x40, 0xa3, 0x00, 0x00, 0x04, 0xff, 0x00, 0x05, 0x74, 0x40, 0x08, 0x02,
  0x06, 0x02, 0x81, 0x00, 0xfd, 0x00, 0xa3, 0x00, 0x00, 0x08, 0xf9, 0x00, 0x00, 0x04, 0xf5, 0x00,
  0x00, 0x40, 0xf8, 0x00, 0x00, 0x08, 0xfc, 0x00, 0xff, 0x10, 0xfe, 0x00, 0x01, 0x20, 0x04, 0xfe,
  0x00, 0x00, 0x40, 0xff, 0x00, 0x05, 0x0a, 0x00, 0x04, 0x08, 0x40, 0x10, 0xf7, 0x00, 0x02, 0x03,
  0x00, 0x05, 0xfe, 0x00, 0x00, 0x0c, 0xf8, 0x00, 0x06, 0x0a, 0x30, 0x03, 0xc0, 0x08, 0x00, 0x1f,
  0xfd, 0x00, 0x01, 0x40, 0x01, 0xfe, 0x00, 0x06, 0x0e, 0x30, 0x05, 0x42, 0x00, 0x40, 0x1f, 0xfe,
  0x00, 0x03, 0x01, 0x40, 0x08, 0x10, 0xff, 0x00, 0x06, 0x2e, 0x7c, 0x04, 0x40, 0x00, 0x02, 0x1f,
  0xfe, 0x00, 0x02, 0x01, 0x00, 0x08, 0xfe, 0x00, 0x01, 0x06, 0x4c, 0xfd, 0x00, 0x00, 0x3e, 0xfe,
  0x00, 0x01, 0x01, 0x44, 0xfd, 0x00, 0x01, 0x03, 0xcc, 0xfe, 0x00, 0x06, 0x11, 0x3c, 0x00, 0x02,
  0x00, 0x01, 0x70, 0xfd, 0x00, 0x0b, 0x01, 0xde, 0x80, 0x00, 0x84, 0x00, 0xbc, 0x80, 0x01, 0x00,
  0x21, 0xf0, 0xfd, 0x00, 0x07, 0x01, 0xfe, 0x00, 0x02, 0x00, 0x41, 0xff, 0x80, 0xff, 0x00, 0x02,
  0x01, 0xf0, 0x80, 0xfe, 0x00, 0x03, 0x01, 0xfe, 0x00, 0x04, 0xff, 0x00, 0x01, 0xf7, 0x80, 0xff,
  0x00, 0x03, 0x01, 0xf0, 0x00, 0x08, 0xff, 0x00, 0x0b, 0x01, 0xfe, 0x33, 0x80, 0x10, 0x81, 0xff,
  0x80, 0x21, 0x00, 0x01, 0xf2, 0xfd, 0x00, 0x03, 0x03, 0xce, 0x85, 0xd8, 0xff, 0x00, 0x01, 0xfe,
  0x80, 0xff, 0x00, 0x01, 0x03, 0x74, 0xfd, 0x00, 0x0b, 0x03, 0xce, 0x89, 0xe0, 0x80, 0x10, 0x7c,
  0x80, 0x00, 0x88, 0x07, 0x70, 0xfd, 0x00, 0x07, 0x03, 0xce, 0x0f, 0xc2, 0x00, 0x41, 0x7f, 0x20,
  0xff, 0x00, 0x02, 0x03, 0xf2, 0x1b, 0xfe, 0x00, 0x07, 0x07, 0xc6, 0x9f, 0xe0, 0x00, 0x01, 0x77,
  0x60, 0xff, 0x00, 0x02, 0x03, 0xf0, 0x1f, 0xfe, 0x00, 0x03, 0x1f, 0x02, 0xff, 0xe0, 0xff, 0x00,
  0x01, 0x77, 0x80, 0xff, 0x00, 0x03, 0x03, 0xf0, 0x1f, 0x10, 0xff, 0x00, 0x03, 0x1f, 0xc2, 0x7d,
  0xd8, 0xff, 0x00, 0x00, 0x7e, 0xfe, 0x00, 0x03, 0x23, 0x72, 0x0e, 0x80, 0xff, 0x00, 0x03, 0x3b,
  0xc6, 0x78, 0x18, 0xff, 0x00, 0x01, 0x3e, 0x80, 0xff, 0x00, 0x02, 0x07, 0x70, 0x0e, 0xfe, 0x00,
  0x07, 0x3b, 0xcf, 0x78, 0x18, 0x42, 0x00, 0xfe, 0x80, 0xff, 0x00, 0x02, 0x07, 0xf0, 0x0e, 0xfe,
  0x00, 0x07, 0x39, 0xee, 0x3c, 0x18, 0x08, 0x42, 0xff, 0x80, 0xff, 0x00, 0x03, 0x0f, 0xb0, 0x04,
  0x18, 0xff, 0x00, 0x07, 0x30, 0xfe, 0x3f, 0x1f, 0x18, 0x5c, 0xff, 0x80, 0xff, 0x00, 0x03, 0x07,
  0xf0, 0x00, 0x18, 0xff, 0x00, 0x0d, 0x30, 0x7e, 0x1f, 0xff, 0x18, 0x46, 0xff, 0x80, 0x20, 0x00,
  0x17, 0x70, 0x00, 0x18, 0xff, 0x00, 0x07, 0x30, 0x06, 0x0d, 0xff, 0x80, 0x0f, 0xfe, 0x80, 0xff,
  0x00, 0x02, 0x03, 0x74, 0x0a, 0xfe, 0x00, 0x0d, 0x33, 0x82, 0x09, 0xe8, 0x00, 0x17, 0xfe, 0x80,
  0x40, 0x00, 0x03, 0x74, 0x0e, 0x08, 0xff, 0x00, 0x0d, 0x39, 0x00, 0x59, 0xa8, 0x48, 0x0f, 0xda,
  0x88, 0xd0, 0x84, 0x07, 0x38, 0x3f, 0x08, 0xff, 0x00, 0x0d, 0x38, 0x01, 0xf0, 0x24, 0x00, 0x0e,
  0xf0, 0x3c, 0x70, 0x00, 0x17, 0xb1, 0xbf, 0x80, 0xff, 0x00, 0x0d, 0x70, 0x01, 0xf0, 0x30, 0x00,
  0x0e, 0xf0, 0x2c, 0x70, 0x00, 0x17, 0xb9, 0xbf, 0x80, 0xff, 0x00, 0x0d, 0x20, 0x01, 0xe0, 0x00,
  0x08, 0x00, 0x60, 0x2b, 0xd1, 0x02, 0x03, 0x3d, 0x8f, 0x88, 0xfe, 0x00, 0x03, 0x01, 0xe0, 0x07,
  0x18, 0xff, 0x00, 0x06, 0x13, 0xd0, 0x02, 0x03, 0x7d, 0x8f, 0xc8, 0xfe, 0x00, 0x03, 0x01, 0x00,
  0x0f, 0x3c, 0xff, 0x00, 0x06, 0x33, 0xd0, 0x1a, 0x03, 0x3d, 0x8f, 0x80, 0xfe, 0x00, 0x00, 0x01,
  0xff, 0x00, 0x00, 0xb4, 0xff, 0x00, 0x06, 0x7b, 0xf0, 0x1e, 0x0b, 0xbd, 0xbf, 0xc8, 0xfb, 0x00,
  0x09, 0x48, 0x08, 0x00, 0x7f, 0xf0, 0x0f, 0x13, 0xb4, 0xbf, 0x80, 0xfb, 0x00, 0x00, 0x38, 0xff,
  0x00, 0x06, 0x7f, 0xf8, 0x1f, 0x13, 0xf4, 0x37, 0x80, 0xfb, 0x00, 0x00, 0x36, 0xff, 0x00, 0x06,
  0x7b, 0xd8, 0x7b, 0x83, 0x70, 0x3f, 0xc0, 0xfb, 0x00, 0x00, 0x7e, 0xff, 0x00, 0x06, 0x7b, 0xd8,
  0x7b, 0x83, 0x70, 0x3f, 0xd0, 0xfb, 0x00, 0x09, 0x3e, 0x20, 0x00, 0x7b, 0xd8, 0x7b, 0x8f, 0x30,
  0x1f, 0xfc, 0xfb, 0x00, 0x09, 0x3e, 0x20, 0x00, 0x7f, 0xf8, 0x7f, 0xbf, 0x10, 0x1f, 0xfc, 0xfb,
  0x00, 0x00, 0x3e, 0xff, 0x00, 0x06, 0x7f, 0xf8, 0x7f, 0xfe, 0x00, 0x1f, 0xfe, 0xfb, 0x00, 0x00,
  0x36, 0xff, 0x00, 0x03, 0x43, 0x5b, 0x79, 0xce, 0xff, 0x00, 0x00, 0x06, 0xf7, 0x00, 0x02, 0x08,
  0x30, 0x80, 0xff, 0x00, 0x00, 0x02, 0xa2, 0x00, 0x00, 0x04, 0xfc, 0x00, 0x00, 0x24, 0xff, 0x04,
  0xff, 0x00, 0x02, 0x80, 0x04, 0x80, 0x81, 0x00, 0xfd, 0x00, 0xbb, 0x00, 0x01, 0x07, 0x80, 0xf3,
  0x00, 0x01, 0x0f, 0xc0, 0xfb, 0x00, 0x00, 0x08, 0xfa, 0x00, 0x01, 0x1c, 0xe4, 0xf5, 0x00, 0x03,
  0x42, 0x00, 0x1c, 0xe8, 0xf5, 0x00, 0x03, 0x10, 0x00, 0x1f, 0xe8, 0xf8, 0x00, 0x06, 0x0a, 0x00,
  0x04, 0x08, 0x00, 0x1f, 0xec, 0xf8, 0x00, 0x02, 0x03, 0x00, 0x01, 0xff, 0x00, 0x02, 0x07, 0xf0,
  0x80, 0xf9, 0x00, 0x06, 0x0a, 0x30, 0x03, 0xc0, 0x00, 0x1e, 0xe0, 0xfd, 0x00, 0x00, 0x40, 0xfd,
  0x00, 0x06, 0x0e, 0x30, 0x07, 0xc2, 0x00, 0x3c, 0xe1, 0xff, 0x00, 0x03, 0x04, 0x01, 0x40, 0x18,
  0xfe, 0x00, 0x06, 0x2e, 0x6c, 0x05, 0xc0, 0x00, 0x1d, 0xe1, 0xff, 0x00, 0x03, 0x02, 0x01, 0x00,
  0x18, 0xfe, 0x00, 0x06, 0x02, 0x4c, 0x00, 0x10, 0x00, 0x0f, 0xd4, 0xfe, 0x00, 0x02, 0x01, 0x44,
  0x10, 0xfe, 0x00, 0x08, 0x03, 0xcc, 0x01, 0xe8, 0x00, 0x0e, 0x1c, 0x00, 0x02, 0xff, 0x00, 0x01,
  0x70, 0x10, 0xfe, 0x00, 0x07, 0x01, 0xde, 0x05, 0xe0, 0x06, 0x1f, 0x1d, 0x80, 0xff, 0x00, 0x01,
  0x01, 0xf0, 0xfd, 0x00, 0x07, 0x01, 0xfe, 0x07, 0xc2, 0x00, 0x4e, 0x17, 0x80, 0xff, 0x00, 0x02,
  0x01, 0xf0, 0x80, 0xfe, 0x00, 0x07, 0x01, 0xfe, 0x07, 0x40, 0x00, 0x3c, 0x17, 0x80, 0xff, 0x00,
  0x01, 0x01, 0xf0, 0xfd, 0x00, 0x02, 0x01, 0xfe, 0x21, 0xff, 0x00, 0x06, 0x8e, 0x1f, 0x80, 0x01,
  0x00, 0x01, 0xf0, 0xfd, 0x00, 0x07, 0x03, 0xee, 0x87, 0xd0, 0x00, 0x1f, 0x1c, 0x80, 0xff, 0x00,
  0x01, 0x03, 0x70, 0xfd, 0x00, 0x07, 0x03, 0xce, 0x8f, 0xe0, 0x80, 0x17, 0x1c, 0x80, 0xff, 0x00,
  0x01, 0x17, 0x70, 0xfd, 0x00, 0x06, 0x07, 0xfe, 0x0f, 0xc2, 0x00, 0x5f, 0x9f, 0xfe, 0x00, 0x02,
  0x03, 0xf0, 0x1b, 0xfe, 0x00, 0x06, 0x07, 0xfe, 0x9f, 0x64, 0x08, 0x1f, 0x83, 0xfe, 0x00, 0x02,
  0x03, 0xf0, 0x1f, 0xfe, 0x00, 0x05, 0x1f, 0xfe, 0xff, 0x64, 0x00, 0x1f, 0xff, 0x80, 0xff, 0x00,
  0x02, 0x03, 0xf0, 0x1f, 0xfe, 0x00, 0x06, 0x1f, 0xee, 0x7d, 0xc8, 0x00, 0x1f, 0x80, 0xfe, 0x00,
  0x03, 0x03, 0x32, 0x0e, 0x80, 0xff, 0x00, 0x06, 0x3b, 0xce, 0x78, 0xf0, 0x00, 0x1f, 0x80, 0xfe,
  0x00, 0x02, 0x07, 0x00, 0x0e, 0xfe, 0x00, 0x05, 0x3f, 0xc7, 0x78, 0x70, 0x40, 0x1f, 0xfe, 0x00,
  0x03, 0x04, 0x05, 0x00, 0x0e, 0xfe, 0x00, 0x05, 0x3f, 0xc6, 0xb8, 0x20, 0x00, 0x1c, 0xfe, 0x00,
  0x04, 0x80, 0x0f, 0x08, 0x04, 0x18, 0xff, 0x00, 0x02, 0x3f, 0xc4, 0x30, 0xfa, 0x00, 0x01, 0x06,
  0x08, 0xfd, 0x00, 0x02, 0x3f, 0xc0, 0x10, 0xff, 0x00, 0x05, 0x18, 0x00, 0x04, 0x20, 0x00, 0x16,
  0xfc, 0x00, 0x01, 0x39, 0xce, 0xfe, 0x00, 0x00, 0x10, 0xfd, 0x00, 0x02, 0x02, 0x04, 0x0a, 0xfe,
  0x00, 0x02, 0x31, 0xce, 0x40, 0xfc, 0x00, 0x04, 0x40, 0x00, 0x02, 0x00, 0x0e, 0xfe, 0x00, 0x0c,
  0x39, 0xce, 0x00, 0x10, 0x40, 0x30, 0x00, 0x28, 0xd0, 0x80, 0x14, 0x08, 0x7f, 0xfe, 0x00, 0x0d,
  0x39, 0xc1, 0x20, 0x0b, 0x08, 0x30, 0x00, 0x3d, 0xf0, 0x00, 0x04, 0x00, 0x7f, 0x80, 0xff, 0x00,
  0x0d, 0x7f, 0x82, 0x00, 0x1f, 0x08, 0x30, 0x00, 0x2d, 0xf0, 0x00, 0x14, 0x08, 0x7f, 0x80, 0xff,
  0x00, 0x08, 0x39, 0x80, 0x00, 0x0f, 0x48, 0x70, 0x00, 0x2b, 0xd0, 0xff, 0x00, 0x02, 0x08, 0x67,
  0x80, 0xff, 0x00, 0x00, 0x39, 0xff, 0x00, 0x05, 0x08, 0xd8, 0x30, 0x00, 0x13, 0xd0, 0xff, 0x02,
  0x02, 0x00, 0x6f, 0x48, 0xff, 0x00, 0x00, 0x30, 0xfe, 0x00, 0x05, 0xfc, 0x30, 0x00, 0x33, 0xd0,
  0x18, 0xff, 0x00, 0x01, 0x67, 0x80, 0xff, 0x00, 0x00, 0x20, 0xff, 0x00, 0x06, 0x0f, 0x04, 0x70,
  0x00, 0x7b, 0xd0, 0x9c, 0xff, 0x00, 0x01, 0x77, 0xc0, 0xfc, 0x00, 0x0a, 0x1f, 0xd4, 0x70, 0x00,
  0x7f, 0xf0, 0x0f, 0x10, 0x03, 0x7f, 0x80, 0xff, 0x00, 0x00, 0x20, 0xff, 0x00, 0x0a, 0x0e, 0x05,
  0x70, 0x00, 0x7f, 0xd8, 0x19, 0x10, 0x03, 0xf6, 0x80, 0xff, 0x00, 0x00, 0x20, 0xff, 0x00, 0x0a,
  0x08, 0x01, 0xe0, 0x00, 0x7b, 0xc8, 0x79, 0x90, 0x07, 0xf4, 0x80, 0xff, 0x00, 0x00, 0x30, 0xff,
  0x00, 0x0a, 0x08, 0x01, 0xe0, 0x00, 0x7b, 0xd8, 0x79, 0xbc, 0x07, 0xf4, 0xc0, 0xff, 0x00, 0x00,
  0x20, 0xfe, 0x00, 0x09, 0x01, 0xe0, 0x00, 0x7f, 0xd8, 0x61, 0xec, 0x05, 0xb0, 0x84, 0xff, 0x00,
  0x00, 0x20, 0xfe, 0x00, 0x09, 0x01, 0xe0, 0x00, 0x7f, 0xf8, 0x71, 0xc0, 0x05, 0xc0, 0x04, 0xfb,
  0x00, 0x09, 0x01, 0xc0, 0x00, 0x7f, 0xfa, 0x71, 0x00, 0x05, 0xc0, 0x02, 0xf8, 0x00, 0x02, 0x43,
  0x08, 0x20, 0x87, 0x00, 0x05, 0x20, 0x40, 0x00, 0x02, 0x00, 0x02, 0x81, 0x00, 0xfc, 0x00, 0xbb,
  0x00, 0x01, 0x07, 0x80, 0xf3, 0x00, 0x01, 0x08, 0x40, 0xfb, 0x00, 0x00, 0x08, 0xfa, 0x00, 0x01,
  0x10, 0x24, 0xf5, 0x00, 0x00, 0x02, 0xff, 0x00, 0x00, 0x20, 0xf3, 0x00, 0x02, 0x18, 0x28, 0x04,
  0xf6, 0x00, 0x00, 0x08, 0xff, 0x00, 0x00, 0x0c, 0xf6, 0x00, 0x00, 0x04, 0xfe, 0x00, 0x01, 0x3c,
  0x80, 0xf8, 0x00, 0x00, 0x20, 0xfe, 0x00, 0x01, 0x10, 0x3f, 0xfd, 0x00, 0x00, 0x80, 0xfa, 0x00,
  0x03, 0x02, 0x00, 0x38, 0x3e, 0xff, 0x00, 0x03, 0x04, 0x00, 0x80, 0x10, 0xfb, 0x00, 0x04, 0x84,
  0x00, 0x18, 0x3e, 0x40, 0xfe, 0x00, 0x01, 0x40, 0x18, 0xf9, 0x00, 0x01, 0x0c, 0x0a, 0xfd, 0x00,
  0x01, 0x40, 0x10, 0xfc, 0x00, 0x02, 0x05, 0xe8, 0x04, 0xfe, 0x00, 0x00, 0x02, 0xff, 0x00, 0x01,
  0x60, 0x10, 0xfc, 0x00, 0x04, 0x85, 0xe0, 0x80, 0x00, 0x02, 0xfe, 0x00, 0x01, 0x01, 0xf4, 0xfd,
  0x00, 0x05, 0x04, 0x00, 0x07, 0xc2, 0x00, 0x48, 0xfd, 0x00, 0x02, 0x01, 0xe0, 0x80, 0xfe, 0x00,
  0x07, 0x0f, 0x00, 0x37, 0xc0, 0x00, 0x30, 0x00, 0x08, 0xff, 0x00, 0x01, 0x09, 0xf0, 0xfd, 0x00,
  0x03, 0x0f, 0x00, 0x20, 0x80, 0xfe, 0x00, 0x04, 0x08, 0x01, 0x00, 0x09, 0xf0, 0xfd, 0x00, 0x03,
  0x0a, 0x20, 0x87, 0x80, 0xff, 0x00, 0x00, 0x0c, 0xfe, 0x00, 0x01, 0x01, 0x74, 0xfb, 0x00, 0x04,
  0x87, 0xe0, 0x80, 0x20, 0x1c, 0xfe, 0x00, 0x01, 0x11, 0x76, 0xfd, 0x00, 0x06, 0x04, 0x00, 0x07,
  0xc2, 0x00, 0x60, 0x1f, 0xfe, 0x00, 0x01, 0x01, 0xf0, 0xfb, 0x00, 0x04, 0x17, 0x44, 0x00, 0xa0,
  0x02, 0xfe, 0x00, 0x01, 0x01, 0xf0, 0xfb, 0x00, 0x03, 0x17, 0x44, 0x02, 0xa0, 0xfd, 0x00, 0x01,
  0x03, 0xf0, 0xfb, 0x00, 0x09, 0x85, 0xc8, 0x02, 0xe0, 0x18, 0x08, 0x01, 0x00, 0x23, 0x30, 0xfa,
  0x00, 0x04, 0xc0, 0x02, 0x00, 0x1c, 0x80, 0xff, 0x00, 0x00, 0x03, 0xfc, 0x00, 0x03, 0x04, 0x08,
  0x00, 0x40, 0xff, 0x00, 0x01, 0x1e, 0x80, 0xff, 0x00, 0x02, 0x15, 0x00, 0x02, 0xfe, 0x00, 0x02,
  0x06, 0x28, 0x88, 0xfe, 0x00, 0x05, 0x1f, 0x80, 0x00, 0x80, 0x0f, 0x08, 0xfd, 0x00, 0x03, 0x1f,
  0xa2, 0x00, 0x20, 0xff, 0x00, 0x01, 0x1f, 0x80, 0xff, 0x00, 0x03, 0x0e, 0x08, 0x00, 0x10, 0xff,
  0x00, 0x03, 0x1f, 0x86, 0x00, 0x20, 0xff, 0x00, 0x04, 0x13, 0x80, 0x20, 0x00, 0x16, 0xfc, 0x00,
  0x03, 0x39, 0xc8, 0x00, 0x20, 0xfe, 0x00, 0x00, 0x80, 0xff, 0x00, 0x00, 0x02, 0xfc, 0x00, 0x05,
  0x31, 0xc8, 0x00, 0x10, 0x01, 0xe0, 0xfd, 0x00, 0x01, 0x02, 0x08, 0xfd, 0x00, 0x05, 0x39, 0xc8,
  0x10, 0x00, 0x41, 0xc0, 0xfe, 0x00, 0x02, 0x04, 0x14, 0x08, 0xfd, 0x00, 0x0b, 0x39, 0xce, 0xd0,
  0x02, 0x4f, 0x80, 0x00, 0x01, 0x00, 0x06, 0x0c, 0x0a, 0xfd, 0x00, 0x0a, 0x3f, 0x8d, 0xf0, 0x02,
  0x7f, 0x80, 0x00, 0x01, 0x00, 0x06, 0x14, 0xfc, 0x00, 0x05, 0x39, 0x83, 0x20, 0x10, 0x5f, 0x80,
  0xfe, 0x00, 0x00, 0x08, 0xff, 0x00, 0xff, 0x08, 0xff, 0x00, 0x05, 0x39, 0x01, 0x20, 0x00, 0x7f,
  0xc0, 0xfe, 0x00, 0x02, 0x0a, 0x02, 0x08, 0xfd, 0x00, 0x05, 0x30, 0x01, 0x20, 0x00, 0x5f, 0xc0,
  0xfe, 0x00, 0x00, 0x18, 0xfb, 0x00, 0x0d, 0x20, 0x01, 0x00, 0x10, 0x07, 0x80, 0x00, 0x04, 0x00,
  0x9c, 0x00, 0x02, 0x08, 0x40, 0xfe, 0x00, 0x00, 0x01, 0xff, 0x00, 0x01, 0xa3, 0x80, 0xff, 0x00,
  0x01, 0x70, 0x1f, 0xfb, 0x00, 0x00, 0x20, 0xff, 0x00, 0x09, 0x08, 0x02, 0x80, 0x00, 0x01, 0xd0,
  0x19, 0x10, 0x00, 0x01, 0xfe, 0x00, 0x00, 0x20, 0xff, 0x00, 0x00, 0x08, 0xfd, 0x00, 0x05, 0xc0,
  0x19, 0x90, 0x00, 0x0b, 0x10, 0xff, 0x00, 0x00, 0x30, 0xff, 0x00, 0x00, 0x08, 0xfe, 0x00, 0x06,
  0x05, 0xd0, 0x39, 0xbc, 0x00, 0x0b, 0x64, 0xff, 0x00, 0x00, 0x20, 0xfb, 0x00, 0x06, 0x01, 0xd0,
  0x21, 0xfc, 0x02, 0x47, 0x84, 0xff, 0x00, 0x00, 0x20, 0xfb, 0x00, 0x06, 0x03, 0xf0, 0x31, 0xfc,
  0x02, 0x3e, 0x04, 0xf8, 0x00, 0x06, 0x03, 0xfa, 0x71, 0x7c, 0x00, 0x20, 0x02, 0xf8, 0x00, 0x01,
  0x03, 0x08, 0xff, 0x20, 0x88, 0x00, 0x04, 0x20, 0x44, 0x00, 0x02, 0x00, 0xff, 0x02, 0x81, 0x00,
  0xfd, 0x00, 0xab, 0x00, 0x01, 0x07, 0x80, 0xf3, 0x00, 0x01, 0x0c, 0xcc, 0xf4, 0x00, 0x01, 0x08,
  0x1c, 0xf2, 0x00, 0x01, 0x04, 0x01, 0xf5, 0x00, 0x02, 0x08, 0x40, 0x04, 0xf5, 0x00, 0x02, 0x02,
  0x00, 0xc0, 0xff, 0x04, 0xf7, 0x00, 0x00, 0x20, 0xfe, 0x00, 0x01, 0x0c, 0xc0, 0xfd, 0x00, 0x01,
  0x90, 0x01, 0xfc, 0x00, 0x04, 0x02, 0x82, 0x00, 0x04, 0xc8, 0xff, 0x00, 0x02, 0x04, 0x00, 0x90,
  0xff, 0x10, 0xfd, 0x00, 0x00, 0x01, 0xff, 0x00, 0x02, 0x05, 0xc8, 0x40, 0xfd, 0x00, 0x00, 0x18,
  0xfe, 0x00, 0x06, 0x04, 0x20, 0x00, 0x10, 0x02, 0x03, 0xe0, 0xfd, 0x00, 0x01, 0x40, 0x10, 0xfc,
  0x00, 0x00, 0x04, 0xff, 0x00, 0x01, 0x07, 0x20, 0xfd, 0x00, 0x00, 0x60, 0xf8, 0x00, 0x01, 0x1f,
  0xa3, 0xfe, 0x00, 0x01, 0x01, 0xf4, 0xfd, 0x00, 0x00, 0x04, 0xfd, 0x00, 0x01, 0x47, 0xe4, 0xfe,
  0x00, 0x02, 0x01, 0xe0, 0x80, 0xfe, 0x00, 0x00, 0x0f, 0xff, 0x00, 0x03, 0x80, 0x00, 0x0d, 0xf6,
  0xfe, 0x00, 0x01, 0x01, 0xf0, 0xfd, 0x00, 0x02, 0x0f, 0x00, 0x02, 0xff, 0x00, 0x08, 0x0f, 0xff,
  0x00, 0x01, 0x00, 0x01, 0x72, 0x00, 0x40, 0xff, 0x00, 0x06, 0x0a, 0x20, 0x05, 0x80, 0x00, 0x17,
  0x90, 0xfe, 0x00, 0x02, 0x01, 0x70, 0x0d, 0xfc, 0x00, 0x0b, 0x81, 0xe0, 0x00, 0x27, 0x20, 0x80,
  0x00, 0x08, 0x11, 0xf0, 0x0f, 0xc0, 0xfd, 0x00, 0x03, 0x07, 0xc2, 0x08, 0x3c, 0xfd, 0x00, 0x02,
  0x01, 0xf0, 0x1f, 0xfe, 0x00, 0x02, 0x06, 0x00, 0x07, 0xff, 0x00, 0x01, 0xa0, 0x02, 0xfe, 0x00,
  0x02, 0x01, 0xf0, 0x1e, 0xfe, 0x00, 0x06, 0x0f, 0x00, 0x07, 0x40, 0x02, 0xa0, 0x01, 0xfe, 0x00,
  0x02, 0x03, 0xf0, 0x1e, 0xfe, 0x00, 0x06, 0x0f, 0x00, 0x05, 0xc8, 0x02, 0xe0, 0x18, 0xfe, 0x00,
  0x02, 0x23, 0xf2, 0x08, 0xfe, 0x00, 0x06, 0x0b, 0x00, 0x01, 0xc0, 0x02, 0x00, 0x1c, 0xfe, 0x00,
  0x01, 0x03, 0x72, 0xfd, 0x00, 0x06, 0x0b, 0x00, 0x05, 0xc0, 0x42, 0x00, 0x1e, 0xfe, 0x00, 0x03,
  0x07, 0xf2, 0x02, 0x40, 0xfe, 0x00, 0x06, 0x20, 0x1f, 0x80, 0x08, 0x60, 0x1f, 0x04, 0xff, 0x00,
  0x03, 0x0f, 0x72, 0x00, 0x18, 0xff, 0x00, 0x06, 0x18, 0x22, 0x3f, 0x00, 0x10, 0x60, 0x1f, 0xfe,
  0x00, 0x03, 0x0f, 0xf0, 0x00, 0x10, 0xff, 0x00, 0x06, 0x18, 0x06, 0x1f, 0x00, 0x10, 0x00, 0x13,
  0xfe, 0x00, 0x02, 0x17, 0x32, 0x09, 0xfe, 0x00, 0x03, 0x31, 0x06, 0x4d, 0x80, 0xfe, 0x00, 0x00,
  0x80, 0xff, 0x00, 0x02, 0x03, 0x34, 0x2f, 0xfe, 0x00, 0x05, 0x30, 0x07, 0x09, 0xa0, 0x01, 0xe0,
  0xfd, 0x00, 0x02, 0x03, 0x38, 0x2f, 0xfe, 0x00, 0x05, 0x30, 0x06, 0x1d, 0xa0, 0x41, 0xe0, 0xfe,
  0x00, 0x04, 0x04, 0x07, 0x08, 0x7f, 0x88, 0xfe, 0x00, 0x0c, 0x0e, 0x0f, 0xe0, 0x47, 0xe0, 0x00,
  0x01, 0x00, 0x06, 0x0f, 0x08, 0xff, 0x88, 0xfe, 0x00, 0x07, 0x0e, 0x0f, 0xe0, 0x77, 0xe0, 0x00,
  0x01, 0x00, 0xff, 0x06, 0x02, 0x00, 0x7f, 0x88, 0xfe, 0x00, 0x04, 0x02, 0x2d, 0xa2, 0x5f, 0xe0,
  0xff, 0x00, 0x05, 0x01, 0x0a, 0x02, 0x14, 0x6f, 0x88, 0xfe, 0x00, 0x04, 0x01, 0x20, 0x88, 0x7f,
  0xc0, 0xfe, 0x00, 0x03, 0x0a, 0x03, 0x34, 0x2f, 0xfd, 0x00, 0x04, 0x01, 0x20, 0x0a, 0x5f, 0x80,
  0xfe, 0x00, 0x04, 0x1a, 0x03, 0x08, 0x67, 0x80, 0xfe, 0x00, 0x04, 0x01, 0x00, 0x03, 0x73, 0x80,
  0xfe, 0x00, 0x04, 0x9e, 0x00, 0x0a, 0x7f, 0xc0, 0xff, 0x00, 0x04, 0x40, 0x01, 0x04, 0x03, 0xff,
  0xfe, 0x00, 0x05, 0x70, 0x1f, 0x00, 0x0a, 0x3f, 0x80, 0xfd, 0x00, 0x02, 0x04, 0x06, 0xfe, 0xff,
  0x00, 0x06, 0x05, 0xd0, 0x1f, 0x10, 0x02, 0x77, 0x80, 0xfb, 0x00, 0x00, 0xf6, 0xff, 0x00, 0x06,
  0x28, 0xc0, 0x19, 0x80, 0x02, 0x7f, 0x90, 0xfb, 0x00, 0x00, 0x7c, 0xff, 0x00, 0x06, 0x3d, 0xd0,
  0x31, 0x80, 0x07, 0xff, 0xf4, 0xfb, 0x00, 0x00, 0x34, 0xff, 0x00, 0x06, 0x7d, 0xd0, 0x20, 0x90,
  0x07, 0xf7, 0x34, 0xfb, 0x00, 0x00, 0x38, 0xff, 0x00, 0x06, 0x7f, 0xf0, 0x20, 0x98, 0x07, 0xfe,
  0x3c, 0xfb, 0x00, 0x00, 0x38, 0xff, 0x00, 0x06, 0x7f, 0xf8, 0x40, 0x7c, 0x05, 0xe0, 0x3e, 0xfb,
  0x00, 0x00, 0x10, 0xff, 0x00, 0x03, 0x42, 0x08, 0x00, 0x20, 0xff, 0x00, 0x00, 0x06, 0xf2, 0x00,
  0x00, 0x02, 0x9d, 0x00, 0x00, 0x04, 0xff, 0x00, 0x07, 0x40, 0x00, 0x10, 0x80, 0x00, 0x02, 0x00,
  0x02, 0x81, 0x00, 0xff, 0x00, 0xaf, 0x00, 0x00, 0x7c, 0xf2, 0x00, 0x00, 0xfe, 0xfd, 0x00, 0x00,
  0x08, 0xf8, 0x00, 0x01, 0x01, 0xfe, 0xfe, 0x00, 0x01, 0x80, 0xc8, 0xfb, 0x00, 0x00, 0x08, 0xff,
  0x00, 0x01, 0x01, 0xfe, 0xfe, 0x00, 0x03, 0x03, 0xc1, 0x00, 0x20, 0xfa, 0x00, 0x06, 0x01, 0xce,
  0x00, 0x08, 0x00, 0x03, 0xe0, 0xf8, 0x00, 0x02, 0x01, 0xce, 0x02, 0xff, 0x00, 0x01, 0x03, 0xc4,
  0xff, 0x00, 0x00, 0x80, 0xfb, 0x00, 0x05, 0x05, 0xfe, 0x00, 0x10, 0x00, 0x02, 0xfc, 0x00, 0x00,
  0x90, 0xfd, 0x00, 0x08, 0x01, 0xfe, 0x00, 0x80, 0x00, 0x40, 0x08, 0x00, 0x20, 0xff, 0x00, 0x00,
  0x90, 0xfd, 0x00, 0x06, 0x01, 0xee, 0x00, 0x04, 0x00, 0x02, 0x08, 0xfd, 0x00, 0x01, 0x80, 0x10,
  0xfe, 0x00, 0x01, 0x01, 0xee, 0xf7, 0x00, 0x00, 0x10, 0xfe, 0x00, 0x01, 0x01, 0xce, 0xf3, 0x00,
  0x02, 0x01, 0xde, 0x80, 0xff, 0x00, 0x00, 0x10, 0xff, 0x00, 0x00, 0x01, 0xfa, 0x00, 0x03, 0x01,
  0xfe, 0x00, 0x02, 0xff, 0x00, 0x00, 0x0c, 0xf8, 0x00, 0x02, 0x01, 0xfe, 0x30, 0xfe, 0x00, 0x01,
  0x16, 0x08, 0xf9, 0x00, 0x0d, 0x01, 0xfe, 0x10, 0x00, 0x01, 0x00, 0x1f, 0x00, 0x20, 0x00, 0x08,
  0x02, 0x00, 0x40, 0xff, 0x00, 0x02, 0x01, 0xee, 0x80, 0xff, 0x00, 0x01, 0x10, 0x7c, 0xfc, 0x00,
  0x00, 0x0d, 0xfe, 0x00, 0x01, 0x03, 0xce, 0xfd, 0x00, 0x01, 0x5c, 0x80, 0xfd, 0x00, 0x01, 0x0f,
  0xc0, 0xff, 0x00, 0x06, 0x01, 0xfe, 0x02, 0x00, 0x08, 0x02, 0xff, 0xfc, 0x00, 0x00, 0x5f, 0xfe,
  0x00, 0x06, 0x06, 0xfe, 0x10, 0xc0, 0x08, 0x1f, 0xf4, 0xfc, 0x00, 0x00, 0x5e, 0xfe, 0x00, 0x06,
  0x0e, 0xfe, 0x00, 0x80, 0x00, 0x1f, 0xf6, 0xfc, 0x00, 0x01, 0x1e, 0x10, 0xff, 0x00, 0x02, 0x0a,
  0xee, 0x02, 0xff, 0x00, 0x03, 0x1f, 0xdf, 0x08, 0x01, 0xff, 0x00, 0x01, 0x82, 0x08, 0xfe, 0x00,
  0x01, 0x0a, 0xce, 0xff, 0x00, 0x02, 0x02, 0x1f, 0xbe, 0xfd, 0x00, 0x00, 0x02, 0xfd, 0x00, 0x06,
  0x08, 0xce, 0x00, 0x10, 0x40, 0x1f, 0xff, 0xff, 0x00, 0x04, 0x04, 0x00, 0x02, 0x00, 0x40, 0xff,
  0x00, 0x02, 0x01, 0xce, 0x90, 0xff, 0x00, 0x01, 0x3c, 0xff, 0xfd, 0x00, 0x00, 0xe2, 0xfc, 0x00,
  0x05, 0x44, 0x30, 0x40, 0x00, 0x3c, 0xff, 0xf8, 0x00, 0x08, 0x18, 0x40, 0x10, 0x40, 0x00, 0x5f,
  0xff, 0x00, 0x20, 0xff, 0x00, 0x01, 0x42, 0x09, 0xfe, 0x00, 0x02, 0x11, 0x00, 0xc0, 0xff, 0x00,
  0x02, 0x1f, 0xfe, 0x80, 0xff, 0x00, 0x02, 0x20, 0x44, 0x2f, 0xfd, 0x00, 0x06, 0x01, 0x20, 0x40,
  0x00, 0x07, 0xfe, 0x80, 0xfe, 0x00, 0x01, 0x40, 0x2f, 0xfc, 0x00, 0x0b, 0x22, 0x40, 0x00, 0x1f,
  0xfe, 0x80, 0x00, 0x04, 0x00, 0x10, 0x6f, 0x88, 0xff, 0x00, 0x07, 0x30, 0x00, 0xf8, 0x02, 0x08,
  0x1f, 0xff, 0x80, 0xfe, 0x00, 0x02, 0xb2, 0xff, 0x88, 0xff, 0x00, 0x07, 0x3c, 0x01, 0xf8, 0x02,
  0x08, 0x1f, 0xff, 0x80, 0xff, 0x00, 0x03, 0x11, 0xb0, 0x7f, 0x88, 0xff, 0x00, 0x07, 0x38, 0x01,
  0x08, 0x4a, 0x00, 0x1f, 0xff, 0x88, 0xff, 0x00, 0x03, 0x01, 0x24, 0x77, 0x80, 0xff, 0x00, 0x07,
  0x20, 0x00, 0x09, 0x60, 0x00, 0x3f, 0xff, 0x80, 0xfe, 0x00, 0x02, 0x40, 0x2f, 0x80, 0xfd, 0x00,
  0x05, 0x3d, 0xe2, 0x00, 0x7f, 0xff, 0x80, 0xfe, 0x00, 0x02, 0x30, 0x6f, 0xc0, 0xfd, 0x00, 0x0b,
  0x0d, 0xe3, 0x04, 0x7e, 0x7f, 0x84, 0x00, 0x80, 0x03, 0xb0, 0x7f, 0xc8, 0xfd, 0x00, 0x02, 0x03,
  0xe3, 0x00, 0xff, 0xff, 0x00, 0x80, 0xff, 0x00, 0x03, 0x03, 0xf2, 0x3f, 0x80, 0xff, 0x00, 0x00,
  0x40, 0xff, 0x00, 0x04, 0x7f, 0x01, 0xff, 0xfe, 0x84, 0xff, 0x00, 0x03, 0x13, 0x7a, 0x7f, 0xc0,
  0xfc, 0x00, 0x0a, 0x3f, 0x49, 0xff, 0xfe, 0xac, 0x10, 0x02, 0x03, 0x7a, 0x6f, 0xc0, 0xfc, 0x00,
  0x0a, 0x3f, 0xc3, 0xff, 0xfe, 0xbc, 0x00, 0x0a, 0x03, 0x7f, 0xef, 0x80, 0xfc, 0x00, 0x0a, 0x1f,
  0x8b, 0xff, 0xfe, 0xfc, 0x00, 0x1b, 0x13, 0x3f, 0xff, 0xc8, 0xfc, 0x00, 0x01, 0x1f, 0xc7, 0xff,
  0xff, 0x03, 0xfc, 0x00, 0x1f, 0x1b, 0xff, 0xff, 0x00, 0xc0, 0xfc, 0x00, 0x01, 0x1f, 0xc7, 0xff,
  0xff, 0x06, 0xfc, 0x00, 0x3f, 0xff, 0xfd, 0xff, 0xc0, 0xfc, 0x00, 0x0a, 0x04, 0x86, 0x96, 0x52,
  0xf9, 0x57, 0xff, 0xef, 0xfc, 0xa5, 0xf8, 0xf8, 0x00, 0x06, 0x63, 0x9f, 0xf1, 0x8f, 0x70, 0x00,
  0xfc, 0xf8, 0x00, 0x06, 0x03, 0x0c, 0x60, 0x00, 0x08, 0x00, 0xc6, 0xf2, 0x00, 0x00, 0x02, 0xf2,
  0x00, 0x00, 0x02, 0xd4, 0x00, 0x00, 0x08, 0xfa, 0x00, 0xff, 0x04, 0x00, 0x80, 0xfd, 0x00, 0x02,
  0x02, 0x00, 0x02, 0x81, 0x00, 0xff, 0x00, 0xaf, 0x00, 0x00, 0x7c, 0xf2, 0x00, 0x00, 0xfe, 0xfd,
  0x00, 0x00, 0x04, 0xf8, 0x00, 0x01, 0x01, 0xfe, 0xff, 0x00, 0x00, 0x08, 0xf9, 0x00, 0x00, 0x08,
  0xff, 0x00, 0x03, 0x01, 0xfe, 0x00, 0x02, 0xfe, 0x00, 0x00, 0x04, 0xf9, 0x00, 0x01, 0x01, 0xce,
  0xf3, 0x00, 0x02, 0x01, 0xce, 0x02, 0xf4, 0x00, 0x01, 0x05, 0xde, 0xf3, 0x00, 0x05, 0x01, 0xde,
  0x02, 0x80, 0x00, 0x40, 0xfb, 0x00, 0x00, 0x18, 0xfe, 0x00, 0x07, 0x01, 0xce, 0x00, 0x04, 0x00,
  0x02, 0x00, 0x01, 0xfd, 0x00, 0x00, 0x0c, 0xfe, 0x00, 0x01, 0x01, 0xce, 0xf3, 0x00, 0x01, 0x01,
  0xce, 0xfe, 0x00, 0x00, 0x08, 0xf7, 0x00, 0x02, 0x01, 0xde, 0x80, 0xf4, 0x00, 0x01, 0x01, 0xfe,
  0xf3, 0x00, 0x01, 0x01, 0xfe, 0xfe, 0x00, 0x00, 0x02, 0xfd, 0x00, 0x00, 0x08, 0xfc, 0x00, 0x02,
  0x01, 0xfe, 0x20, 0xff, 0x00, 0x00, 0x80, 0xfe, 0x00, 0x00, 0x02, 0xfb, 0x00, 0x02, 0x01, 0xee,
  0x80, 0xff, 0x00, 0x01, 0x10, 0x42, 0xf8, 0x00, 0x01, 0x03, 0xce, 0xfd, 0x00, 0x00, 0x40, 0xfe,
  0x00, 0x00, 0x10, 0xfc, 0x00, 0x02, 0x05, 0xfe, 0x02, 0xff, 0x00, 0x00, 0x01, 0xf6, 0x00, 0x02,
  0xfe, 0x10, 0x80, 0xf5, 0x00, 0x01, 0x01, 0xfe, 0xfd, 0x00, 0x00, 0x08, 0xf8, 0x00, 0x02, 0x05,
  0xfe, 0x02, 0xfa, 0x00, 0x01, 0x20, 0x02, 0xfd, 0x00, 0x01, 0x01, 0xce, 0xf3, 0x00, 0x02, 0x03,
  0xce, 0x04, 0xf9, 0x00, 0x00, 0x80, 0xfd, 0x00, 0x07, 0x03, 0xee, 0x80, 0x00, 0x08, 0x03, 0x0c,
  0x04, 0xf9, 0x00, 0x02, 0x07, 0xfe, 0x10, 0xfe, 0x00, 0x00, 0x0c, 0xfd, 0x00, 0x00, 0x02, 0xfd,
  0x00, 0x01, 0x1f, 0xfe, 0xfd, 0x00, 0x00, 0x0f, 0xf8, 0x00, 0x02, 0x1b, 0xce, 0x80, 0xfe, 0x00,
  0x00, 0x0e, 0xf8, 0x00, 0x03, 0x0b, 0xce, 0x60, 0x10, 0xff, 0x00, 0x00, 0x0e, 0xfd, 0x00, 0x00,
  0x04, 0xfd, 0x00, 0x06, 0x0b, 0xce, 0x70, 0x00, 0x40, 0x00, 0x04, 0xf8, 0x00, 0x02, 0x0b, 0xee,
  0xe8, 0xfa, 0x00, 0x00, 0x10, 0xfc, 0x00, 0x02, 0x03, 0xff, 0xf8, 0xf9, 0x00, 0x00, 0x40, 0xfd,
  0x00, 0x02, 0x07, 0xef, 0x78, 0xfe, 0x00, 0x00, 0x0d, 0xfc, 0x00, 0x00, 0x10, 0xfe, 0x00, 0x02,
  0x19, 0xcf, 0x34, 0xfe, 0x00, 0x01, 0x7f, 0x80, 0xff, 0x00, 0x00, 0x20, 0xfc, 0x00, 0x02, 0x39,
  0xcf, 0x40, 0xfe, 0x00, 0x01, 0x7f, 0x80, 0xfe, 0x00, 0x02, 0x40, 0x00, 0x40, 0xff, 0x00, 0x02,
  0x31, 0xc5, 0x70, 0xff, 0x00, 0x03, 0x01, 0xbf, 0x80, 0x20, 0xff, 0x00, 0x02, 0xc0, 0x00, 0x08,
  0xff, 0x00, 0x02, 0x60, 0xe7, 0xf8, 0xfe, 0x00, 0x01, 0x1f, 0x80, 0xff, 0x00, 0x00, 0x10, 0xfc,
  0x00, 0x03, 0x60, 0x03, 0x2b, 0x80, 0xff, 0x00, 0x01, 0x3e, 0x80, 0xf9, 0x00, 0x07, 0x20, 0x01,
  0x0d, 0xc0, 0x00, 0x08, 0x3e, 0x80, 0xf8, 0x00, 0x06, 0x01, 0x09, 0xc0, 0x80, 0x00, 0x3e, 0x80,
  0xf7, 0x00, 0x01, 0x01, 0xe0, 0xff, 0x00, 0x01, 0x3e, 0x80, 0xf7, 0x00, 0x01, 0x05, 0xe0, 0xff,
  0x00, 0x01, 0x3f, 0x80, 0xf9, 0x00, 0x03, 0x40, 0x00, 0x07, 0xe0, 0xff, 0x00, 0x01, 0x3f, 0x80,
  0xfe, 0x00, 0x00, 0x02, 0xfb, 0x00, 0x06, 0x05, 0xfb, 0x60, 0x68, 0x92, 0x80, 0xa0, 0xff, 0x00,
  0x01, 0xc1, 0x51, 0xfa, 0x00, 0x08, 0xd6, 0x1c, 0x00, 0x64, 0x60, 0x0e, 0x61, 0x70, 0x40, 0xfa,
  0x00, 0x01, 0x02, 0x08, 0xff, 0x00, 0x05, 0x10, 0x9f, 0x84, 0x08, 0x00, 0xc8, 0xf2, 0x00, 0x00,
  0x04, 0xc4, 0x00, 0x02, 0x08, 0x00, 0x04, 0xfc, 0x00, 0x04, 0x20, 0x00, 0x30, 0x00, 0x18, 0xff,
  0x00, 0x01, 0x80, 0x10, 0xfc, 0x00, 0x00, 0x10, 0x84, 0x00, 0x9a, 0x00, 0x00, 0x04, 0xeb, 0x00,
  0x00, 0x08, 0xec, 0x00, 0x00, 0x08, 0xf3, 0x00, 0x00, 0x02, 0xf9, 0x00, 0x00, 0x02, 0xf9, 0x00,
  0x00, 0x48, 0xfd, 0x00, 0x00, 0x04, 0xf4, 0x00, 0x00, 0x01, 0xfd, 0x00, 0xff, 0x10, 0xfa, 0x00,
  0x04, 0x40, 0x00, 0x01, 0x00, 0x02, 0xf7, 0x00, 0x00, 0x02, 0xf4, 0x00, 0x03, 0x04, 0x00, 0x02,
  0x10, 0xfd, 0x00, 0x00, 0x01, 0xf7, 0x00, 0x00, 0x10, 0xfd, 0x00, 0x00, 0x20, 0xf9, 0x00, 0x00,
  0x02, 0xf3, 0x00, 0x00, 0x30, 0xfd, 0x00, 0x00, 0x08, 0xff, 0x00, 0x03, 0x08, 0x00, 0x80, 0x08,
  0xfd, 0x00, 0x02, 0x30, 0x04, 0x01, 0xfe, 0x00, 0x00, 0x20, 0xf8, 0x00, 0x04, 0x80, 0x00, 0x42,
  0x08, 0x02, 0xf4, 0x00, 0x00, 0x86, 0xfd, 0x00, 0x02, 0x80, 0x00, 0x80, 0xfd, 0x00, 0x02, 0x04,
  0x00, 0x80, 0xff, 0x00, 0x01, 0x40, 0x80, 0xf5, 0x00, 0x00, 0x40, 0xf3, 0x00, 0x01, 0x20, 0x82,
  0xff, 0x00, 0x00, 0x08, 0xf7, 0x00, 0x00, 0x10, 0xfd, 0x00, 0x00, 0x20, 0xfe, 0x00, 0x01, 0x20,
  0x02, 0xfa, 0x00, 0x00, 0x08, 0xff, 0x00, 0x00, 0x40, 0xfd, 0x00, 0x00, 0x04, 0xfa, 0x00, 0x00,
  0x10, 0xed, 0x00, 0x00, 0x20, 0xf7, 0x00, 0x02, 0x40, 0x10, 0x03, 0xf4, 0x00, 0x01, 0x80, 0x08,
  0xff, 0x00, 0x00, 0x80, 0xf8, 0x00, 0x02, 0x20, 0x00, 0x40, 0xfe, 0x00, 0x00, 0x80, 0xf7, 0x00,
  0x00, 0x40, 0xfe, 0x00, 0x01, 0x10, 0x80, 0xf8, 0x00, 0x00, 0x20, 0xfd, 0x00, 0x01, 0x0a, 0x80,
  0xf7, 0x00, 0x00, 0x10, 0xfe, 0x00, 0x00, 0x0c, 0xf3, 0x00, 0x01, 0x01, 0x0c, 0xf7, 0x00, 0x01,
  0x10, 0x80, 0xff, 0x00, 0x02, 0x01, 0x20, 0x08, 0xf9, 0x00, 0x02, 0x02, 0x00, 0x40, 0xfa, 0x00,
  0x00, 0x20, 0xfc, 0x00, 0x00, 0x02, 0xf7, 0x00, 0x00, 0x40, 0xfd, 0x00, 0x04, 0x0a, 0x2a, 0x82,
  0x00, 0x08, 0xfb, 0x00, 0x02, 0xc0, 0x00, 0x08, 0xff, 0x00, 0x01, 0x1f, 0x18, 0xfd, 0x00, 0x00,
  0x20, 0xfe, 0x00, 0x00, 0x10, 0xfc, 0x00, 0x02, 0x1f, 0xfc, 0xd0, 0xff, 0x00, 0x00, 0x01, 0xf7,
  0x00, 0x05, 0x19, 0xee, 0xf0, 0x03, 0x40, 0x09, 0xfb, 0x00, 0x00, 0x0b, 0xfe, 0x00, 0x06, 0x39,
  0xe6, 0xf5, 0xcf, 0xc0, 0x03, 0xc0, 0xfc, 0x00, 0x00, 0x0f, 0xfe, 0x00, 0x06, 0x20, 0x83, 0xf9,
  0xff, 0x40, 0x07, 0xc0, 0xfd, 0x00, 0x01, 0x80, 0x1f, 0xfd, 0x00, 0x05, 0x03, 0xfd, 0xff, 0x80,
  0x0f, 0xc0, 0xfc, 0x00, 0x00, 0x3f, 0xfe, 0x00, 0x06, 0x40, 0x01, 0xf7, 0xff, 0x80, 0x0f, 0xc0,
  0xfc, 0x00, 0x01, 0x3f, 0x80, 0xfe, 0x00, 0x0c, 0x01, 0xf5, 0xff, 0xc0, 0x4e, 0xc0, 0x20, 0xa0,
  0x1e, 0x00, 0x12, 0x74, 0xc8, 0xfe, 0x00, 0x0c, 0x01, 0xf0, 0x00, 0xd6, 0x1c, 0x00, 0x07, 0xe0,
  0x3f, 0xea, 0x0f, 0x80, 0xf8, 0xfd, 0x00, 0x0b, 0x10, 0x00, 0x02, 0x08, 0x00, 0x03, 0x11, 0x7f,
  0x84, 0x04, 0x00, 0x08, 0xf7, 0x00, 0x00, 0x08, 0xfd, 0x00, 0x00, 0x04, 0xbf, 0x00, 0x00, 0x20,
  0xfc, 0x00, 0x00, 0x42, 0xfd, 0x00, 0x00, 0x12, 0xfc, 0x00, 0x00, 0x10, 0x84, 0x00, 0x89, 0x00,
  0x00, 0x40, 0xf5, 0x00, 0x00, 0x10, 0xfb, 0x00, 0x00, 0x80, 0xf8, 0x00, 0x01, 0x18, 0x40, 0xf2,
  0x00, 0x00, 0xc0, 0xfc, 0x00, 0x00, 0x10, 0xfa, 0x00, 0x00, 0x40, 0xfd, 0x00, 0x00, 0x04, 0xf6,
  0x00, 0x00, 0x40, 0xfb, 0x00, 0x01, 0x80, 0x10, 0xfa, 0x00, 0x00, 0x40, 0xfe, 0x00, 0x02, 0x02,
  0x00, 0x80, 0xf6, 0x00, 0x00, 0x0c, 0xf5, 0x00, 0x00, 0x02, 0xf2, 0x00, 0x00, 0x02, 0xf9, 0x00,
  0x00, 0x08, 0xed, 0x00, 0x00, 0x30, 0xff, 0x00, 0x00, 0x40, 0xfb, 0x00, 0x00, 0x80, 0xfc, 0x00,
  0x00, 0x30, 0xfe, 0x00, 0x01, 0x0c, 0x04, 0xf6, 0x00, 0x03, 0x08, 0x02, 0x00, 0x0c, 0xf4, 0x00,
  0x03, 0x06, 0x00, 0x0c, 0x80, 0xf4, 0x00, 0x02, 0x01, 0x0f, 0x80, 0xfd, 0x00, 0x00, 0x40, 0xec,
  0x00, 0x01, 0x20, 0x82, 0xf2, 0x00, 0x00, 0x08, 0xfb, 0x00, 0x00, 0x20, 0xf8, 0x00, 0x02, 0x02,
  0x00, 0x40, 0xf6, 0x00, 0x00, 0x04, 0xef, 0x00, 0x01, 0x01, 0x0c, 0xf6, 0x00, 0x00, 0xc0, 0xff,
  0x00, 0x01, 0x03, 0x0c, 0xf6, 0x00, 0x00, 0xf0, 0xff, 0x00, 0x02, 0x01, 0x0f, 0x80, 0xfd, 0x00,
  0x00, 0x02, 0xfc, 0x00, 0x01, 0x40, 0x08, 0xfe, 0x00, 0x00, 0x80, 0xfd, 0x00, 0x00, 0x08, 0xfe,
  0x00, 0x01, 0x0a, 0x01, 0xfe, 0x00, 0x01, 0x10, 0x60, 0xfc, 0x00, 0x00, 0x0e, 0xfe, 0x00, 0x03,
  0x0a, 0x20, 0x4f, 0xc8, 0xff, 0x00, 0x01, 0x70, 0x08, 0xfd, 0x00, 0x00, 0x0f, 0xfe, 0x00, 0x07,
  0x0a, 0x02, 0xff, 0xcb, 0x08, 0x00, 0x33, 0x80, 0xf9, 0x00, 0x07, 0x07, 0x3f, 0xf0, 0x03, 0x08,
  0x01, 0x13, 0x80, 0xf9, 0x00, 0x07, 0x06, 0x3f, 0xf8, 0x13, 0x00, 0x01, 0x12, 0x80, 0xfd, 0x00,
  0x00, 0x12, 0xfe, 0x00, 0x03, 0x02, 0x0f, 0x7d, 0xa7, 0xf9, 0x00, 0x00, 0x0f, 0xfe, 0x00, 0x05,
  0x0b, 0x03, 0x7d, 0xe6, 0x00, 0x60, 0xfb, 0x00, 0x00, 0x2f, 0xfe, 0x00, 0x01, 0x1b, 0xab, 0xff,
  0xff, 0x01, 0x08, 0x60, 0xff, 0x00, 0x00, 0x20, 0xff, 0x00, 0x02, 0x02, 0x7f, 0x08, 0xff, 0x00,
  0x00, 0x3f, 0xfe, 0xff, 0x02, 0x00, 0x60, 0x20, 0xfe, 0x00, 0x03, 0x10, 0x00, 0x3f, 0x80, 0xff,
  0x00, 0x00, 0x3f, 0xfe, 0xff, 0x01, 0x01, 0xe9, 0xfc, 0x00, 0x02, 0x80, 0x7f, 0xc0, 0xff, 0x00,
  0x05, 0x39, 0xef, 0xfd, 0xfc, 0x41, 0xf9, 0xfe, 0x00, 0x00, 0x02, 0xff, 0x00, 0x01, 0x64, 0xc0,
  0xff, 0x00, 0x06, 0x39, 0xe7, 0xfc, 0x30, 0xc1, 0xfb, 0xe0, 0xff, 0x00, 0x00, 0x0a, 0xff, 0x00,
  0x01, 0x20, 0xd0, 0xff, 0x00, 0x06, 0x20, 0x83, 0xf8, 0x00, 0xc3, 0xff, 0xc0, 0xff, 0x00, 0x04,
  0x1a, 0x00, 0x40, 0x60, 0xfc, 0xfe, 0x00, 0x05, 0x03, 0xf8, 0x00, 0x4b, 0xf6, 0xc0, 0xff, 0x00,
  0x00, 0x1f, 0xfe, 0x00, 0x00, 0xfc, 0xfe, 0x00, 0x05, 0x01, 0xf0, 0x00, 0x7b, 0xf6, 0x40, 0xff,
  0x00, 0x04, 0x1f, 0x00, 0xc0, 0x00, 0x7e, 0xfe, 0x00, 0x04, 0x01, 0xf0, 0x00, 0x36, 0xb0, 0xff,
  0x00, 0x05, 0x26, 0xa1, 0x81, 0x2b, 0x00, 0x36, 0xfe, 0x00, 0x01, 0x01, 0xf0, 0xfc, 0x00, 0x05,
  0x17, 0xc0, 0x04, 0x0f, 0xc0, 0x06, 0xfd, 0x00, 0x00, 0x10, 0xfc, 0x00, 0x05, 0x0d, 0x80, 0x00,
  0x04, 0x00, 0x06, 0xf7, 0x00, 0x00, 0x08, 0xfd, 0x00, 0x00, 0x02, 0xf2, 0x00, 0x00, 0x02, 0xd2,
  0x00, 0x00, 0x02, 0xfb, 0x00, 0x07, 0x80, 0x06, 0x80, 0x00, 0x11, 0x12, 0x00, 0x10, 0xfc, 0x00,
  0x00, 0x80, 0x84, 0x00, 0xa4, 0x00, 0x00, 0x1e, 0xf2, 0x00, 0x00, 0x1f, 0xfb, 0x00, 0x00, 0x44,
  0xfe, 0x00, 0x00, 0x20, 0xfd, 0x00, 0x00, 0x1f, 0xfb, 0x00, 0x00, 0x80, 0xfc, 0x00, 0x00, 0x04,
  0xff, 0x00, 0x00, 0x1e, 0xf8, 0x00, 0x02, 0x40, 0x00, 0x40, 0xfe, 0x00, 0x00, 0x2f, 0xf8, 0x00,
  0x02, 0xc0, 0x00, 0x02, 0xfe, 0x00, 0x00, 0x2f, 0xfa, 0x00, 0x00, 0x40, 0xfd, 0x00, 0x00, 0x04,
  0xff, 0x00, 0x00, 0x1d, 0xf8, 0x00, 0x00, 0x08, 0xfc, 0x00, 0x01, 0x71, 0x10, 0xfc, 0x00, 0x03,
  0x04, 0x00, 0x01, 0x08, 0xfd, 0x00, 0x01, 0x40, 0x23, 0xfb, 0x00, 0x00, 0x10, 0xff, 0x00, 0x01,
  0x0c, 0x04, 0xfd, 0x00, 0x00, 0x0f, 0xfe, 0x00, 0x00, 0x08, 0xfe, 0x00, 0x04, 0x06, 0x00, 0x0c,
  0x14, 0x02, 0xfe, 0x00, 0x01, 0x0f, 0xc0, 0xfd, 0x00, 0x06, 0x04, 0x00, 0x04, 0x00, 0x8c, 0x00,
  0x40, 0xfe, 0x00, 0x00, 0x1f, 0xf8, 0x00, 0x00, 0x1f, 0xfc, 0x00, 0x00, 0x1e, 0xf9, 0x00, 0x03,
  0x40, 0x17, 0x88, 0x04, 0xfe, 0x00, 0x00, 0x1f, 0xfc, 0x00, 0x0a, 0x01, 0x80, 0x00, 0x40, 0x13,
  0x80, 0x00, 0x04, 0x00, 0x02, 0x1e, 0xfc, 0x00, 0x00, 0x40, 0xfe, 0x00, 0x03, 0x30, 0x00, 0x40,
  0x08, 0xff, 0x00, 0x00, 0x0f, 0xf8, 0x00, 0x01, 0x30, 0x80, 0xfd, 0x00, 0x01, 0x0f, 0x80, 0xf9,
  0x00, 0x01, 0x10, 0x80, 0xfd, 0x00, 0x01, 0x1f, 0x10, 0xfd, 0x00, 0x00, 0x10, 0xff, 0x00, 0x01,
  0x01, 0x17, 0xfc, 0x00, 0x00, 0x5f, 0xfb, 0x00, 0x00, 0x02, 0xff, 0x00, 0x00, 0x17, 0xfc, 0x00,
  0x00, 0x1f, 0xfd, 0x00, 0x05, 0x10, 0x02, 0x08, 0x00, 0x40, 0x3f, 0xfc, 0x00, 0x00, 0x2f, 0xf9,
  0x00, 0x03, 0x03, 0xbe, 0x00, 0x40, 0xfe, 0x00, 0x00, 0x2e, 0xfc, 0x00, 0x00, 0x04, 0xff, 0x00,
  0x03, 0x03, 0xff, 0x00, 0x40, 0xfe, 0x00, 0x00, 0x2f, 0xfb, 0x00, 0x03, 0x40, 0x00, 0x46, 0xff,
  0xfc, 0x00, 0x00, 0x7d, 0xfc, 0x00, 0x05, 0x20, 0xc0, 0x00, 0x44, 0xff, 0x80, 0xfd, 0x00, 0x00,
  0x1d, 0xfd, 0x00, 0x00, 0x01, 0xff, 0x00, 0x05, 0x10, 0x46, 0xff, 0x80, 0x00, 0x80, 0xff, 0x00,
  0x00, 0x0f, 0xfe, 0x00, 0x07, 0x02, 0x01, 0x30, 0x08, 0x00, 0x0f, 0xf0, 0xa0, 0xfd, 0x00, 0x01,
  0x27, 0x40, 0xfd, 0x00, 0x00, 0x34, 0xff, 0x00, 0x01, 0x17, 0x80, 0xfc, 0x00, 0x01, 0x21, 0x40,
  0xfe, 0x00, 0x05, 0x01, 0x3d, 0xc2, 0x40, 0x0f, 0x80, 0xfb, 0x00, 0x00, 0x40, 0xfe, 0x00, 0x05,
  0x01, 0x0f, 0xc8, 0x00, 0x07, 0xc0, 0xfc, 0x00, 0x00, 0x1f, 0xfe, 0x00, 0x06, 0x07, 0x3e, 0x08,
  0x05, 0x00, 0x07, 0xe0, 0xfc, 0x00, 0x00, 0x1f, 0xfe, 0x00, 0x06, 0x06, 0x3e, 0x02, 0x11, 0x00,
  0x0f, 0xc0, 0xfd, 0x00, 0x01, 0x40, 0x15, 0xfe, 0x00, 0x06, 0x08, 0x04, 0x05, 0xa1, 0x00, 0x0f,
  0x80, 0xfd, 0x00, 0x02, 0x40, 0x00, 0x80, 0xff, 0x00, 0x06, 0x10, 0x08, 0x04, 0x40, 0x00, 0x6f,
  0x80, 0xfd, 0x00, 0x01, 0x24, 0x20, 0xfe, 0x00, 0x06, 0x20, 0x44, 0x04, 0xf7, 0x08, 0x6f, 0xc0,
  0xfd, 0x00, 0x02, 0xa2, 0x60, 0x48, 0xfc, 0x00, 0x03, 0x3f, 0x00, 0x7f, 0xe0, 0xfc, 0x00, 0x01,
  0x3f, 0xd8, 0xfc, 0x00, 0x05, 0x1f, 0x01, 0xf7, 0xc0, 0x00, 0x20, 0xfe, 0x00, 0x01, 0x7f, 0xb0,
  0xfc, 0x00, 0x03, 0x1e, 0x49, 0xe7, 0xc0, 0xff, 0x00, 0x00, 0x02, 0xff, 0x00, 0x01, 0x7f, 0xb0,
  0xfb, 0x00, 0x02, 0xc1, 0xe7, 0xe0, 0xff, 0x00, 0x04, 0x0a, 0x00, 0x40, 0x3f, 0xa4, 0xfb, 0x00,
  0x02, 0xcb, 0xe7, 0xc0, 0xff, 0x00, 0x03, 0x1a, 0x00, 0xf0, 0x7f, 0xfa, 0x00, 0x02, 0xd3, 0x86,
  0xc0, 0xff, 0x00, 0x03, 0x1f, 0x01, 0xf0, 0x38, 0xfa, 0x00, 0x02, 0x43, 0x06, 0x40, 0xff, 0x00,
  0x03, 0x1f, 0x03, 0x30, 0x20, 0xf7, 0x00, 0x03, 0x24, 0x20, 0x39, 0x82, 0xf5, 0x00, 0x01, 0x6c,
  0x08, 0xf3, 0x00, 0x00, 0x40, 0xa3, 0x00, 0x01, 0x10, 0x40, 0xfe, 0x00, 0x00, 0xd2, 0x81, 0x00,
  0xfe, 0x00, 0xa4, 0x00, 0x00, 0x21, 0xf3, 0x00, 0x01, 0x10, 0x20, 0xf8, 0x00, 0x00, 0x16, 0xfc,
  0x00, 0x00, 0x60, 0xf8, 0x00, 0x00, 0x1f, 0xfc, 0x00, 0x00, 0x21, 0xf8, 0x00, 0x00, 0x7c, 0xfb,
  0x00, 0x00, 0x40, 0xf9, 0x00, 0x00, 0x7c, 0xf8, 0x00, 0x00, 0x08, 0xfc, 0x00, 0x00, 0x7f, 0xfd,
  0x00, 0x01, 0x80, 0x20, 0xfd, 0x00, 0x00, 0x20, 0xfe, 0x00, 0x02, 0x40, 0xf7, 0x60, 0xfc, 0x00,
  0x00, 0x10, 0xfe, 0x00, 0x06, 0x01, 0xc0, 0x00, 0x08, 0x00, 0xf7, 0xe0, 0xfe, 0x00, 0xff, 0x40,
  0xfd, 0x00, 0x06, 0x01, 0x70, 0x02, 0x40, 0x00, 0xf2, 0x84, 0xfd, 0x00, 0x00, 0x20, 0xfd, 0x00,
  0x06, 0x03, 0x74, 0x0f, 0x06, 0x10, 0x30, 0x84, 0xfe, 0x00, 0x01, 0x04, 0x20, 0xfd, 0x00, 0x06,
  0x07, 0x78, 0x0f, 0x44, 0x03, 0x30, 0x10, 0xfd, 0x00, 0x00, 0x20, 0xfd, 0x00, 0x05, 0x07, 0xf8,
  0x0d, 0x00, 0x03, 0xe0, 0xfc, 0x00, 0x00, 0xe1, 0xfd, 0x00, 0x07, 0x07, 0xc0, 0x80, 0x00, 0x83,
  0xe0, 0x00, 0x04, 0xfe, 0x00, 0x01, 0x20, 0x08, 0xfe, 0x00, 0x0c, 0x07, 0xc1, 0x80, 0x00, 0xc3,
  0xe0, 0x88, 0x00, 0x06, 0x08, 0x00, 0x01, 0x40, 0xfe, 0x00, 0x01, 0x0f, 0x30, 0xfe, 0x00, 0xff,
  0x80, 0xfd, 0x00, 0x00, 0x20, 0xfd, 0x00, 0x06, 0x03, 0x78, 0x60, 0x00, 0x18, 0x00, 0x80, 0xfd,
  0x00, 0x00, 0x20, 0xfd, 0x00, 0x06, 0x07, 0x7f, 0xc0, 0x00, 0x01, 0x60, 0x80, 0xfd, 0x00, 0x01,
  0x20, 0xc8, 0xfe, 0x00, 0x06, 0x07, 0xff, 0x02, 0x08, 0x01, 0xe0, 0x80, 0xfd, 0x00, 0x01, 0x60,
  0x80, 0xfe, 0x00, 0x02, 0x07, 0xef, 0x80, 0xff, 0x00, 0x01, 0xe0, 0x80, 0xfd, 0x00, 0x01, 0x60,
  0x80, 0xfe, 0x00, 0x03, 0x07, 0xfe, 0x08, 0x00, 0xff, 0x40, 0x00, 0x80, 0xfc, 0x00, 0x00, 0x80,
  0xfe, 0x00, 0x03, 0x03, 0x78, 0x00, 0x02, 0xff, 0x00, 0x00, 0x80, 0xfd, 0x00, 0x00, 0x01, 0xfd,
  0x00, 0x06, 0x03, 0x78, 0x0c, 0x80, 0x1c, 0x00, 0x80, 0xff, 0x00, 0x03, 0x10, 0x00, 0x40, 0xc0,
  0xfe, 0x00, 0x06, 0x03, 0x78, 0x1e, 0x00, 0x08, 0x00, 0x84, 0xfe, 0x00, 0x02, 0x60, 0x00, 0x80,
  0xfe, 0x00, 0x04, 0x07, 0x08, 0x3f, 0x00, 0x08, 0xfc, 0x00, 0x02, 0x02, 0x20, 0x80, 0xfe, 0x00,
  0x04, 0x06, 0x08, 0x3f, 0x88, 0x08, 0xfc, 0x00, 0x02, 0x80, 0x20, 0x80, 0xff, 0x00, 0x05, 0x02,
  0x12, 0x0d, 0xff, 0x80, 0x10, 0xfa, 0x00, 0x00, 0xc0, 0xff, 0x00, 0x03, 0x08, 0x02, 0x0d, 0xef,
  0xf9, 0x00, 0x01, 0x40, 0xc0, 0xff, 0x00, 0x05, 0x0a, 0x22, 0x0d, 0xf5, 0xc0, 0x10, 0xfc, 0x00,
  0x02, 0x20, 0x60, 0x80, 0xff, 0x00, 0x05, 0x0a, 0x04, 0x0f, 0xfc, 0xc0, 0x18, 0xfc, 0x00, 0x02,
  0xc0, 0xe0, 0x80, 0xfe, 0x00, 0x04, 0x06, 0x07, 0xf9, 0x88, 0x18, 0xfb, 0x00, 0x01, 0x60, 0x80,
  0xfe, 0x00, 0x04, 0x06, 0x07, 0xf5, 0xc0, 0x10, 0xfc, 0x00, 0x02, 0x40, 0x60, 0x88, 0xff, 0x00,
  0x05, 0x08, 0x28, 0x05, 0xe1, 0xc0, 0x10, 0xfb, 0x00, 0x01, 0x60, 0x48, 0xff, 0x00, 0x05, 0x19,
  0x08, 0x04, 0x41, 0xc0, 0x10, 0xfb, 0x00, 0x01, 0x60, 0xc0, 0xff, 0x00, 0x05, 0x39, 0xec, 0x04,
  0xf7, 0xc0, 0x30, 0xfe, 0x00, 0x04, 0x06, 0x00, 0x12, 0x60, 0x88, 0xff, 0x00, 0x05, 0x39, 0xcc,
  0x00, 0x3f, 0xc0, 0x20, 0xfe, 0x00, 0x04, 0x06, 0x00, 0xe0, 0x3f, 0xd8, 0xff, 0x00, 0x05, 0x39,
  0xcc, 0x00, 0x1f, 0xc0, 0x20, 0xfe, 0x00, 0x04, 0x0f, 0x00, 0xf0, 0x7f, 0xb0, 0xff, 0x00, 0x05,
  0x39, 0xc0, 0x00, 0x1e, 0xc8, 0x20, 0xfe, 0x00, 0x04, 0x1b, 0x11, 0x78, 0x7f, 0xa0, 0xff, 0x00,
  0x01, 0x30, 0x40, 0xff, 0x00, 0x00, 0x80, 0xfd, 0x00, 0x04, 0x1b, 0x3f, 0x38, 0x7f, 0x84, 0xff,
  0x00, 0x00, 0x20, 0xfe, 0x00, 0x00, 0xc8, 0xfd, 0x00, 0x03, 0x3b, 0xff, 0x08, 0x7f, 0xfa, 0x00,
  0x01, 0xd0, 0x60, 0xfe, 0x00, 0x03, 0x3f, 0xfe, 0x08, 0x78, 0xfa, 0x00, 0x01, 0x40, 0xe0, 0xfe,
  0x00, 0x04, 0x7f, 0xfc, 0x08, 0x20, 0x02, 0xfb, 0x00, 0x08, 0x07, 0x80, 0x00, 0x7c, 0x00, 0x79,
  0xec, 0x04, 0x80, 0xf7, 0x00, 0x01, 0x6c, 0x08, 0xf3, 0x00, 0x00, 0x40, 0xa3, 0x00, 0x07, 0x10,
  0x80, 0x40, 0x00, 0x20, 0x02, 0x01, 0x10, 0x81, 0x00, 0x00, 0x00, 0xba, 0x00, 0x00, 0x12, 0xfc,
  0x00, 0x00, 0x3e, 0xf8, 0x00, 0x00, 0x3f, 0xfc, 0x00, 0x01, 0x40, 0x08, 0xfd, 0x00, 0x05, 0x03,
  0xc0, 0x00, 0x03, 0x77, 0x80, 0xfe, 0x00, 0x00, 0x10, 0xfb, 0x00, 0x01, 0x17, 0x04, 0xff, 0x00,
  0xff, 0xe1, 0xfc, 0x00, 0x00, 0x80, 0xfd, 0x00, 0x01, 0x07, 0x40, 0xff, 0x00, 0x03, 0x60, 0x80,
  0x00, 0x04, 0xfe, 0x00, 0x00, 0xc0, 0xfd, 0x00, 0x01, 0x05, 0xc0, 0xfe, 0x00, 0x00, 0x80, 0xfc,
  0x00, 0x00, 0x80, 0xfd, 0x00, 0x03, 0x05, 0x80, 0x00, 0x18, 0xff, 0x80, 0x01, 0x00, 0x88, 0xfe,
  0x00, 0x00, 0xc0, 0xfd, 0x00, 0x05, 0x82, 0x80, 0x00, 0x01, 0x80, 0xa0, 0xfe, 0x00, 0x02, 0x80,
  0x00, 0x80, 0xfd, 0x00, 0x00, 0xe0, 0xff, 0x00, 0x02, 0x40, 0x00, 0xe0, 0xfe, 0x00, 0xfe, 0x80,
  0xfe, 0x00, 0xff, 0x30, 0x04, 0x04, 0x08, 0x01, 0x00, 0x60, 0xfd, 0x00, 0x01, 0x40, 0x80, 0xfe,
  0x00, 0x05, 0x20, 0x00, 0x02, 0x40, 0x00, 0x80, 0xfd, 0x00, 0x02, 0x02, 0x00, 0x80, 0xff, 0x00,
  0x07, 0x08, 0x00, 0x04, 0x0f, 0x02, 0x10, 0x80, 0x14, 0xf8, 0x00, 0x04, 0x04, 0x08, 0x0f, 0x44,
  0x03, 0xff, 0x80, 0xfc, 0x00, 0x00, 0x80, 0xfe, 0x00, 0x06, 0x04, 0x08, 0x1f, 0x00, 0x43, 0x80,
  0x20, 0xfc, 0x00, 0x00, 0x18, 0xfd, 0x00, 0x05, 0x08, 0x90, 0x00, 0x81, 0x80, 0x60, 0xfd, 0x00,
  0x01, 0x40, 0xb0, 0xfd, 0x00, 0x03, 0x08, 0x94, 0x00, 0x03, 0xff, 0x80, 0xff, 0x00, 0x03, 0x08,
  0x00, 0x60, 0xc0, 0xfe, 0x00, 0xfe, 0x08, 0x01, 0x40, 0x00, 0xff, 0x80, 0x00, 0x40, 0xf8, 0x00,
  0x03, 0x01, 0x60, 0x00, 0x18, 0xfd, 0x00, 0x00, 0x10, 0xf9, 0x00, 0x00, 0x40, 0xf2, 0x00, 0x01,
  0x02, 0x08, 0xf3, 0x00, 0x00, 0x60, 0xf4, 0x00, 0x02, 0x08, 0x01, 0xc0, 0xfa, 0x00, 0x00, 0x02,
  0xff, 0x40, 0xfd, 0x00, 0x03, 0x01, 0xc8, 0x02, 0x03, 0xff, 0x00, 0x00, 0x40, 0xfd, 0x00, 0x00,
  0x40, 0xfd, 0x00, 0x03, 0x01, 0xec, 0x80, 0x1f, 0xff, 0x00, 0x00, 0x40, 0xfd, 0x00, 0x00, 0x40,
  0xfd, 0x00, 0x05, 0x07, 0xfe, 0x08, 0x0e, 0x80, 0x04, 0xfe, 0x00, 0x00, 0x40, 0xfb, 0x00, 0x05,
  0x07, 0xdf, 0x10, 0x0f, 0x80, 0x20, 0xfe, 0x00, 0x00, 0x02, 0xfb, 0x00, 0x09, 0x07, 0xdf, 0x90,
  0x0f, 0x80, 0x20, 0x00, 0x04, 0x00, 0x80, 0xfd, 0x00, 0x00, 0x02, 0xff, 0x00, 0x04, 0x3f, 0x80,
  0x17, 0x80, 0x20, 0xf9, 0x00, 0x00, 0x08, 0xff, 0x00, 0x02, 0x1f, 0x00, 0x07, 0xf7, 0x00, 0x00,
  0x0a, 0xff, 0x00, 0x03, 0x1f, 0x80, 0x5f, 0x80, 0xff, 0x00, 0x04, 0x02, 0x00, 0x20, 0x00, 0x40,
  0xff, 0x00, 0x06, 0x0a, 0x10, 0x00, 0x1f, 0xc0, 0x7f, 0xc0, 0xff, 0x00, 0x03, 0x06, 0x00, 0xc0,
  0x80, 0xfe, 0x00, 0x00, 0x04, 0xff, 0x00, 0x03, 0x1f, 0x80, 0x7f, 0xc0, 0xff, 0x00, 0x00, 0x06,
  0xfb, 0x00, 0xff, 0x04, 0x04, 0x00, 0x1f, 0xc0, 0x7f, 0xc0, 0xff, 0x00, 0x04, 0x02, 0x00, 0x40,
  0x00, 0x08, 0xff, 0x00, 0x00, 0x08, 0xff, 0x00, 0x03, 0x1f, 0xc0, 0x1f, 0x80, 0xfb, 0x00, 0x00,
  0x08, 0xff, 0x00, 0x00, 0x19, 0xff, 0x00, 0x03, 0x1f, 0xc0, 0x1f, 0x80, 0xf8, 0x00, 0x0b, 0x19,
  0xa0, 0x00, 0x1f, 0xc0, 0x5f, 0xc0, 0x30, 0x00, 0x02, 0x00, 0x02, 0xfd, 0x00, 0x06, 0x39, 0xc4,
  0x00, 0x1f, 0xc0, 0xcf, 0xc0, 0xff, 0x00, 0x02, 0x08, 0x01, 0x10, 0xfd, 0x00, 0x0a, 0x39, 0xcc,
  0x00, 0x1f, 0xc3, 0xc7, 0xc0, 0x24, 0x20, 0x10, 0x01, 0xfc, 0x00, 0x07, 0x39, 0xc0, 0x00, 0x0f,
  0xc3, 0xc7, 0xc0, 0x3c, 0xff, 0x00, 0x03, 0x12, 0x08, 0x00, 0x50, 0xff, 0x00, 0x07, 0x30, 0x40,
  0x00, 0x09, 0x83, 0xe7, 0xc0, 0x7c, 0xff, 0x00, 0x00, 0x3c, 0xff, 0x00, 0x00, 0x70, 0xff, 0x00,
  0x00, 0x20, 0xfe, 0x00, 0x03, 0xc3, 0xe7, 0xc0, 0x7c, 0xff, 0x00, 0x00, 0xfc, 0xff, 0x00, 0x00,
  0x3c, 0xfb, 0x00, 0x03, 0xcb, 0xe7, 0xc0, 0x7c, 0xff, 0x00, 0x00, 0xfc, 0xff, 0x00, 0x00, 0x7c,
  0xfb, 0x00, 0x09, 0xfb, 0xe4, 0x00, 0x7c, 0x00, 0x40, 0xfc, 0x03, 0x80, 0x7c, 0xfb, 0x00, 0x01,
  0x33, 0x80, 0xff, 0x00, 0x00, 0x06, 0xfd, 0x00, 0x00, 0x06, 0xf8, 0x00, 0x01, 0x02, 0x06, 0xfd,
  0x00, 0x00, 0x02, 0xf7, 0x00, 0x00, 0x08, 0xa4, 0x00, 0xff, 0x80, 0x02, 0x43, 0x00, 0x20, 0xff,
  0x00, 0x00, 0x10, 0xfe, 0x00, 0x00, 0x10, 0x84, 0x00, 0xba, 0x00, 0x00, 0x12, 0xfc, 0x00, 0x00,
  0x3e, 0xfd, 0x00, 0x01, 0x01, 0xe0, 0xfe, 0x00, 0x00, 0x3f, 0xfc, 0x00, 0x00, 0x75, 0xfd, 0x00,
  0x06, 0x03, 0xf3, 0x80, 0x00, 0x03, 0x73, 0x81, 0xfd, 0x00, 0x00, 0x20, 0xfd, 0x00, 0x01, 0x07,
  0xe7, 0xff, 0x00, 0x02, 0x80, 0xf3, 0xe0, 0xfd, 0x00, 0x01, 0x60, 0x80, 0xfe, 0x00, 0x02, 0x07,
  0xf7, 0xc0, 0xff, 0x00, 0x01, 0x7f, 0x80, 0xfd, 0x00, 0x01, 0x20, 0xc0, 0xfe, 0x00, 0x02, 0x03,
  0x71, 0xc0, 0xff, 0x00, 0x01, 0x7c, 0x80, 0xfd, 0x00, 0x01, 0x21, 0xc0, 0xfe, 0x00, 0x07, 0x03,
  0x79, 0x80, 0x00, 0x08, 0xfc, 0x80, 0x02, 0xfe, 0x00, 0x01, 0x23, 0xc0, 0xfe, 0x00, 0x06, 0x27,
  0x7e, 0x80, 0x40, 0x01, 0xff, 0xa0, 0xfd, 0x00, 0x01, 0x3f, 0x80, 0xfe, 0x00, 0x01, 0x07, 0x18,
  0xfe, 0x00, 0x01, 0xff, 0x80, 0xfe, 0x00, 0x02, 0x80, 0xff, 0x98, 0xfe, 0x00, 0x06, 0x06, 0x08,
  0x00, 0x08, 0x00, 0xff, 0x80, 0xfd, 0x00, 0x01, 0x3f, 0x90, 0xfe, 0x00, 0x02, 0x16, 0x08, 0x10,
  0xff, 0x00, 0x01, 0x7f, 0x80, 0xfe, 0x00, 0x02, 0x02, 0x3f, 0xc0, 0xfe, 0x00, 0x06, 0x04, 0x0c,
  0x00, 0x02, 0x00, 0xbd, 0x84, 0xfd, 0x00, 0x01, 0x2f, 0xc0, 0xfe, 0x00, 0x06, 0x04, 0x08, 0x00,
  0x84, 0x00, 0x30, 0x80, 0xfd, 0x00, 0x01, 0x3f, 0x80, 0xfe, 0x00, 0x02, 0x04, 0x08, 0x10, 0xff,
  0x00, 0x00, 0x70, 0xfc, 0x00, 0x00, 0xe1, 0xfb, 0x00, 0x04, 0x90, 0x10, 0x00, 0x60, 0xc0, 0xfc,
  0x00, 0x00, 0xb0, 0xfe, 0x00, 0x06, 0x08, 0x01, 0x14, 0x00, 0xc0, 0x40, 0x80, 0xfd, 0x00, 0x01,
  0x60, 0x80, 0xfd, 0x00, 0x02, 0x05, 0xd0, 0x40, 0xfd, 0x00, 0x00, 0x08, 0xf8, 0x00, 0x01, 0xe0,
  0x40, 0xfe, 0x00, 0x01, 0x02, 0x80, 0xfa, 0x00, 0x02, 0x24, 0x00, 0x60, 0xf8, 0x00, 0x00, 0x40,
  0xff, 0x00, 0x00, 0x04, 0xfc, 0x00, 0x00, 0x80, 0xe7, 0x00, 0x00, 0x08, 0xfb, 0x00, 0x00, 0x20,
  0xff, 0x00, 0x00, 0x02, 0xff, 0x40, 0xf9, 0x00, 0x00, 0x80, 0xfb, 0x00, 0x00, 0x40, 0xfb, 0x00,
  0x00, 0x80, 0xf9, 0x00, 0x00, 0x40, 0xfc, 0x00, 0x00, 0x13, 0xfe, 0x00, 0x00, 0x20, 0xfe, 0x00,
  0x00, 0x02, 0xfa, 0x00, 0x02, 0x1f, 0x00, 0x01, 0xfc, 0x00, 0x00, 0x02, 0xfa, 0x00, 0x02, 0x1f,
  0x00, 0x01, 0xfc, 0x00, 0x00, 0x02, 0xfd, 0x00, 0x06, 0x02, 0x10, 0x00, 0x3f, 0x00, 0x01, 0x80,
  0xf8, 0x00, 0x00, 0x08, 0xff, 0x00, 0x02, 0x10, 0x00, 0x03, 0xfe, 0x00, 0x00, 0x02, 0xfb, 0x00,
  0x00, 0x08, 0xfe, 0x00, 0x02, 0x40, 0x3f, 0x80, 0xf8, 0x00, 0x01, 0x08, 0x14, 0xfe, 0x00, 0x01,
  0x03, 0xc0, 0xf8, 0x00, 0xff, 0x04, 0x04, 0x00, 0x14, 0x00, 0x03, 0xc0, 0xf8, 0x00, 0x00, 0x02,
  0xff, 0x00, 0x03, 0x1e, 0x00, 0x03, 0xc0, 0xff, 0x00, 0x02, 0x08, 0x00, 0x40, 0xfd, 0x00, 0x06,
  0x08, 0x20, 0x00, 0x1f, 0x00, 0x63, 0x80, 0xff, 0x00, 0x00, 0x0a, 0xfb, 0x00, 0x00, 0x19, 0xff,
  0x00, 0x08, 0x1f, 0x80, 0x43, 0x80, 0x20, 0x00, 0x1b, 0x20, 0x24, 0xfd, 0x00, 0x06, 0x19, 0xa0,
  0x00, 0x1f, 0xc0, 0x87, 0xc0, 0xff, 0x00, 0x02, 0x1b, 0x04, 0x30, 0xfd, 0x00, 0x0c, 0x31, 0xf4,
  0x00, 0x1f, 0xc3, 0x0f, 0xc0, 0x34, 0x00, 0x31, 0x01, 0x32, 0x40, 0xfe, 0x00, 0x07, 0x20, 0x7c,
  0x00, 0x1f, 0xc0, 0x07, 0xc0, 0x18, 0xff, 0x20, 0x01, 0x81, 0x12, 0xfd, 0x00, 0x0b, 0x20, 0x6c,
  0x00, 0x0f, 0xc0, 0x07, 0xc0, 0x40, 0x00, 0xe0, 0x82, 0x03, 0xfd, 0x00, 0x00, 0x20, 0xff, 0x00,
  0x03, 0x09, 0xc0, 0x07, 0xc0, 0xff, 0x00, 0x03, 0x60, 0x82, 0x07, 0x80, 0xfe, 0x00, 0x00, 0x20,
  0xfe, 0x00, 0x02, 0xc0, 0x07, 0xc0, 0xff, 0x00, 0x03, 0xc0, 0x80, 0x07, 0x80, 0xfa, 0x00, 0x02,
  0xc0, 0x07, 0xc0, 0xff, 0x00, 0x03, 0x40, 0x80, 0x07, 0x80, 0xfa, 0x00, 0x01, 0xe2, 0x04, 0xfe,
  0x00, 0x03, 0x40, 0x80, 0x04, 0x40, 0xfa, 0x00, 0x00, 0x34, 0xfe, 0x00, 0x02, 0x06, 0x00, 0x0c,
  0xf5, 0x00, 0x01, 0x01, 0x0e, 0xf3, 0x00, 0x01, 0x03, 0x08, 0xa3, 0x00, 0x01, 0x40, 0x03, 0xff,
  0x00, 0x00, 0xc0, 0xfc, 0x00, 0x00, 0x10, 0x84, 0x00, 0xaf, 0x00, 0x01, 0x01, 0xe0, 0xf8, 0x00,
  0x00, 0x08, 0xfd, 0x00, 0x04, 0x7b, 0xe0, 0x02, 0x00, 0x02, 0xfb, 0x00, 0x00, 0x1d, 0xfd, 0x00,
  0x02, 0x7b, 0xe0, 0x02, 0xff, 0x00, 0x01, 0x04, 0x60, 0xfe, 0x00, 0x01, 0x10, 0x19, 0xfd, 0x00,
  0x02, 0x7b, 0xf0, 0x82, 0xfc, 0x00, 0x04, 0x04, 0x00, 0x80, 0x1f, 0x40, 0xfe, 0x00, 0x01, 0x4f,
  0x74, 0xff, 0x00, 0x00, 0x08, 0xff, 0x00, 0x00, 0x40, 0xfe, 0x00, 0x00, 0x0e, 0xfd, 0x00, 0x01,
  0xcd, 0x7c, 0xfb, 0x00, 0x03, 0x80, 0x10, 0x00, 0x1c, 0xfd, 0x00, 0x03, 0xf9, 0x7c, 0x00, 0x40,
  0xfb, 0x00, 0x01, 0x80, 0x02, 0xfe, 0x00, 0x03, 0x01, 0xf9, 0xfa, 0x02, 0xfc, 0x00, 0x04, 0x04,
  0x00, 0x80, 0x86, 0x08, 0xff, 0x00, 0x05, 0x01, 0xf8, 0x18, 0x04, 0x08, 0x02, 0xf7, 0x00, 0x03,
  0x01, 0xf8, 0x08, 0x10, 0xff, 0x00, 0x00, 0x01, 0xff, 0x00, 0x00, 0x02, 0xff, 0x00, 0x00, 0x10,
  0xfe, 0x00, 0x06, 0x01, 0xc8, 0x08, 0x00, 0x04, 0x00, 0x01, 0xf8, 0x00, 0x01, 0x01, 0xd8, 0xff,
  0x00, 0x02, 0x84, 0x00, 0x0c, 0xff, 0x00, 0x00, 0x04, 0xfb, 0x00, 0x02, 0x01, 0xf8, 0x06, 0xfe,
  0x00, 0x00, 0x07, 0xfc, 0x00, 0x00, 0x1e, 0xfe, 0x00, 0x0c, 0x01, 0xf8, 0x07, 0xc0, 0x10, 0x02,
  0x17, 0x00, 0x04, 0x00, 0x08, 0x02, 0x7d, 0xfe, 0x00, 0x03, 0x05, 0xf0, 0x06, 0x42, 0xff, 0x00,
  0x00, 0x3f, 0xfd, 0x00, 0x02, 0x80, 0x17, 0x40, 0xff, 0x00, 0x06, 0x01, 0xe8, 0x00, 0x18, 0x40,
  0x00, 0x1e, 0xfc, 0x00, 0x00, 0x20, 0xfe, 0x00, 0x01, 0x01, 0xcc, 0xff, 0x00, 0x05, 0x40, 0x00,
  0x3c, 0x80, 0x00, 0x88, 0xff, 0x00, 0x01, 0x20, 0x40, 0xff, 0x00, 0x07, 0x01, 0xdc, 0x04, 0x20,
  0x00, 0x10, 0xff, 0x80, 0xfd, 0x00, 0x01, 0x20, 0x80, 0xff, 0x00, 0x03, 0x05, 0xf8, 0x07, 0xc0,
  0xff, 0x00, 0x01, 0x77, 0x80, 0xfd, 0x00, 0x01, 0x3f, 0x80, 0xff, 0x00, 0x03, 0x01, 0xf8, 0x07,
  0xe0, 0xff, 0x00, 0x01, 0xf7, 0x80, 0xfd, 0x00, 0x01, 0x7f, 0x80, 0xff, 0x00, 0x03, 0x01, 0xf8,
  0x05, 0xc0, 0xff, 0x00, 0x02, 0x5e, 0x80, 0x20, 0xfe, 0x00, 0x01, 0x2f, 0x80, 0xff, 0x00, 0x03,
  0x01, 0xcc, 0x01, 0xc0, 0xff, 0x00, 0x01, 0x1e, 0x80, 0xfd, 0x00, 0x00, 0x2f, 0xfe, 0x00, 0x07,
  0x01, 0xcc, 0x01, 0xe0, 0x80, 0x00, 0xfe, 0x80, 0xfd, 0x00, 0x01, 0x6f, 0xc0, 0xff, 0x00, 0x07,
  0x03, 0xec, 0x07, 0xb1, 0x00, 0x01, 0x7f, 0x80, 0xfe, 0x00, 0x02, 0x22, 0x7f, 0x88, 0xff, 0x00,
  0x07, 0x01, 0xf8, 0x04, 0x3d, 0x00, 0x01, 0x7f, 0x80, 0xfd, 0x00, 0x01, 0x3f, 0x80, 0xff, 0x00,
  0x0d, 0x01, 0xf8, 0x00, 0x3d, 0x00, 0x01, 0x7f, 0x80, 0x00, 0x80, 0x00, 0x42, 0x25, 0x80, 0xff,
  0x00, 0x07, 0x01, 0xec, 0x00, 0x1f, 0x00, 0x09, 0xfe, 0x80, 0xfc, 0x00, 0x00, 0x80, 0xff, 0x00,
  0x01, 0x01, 0xcc, 0xfe, 0x00, 0x04, 0x1b, 0xfc, 0x80, 0x00, 0x02, 0xff, 0x00, 0x00, 0x40, 0xfe,
  0x00, 0x09, 0x01, 0xec, 0x00, 0x10, 0x40, 0x7f, 0xfa, 0x88, 0x00, 0x06, 0xfb, 0x00, 0x09, 0x07,
  0xec, 0x00, 0x0b, 0x00, 0x62, 0xf1, 0x80, 0x00, 0x06, 0xff, 0x00, 0x00, 0x40, 0xfe, 0x00, 0x06,
  0x01, 0xfc, 0x00, 0x0b, 0x00, 0x62, 0xf0, 0xff, 0x00, 0x00, 0x06, 0xff, 0x00, 0x00, 0x40, 0xfe,
  0x00, 0x06, 0x07, 0xfc, 0x00, 0x01, 0x00, 0x62, 0xf0, 0xff, 0x00, 0x01, 0x0a, 0x00, 0xff, 0x40,
  0xfd, 0x00, 0x05, 0xcc, 0x00, 0x03, 0x40, 0x62, 0x5c, 0xff, 0x00, 0x01, 0x0a, 0x00, 0xff, 0x40,
  0xfe, 0x00, 0x0a, 0x01, 0xcc, 0x00, 0x07, 0xc0, 0x40, 0x0c, 0xa8, 0x00, 0x19, 0x20, 0xfb, 0x00,
  0x00, 0xec, 0xff, 0x00, 0x01, 0x88, 0xe0, 0xfe, 0x00, 0x04, 0x19, 0x04, 0x80, 0x00, 0x40, 0xff,
  0x00, 0x01, 0x0e, 0xfc, 0xff, 0x00, 0x08, 0xc3, 0xfc, 0x00, 0x40, 0x00, 0x39, 0x10, 0xc2, 0x40,
  0xfe, 0x00, 0x01, 0x1f, 0x7c, 0xff, 0x00, 0x07, 0x43, 0xfc, 0x00, 0x40, 0x20, 0x31, 0x80, 0xe2,
  0xfd, 0x00, 0x01, 0x1f, 0x6c, 0xff, 0x00, 0x01, 0x0b, 0xd0, 0xfe, 0x00, 0x03, 0xf1, 0x81, 0x33,
  0x40, 0xfe, 0x00, 0x00, 0x19, 0xfe, 0x00, 0x01, 0x43, 0xf0, 0xfe, 0x00, 0x04, 0x70, 0x81, 0x1f,
  0x80, 0x10, 0xff, 0x00, 0x00, 0x10, 0xfe, 0x00, 0x01, 0x03, 0xc0, 0xff, 0x00, 0x05, 0xd0, 0xe0,
  0x12, 0x0d, 0x80, 0x3c, 0xff, 0x00, 0x00, 0x20, 0xfe, 0x00, 0x06, 0x0b, 0xe0, 0x00, 0x02, 0xf0,
  0x40, 0x7a, 0xff, 0x00, 0x00, 0x7c, 0xff, 0x00, 0x00, 0x20, 0xfe, 0x00, 0x00, 0x11, 0xff, 0x00,
  0x03, 0x03, 0xf0, 0x00, 0x7c, 0xff, 0x00, 0x00, 0x7c, 0xff, 0x00, 0x00, 0x20, 0xfe, 0x00, 0x00,
  0x06, 0xff, 0x00, 0x03, 0x03, 0x50, 0x00, 0x0c, 0xff, 0x00, 0x00, 0x06, 0xf8, 0x00, 0x00, 0x03,
  0xfc, 0x00, 0x00, 0x02, 0xf8, 0x00, 0x00, 0x03, 0xa1, 0x00, 0x00, 0x12, 0x81, 0x00, 0xfb, 0x00,
  0x9f, 0x00, 0x04, 0x78, 0x10, 0x42, 0x00, 0x02, 0xf6, 0x00, 0x04, 0x7c, 0x10, 0x02, 0x00, 0x80,
  0xfb, 0x00, 0x00, 0x04, 0xfd, 0x00, 0x03, 0x7c, 0x00, 0x82, 0x10, 0xfd, 0x00, 0x00, 0x04, 0xfe,
  0x00, 0x00, 0x40, 0xfe, 0x00, 0x00, 0x4c, 0xff, 0x00, 0x00, 0x80, 0xf9, 0x00, 0x00, 0x40, 0xfe,
  0x00, 0x00, 0xce, 0xf9, 0x00, 0x00, 0x10, 0xfc, 0x00, 0x02, 0x08, 0xde, 0x80, 0xf4, 0x00, 0x03,
  0x01, 0xfe, 0x02, 0x82, 0xfe, 0x00, 0x02, 0x01, 0x00, 0x04, 0xff, 0x00, 0x01, 0x04, 0x10, 0xff,
  0x00, 0x02, 0x01, 0xff, 0xe3, 0xff, 0x00, 0x01, 0x02, 0x08, 0xfb, 0x00, 0x00, 0x10, 0xff, 0x00,
  0x03, 0x01, 0xcf, 0xf0, 0x10, 0xfc, 0x00, 0x00, 0x02, 0xff, 0x00, 0x00, 0x10, 0xfe, 0x00, 0x02,
  0x01, 0xcf, 0x74, 0xf9, 0x00, 0x01, 0x04, 0x10, 0xfe, 0x00, 0x02, 0x01, 0xdf, 0x78, 0xfc, 0x00,
  0x01, 0x40, 0x04, 0xfb, 0x00, 0x02, 0x01, 0xff, 0xfe, 0xf8, 0x00, 0x01, 0x02, 0x10, 0xff, 0x00,
  0x03, 0x01, 0xff, 0xcf, 0x40, 0xf5, 0x00, 0x03, 0x05, 0xff, 0xcf, 0xc0, 0xf9, 0x00, 0x01, 0x08,
  0x40, 0xff, 0x00, 0x03, 0x01, 0xef, 0x7d, 0xc8, 0xff, 0x00, 0x00, 0x22, 0xfc, 0x00, 0x00, 0x0f,
  0xfe, 0x00, 0x03, 0x01, 0xcf, 0x79, 0xe0, 0xfc, 0x00, 0x00, 0x08, 0xff, 0x00, 0x01, 0x0f, 0xc0,
  0xff, 0x00, 0x06, 0x05, 0xff, 0x7b, 0xc0, 0x00, 0x10, 0x80, 0xfc, 0x00, 0x01, 0x1f, 0x18, 0xff,
  0x00, 0x02, 0x01, 0xff, 0xf8, 0xf8, 0x00, 0x00, 0x40, 0xfe, 0x00, 0x03, 0x01, 0xff, 0xe8, 0x02,
  0xf8, 0x00, 0x00, 0x10, 0xff, 0x00, 0x02, 0x01, 0xef, 0xf8, 0xfc, 0x00, 0x00, 0x20, 0xfa, 0x00,
  0x06, 0x01, 0xcf, 0x78, 0x00, 0x02, 0x00, 0x20, 0xf8, 0x00, 0x02, 0x01, 0xcf, 0x7c, 0xf4, 0x00,
  0x03, 0x03, 0xef, 0x78, 0x02, 0xfd, 0x00, 0x00, 0x20, 0xfe, 0x00, 0x01, 0x02, 0x08, 0xff, 0x00,
  0x04, 0x01, 0xff, 0xfb, 0x02, 0x08, 0xfa, 0x00, 0x00, 0x02, 0xfe, 0x00, 0x00, 0x01, 0xff, 0xff,
  0x01, 0x82, 0x08, 0xfa, 0x00, 0x00, 0x1a, 0xfe, 0x00, 0x03, 0x01, 0xef, 0x3d, 0xa8, 0xf9, 0x00,
  0x00, 0x2f, 0xfe, 0x00, 0x03, 0x03, 0xcf, 0x3d, 0xe0, 0xff, 0x00, 0x00, 0x02, 0xfc, 0x00, 0x01,
  0x2f, 0x80, 0xff, 0x00, 0x03, 0x03, 0xcf, 0x7f, 0xf0, 0xff, 0x00, 0x00, 0x04, 0xfc, 0x00, 0x01,
  0x7f, 0x88, 0xff, 0x00, 0x08, 0x01, 0xef, 0xff, 0xeb, 0x08, 0x01, 0x0e, 0x01, 0x80, 0xfe, 0x00,
  0x01, 0x3f, 0x98, 0xff, 0x00, 0x00, 0x01, 0xfe, 0xff, 0x04, 0x00, 0x01, 0x0f, 0x81, 0x80, 0xfe,
  0x00, 0x01, 0x3f, 0x98, 0xff, 0x00, 0x07, 0x01, 0xff, 0xbd, 0xff, 0x00, 0x01, 0x0e, 0x80, 0xfd,
  0x00, 0x01, 0x27, 0x80, 0xfe, 0x00, 0x06, 0xff, 0x3d, 0xe4, 0x40, 0x01, 0xa2, 0x80, 0xfd, 0x00,
  0x01, 0x2f, 0x40, 0xff, 0x00, 0x0d, 0x01, 0xef, 0x3d, 0xe0, 0x40, 0x03, 0xf2, 0x08, 0x00, 0x02,
  0x00, 0x20, 0x7f, 0xc0, 0xfe, 0x00, 0x08, 0xe5, 0xbf, 0xff, 0x40, 0x06, 0xfe, 0xb0, 0x20, 0x06,
  0xff, 0x00, 0x01, 0x7f, 0xc0, 0xfe, 0x00, 0x00, 0xc1, 0xff, 0xff, 0x05, 0x00, 0x03, 0xff, 0xf4,
  0x00, 0x06, 0xff, 0x00, 0x01, 0x3f, 0x80, 0xfe, 0x00, 0x00, 0x81, 0xff, 0xff, 0x05, 0x80, 0x03,
  0xf3, 0xfc, 0x20, 0x0e, 0xff, 0x00, 0x01, 0x7f, 0x80, 0xff, 0x00, 0x0d, 0x02, 0x01, 0xbd, 0xff,
  0x80, 0x27, 0xf0, 0xf8, 0x01, 0x88, 0x00, 0x40, 0x27, 0x80, 0xfe, 0x00, 0x0c, 0x01, 0xfd, 0xff,
  0xc0, 0x07, 0xf0, 0x7c, 0x01, 0x89, 0x00, 0x60, 0x67, 0x90, 0xff, 0x00, 0x0d, 0x10, 0x01, 0xbd,
  0xff, 0x80, 0x3f, 0xc0, 0x78, 0xd0, 0x1b, 0x91, 0x32, 0x77, 0xfc, 0xfe, 0x00, 0x00, 0x01, 0xff,
  0xff, 0x09, 0xc8, 0x1f, 0xc0, 0x7e, 0xf0, 0x3f, 0xf9, 0xbf, 0xff, 0xfc, 0xfd, 0x00, 0x0b, 0x3f,
  0xff, 0xf0, 0xff, 0xc0, 0x7f, 0xf0, 0x7f, 0xff, 0xbf, 0xff, 0xfc, 0xff, 0x00, 0x0d, 0x20, 0x00,
  0x0c, 0xbf, 0x91, 0xbf, 0xc0, 0x4b, 0x02, 0x7f, 0xe7, 0x04, 0x30, 0x82, 0xfc, 0x00, 0x07, 0x38,
  0x06, 0x1f, 0xc0, 0x00, 0x08, 0x77, 0x86, 0xff, 0x00, 0x00, 0x02, 0xfc, 0x00, 0x03, 0x30, 0x02,
  0x0f, 0xc0, 0xff, 0x00, 0x00, 0x21, 0xab, 0x00, 0x00, 0x20, 0xfe, 0x00, 0x08, 0x80, 0x90, 0x42,
  0x02, 0x01, 0x10, 0x00, 0x10, 0x01, 0xfd, 0x00, 0x00, 0x80, 0x84, 0x00, 0x89, 0x00, 0x00, 0x40,
  0xf6, 0x00, 0x00, 0x02, 0xfe, 0x00, 0x00, 0x04, 0xf5, 0x00, 0x00, 0x80, 0xf9, 0x00, 0x00, 0x40,
  0xee, 0x00, 0x03, 0x20, 0x00, 0x10, 0x40, 0xf3, 0x00, 0x00, 0x80, 0xf4, 0x00, 0x01, 0x10, 0x01,
  0xfe, 0x00, 0x00, 0x08, 0xfd, 0x00, 0x00, 0x40, 0xfd, 0x00, 0x02, 0x04, 0x00, 0x80, 0xfd, 0x00,
  0x00, 0x08, 0xf1, 0x00, 0x00, 0x02, 0xfe, 0x00, 0x00, 0x10, 0xfc, 0x00, 0x00, 0x04, 0xee, 0x00,
  0x00, 0x08, 0xfc, 0x00, 0x00, 0x80, 0xfc, 0x00, 0x00, 0x30, 0xff, 0x00, 0x03, 0x02, 0x00, 0x40,
  0x04, 0xff, 0x00, 0x00, 0x02, 0xfb, 0x00, 0x00, 0x30, 0xff, 0x00, 0x00, 0xc0, 0xff, 0x00, 0x00,
  0x20, 0xff, 0x00, 0x00, 0x80, 0xf7, 0x00, 0x00, 0x40, 0xf2, 0x00, 0x00, 0xc0, 0xff, 0x00, 0x02,
  0x80, 0x00, 0x80, 0xfb, 0x00, 0x00, 0x80, 0xff, 0x00, 0x01, 0x41, 0x80, 0xd8, 0x00, 0x02, 0x04,
  0x00, 0x80, 0xfa, 0x00, 0x00, 0x20, 0xf8, 0x00, 0x00, 0x02, 0xfb, 0x00, 0x00, 0x04, 0xfb, 0x00,
  0x01, 0x44, 0x10, 0xf9, 0x00, 0x00, 0x02, 0xf9, 0x00, 0x00, 0x01, 0xfc, 0x00, 0x00, 0x20, 0xf8,
  0x00, 0x00, 0x03, 0xf3, 0x00, 0x01, 0x08, 0x01, 0xfe, 0x00, 0x03, 0x04, 0x00, 0x40, 0x10, 0xfe,
  0x00, 0x02, 0x04, 0x00, 0x40, 0xf8, 0x00, 0x00, 0x08, 0xf2, 0x00, 0x00, 0x0e, 0xfd, 0x00, 0x00,
  0x20, 0xff, 0x00, 0x02, 0x40, 0x00, 0x06, 0xfd, 0x00, 0x02, 0x20, 0x1e, 0x08, 0xff, 0x00, 0x01,
  0x04, 0x10, 0xff, 0x00, 0x04, 0x08, 0x00, 0x0f, 0x00, 0x80, 0xfe, 0x00, 0x01, 0x1a, 0x18, 0xff,
  0x00, 0x00, 0x04, 0xfe, 0x00, 0x04, 0x08, 0x00, 0x0f, 0x00, 0x80, 0xfe, 0x00, 0x01, 0x1a, 0x18,
  0xff, 0x00, 0x02, 0x06, 0x00, 0x40, 0xfe, 0x00, 0x01, 0x0e, 0x80, 0xfc, 0x00, 0x00, 0x08, 0xfe,
  0x00, 0x00, 0x10, 0xfd, 0x00, 0x01, 0x0e, 0x80, 0xfc, 0x00, 0x00, 0x08, 0xff, 0x00, 0x02, 0x08,
  0x00, 0x40, 0xfe, 0x00, 0x01, 0x0e, 0x80, 0xfd, 0x00, 0x00, 0x18, 0xfc, 0x00, 0x00, 0x80, 0xfe,
  0x00, 0x01, 0x2e, 0x84, 0xfd, 0x00, 0x01, 0x1f, 0x40, 0xff, 0x00, 0x02, 0x04, 0x00, 0xc0, 0xfe,
  0x00, 0x00, 0x1f, 0xfc, 0x00, 0x00, 0x1f, 0xfd, 0x00, 0x01, 0x41, 0xf8, 0xfe, 0x00, 0x00, 0x33,
  0xfd, 0x00, 0x01, 0x80, 0x3f, 0xfd, 0x00, 0x01, 0x81, 0xa0, 0xff, 0x00, 0x04, 0x09, 0x30, 0x84,
  0x01, 0x02, 0xff, 0x00, 0x00, 0x27, 0xfe, 0x00, 0x02, 0x19, 0x00, 0xc4, 0xff, 0x00, 0x03, 0x09,
  0xb0, 0x00, 0x01, 0xfe, 0x00, 0x00, 0x27, 0xfe, 0x00, 0x07, 0x20, 0x01, 0xb0, 0x00, 0x08, 0x03,
  0xc0, 0x04, 0xff, 0x00, 0x03, 0x0c, 0x40, 0x77, 0xc8, 0xff, 0x00, 0x02, 0x20, 0x01, 0xf8, 0xff,
  0x00, 0x01, 0x01, 0xc0, 0xfd, 0x00, 0x02, 0x40, 0x3f, 0x80, 0xff, 0x00, 0x02, 0x20, 0x00, 0x38,
  0xff, 0x00, 0x01, 0x07, 0xc0, 0xfd, 0x00, 0x02, 0x02, 0x3f, 0x80, 0xfd, 0x00, 0x0b, 0x09, 0x48,
  0x10, 0x27, 0xc0, 0x14, 0x54, 0x00, 0x08, 0x38, 0xb0, 0xbc, 0xfc, 0x00, 0x07, 0x38, 0x84, 0x1f,
  0xc0, 0x4f, 0x14, 0x06, 0x48, 0xff, 0x00, 0x00, 0x4c, 0xfc, 0x00, 0x07, 0x30, 0x02, 0x0f, 0xc0,
  0x02, 0x08, 0x01, 0x80, 0xff, 0x00, 0x00, 0x06, 0xf2, 0x00, 0x00, 0x02, 0xc2, 0x00, 0x00, 0x02,
  0xfc, 0x00, 0x08, 0x20, 0x04, 0x22, 0x00, 0x18, 0x02, 0x00, 0x80, 0x02, 0x81, 0x00, 0xfe, 0x00,
  0xaa, 0x00, 0x00, 0x08, 0xfb, 0x00, 0x00, 0x08, 0xfb, 0x00, 0x00, 0x10, 0xf2, 0x00, 0x03, 0x18,
  0x00, 0x17, 0xc0, 0xfc, 0x00, 0x00, 0x08, 0xfa, 0x00, 0x02, 0x08, 0x1f, 0x80, 0xf5, 0x00, 0x02,
  0x40, 0x00, 0x1c, 0xff, 0x00, 0x00, 0x08, 0xf7, 0x00, 0x02, 0xc0, 0x10, 0x0c, 0xf4, 0x00, 0x02,
  0x08, 0x00, 0x0c, 0xec, 0x00, 0x00, 0x10, 0xfd, 0x00, 0x00, 0x20, 0xfc, 0x00, 0x00, 0x40, 0xfd,
  0x00, 0x00, 0x10, 0xf7, 0x00, 0x00, 0x04, 0xfd, 0x00, 0x00, 0x10, 0xea, 0x00, 0x00, 0x04, 0xff,
  0x00, 0x00, 0x10, 0xff, 0x00, 0x00, 0x20, 0xf5, 0x00, 0x00, 0x40, 0xf4, 0x00, 0x00, 0x02, 0xfc,
  0x00, 0x01, 0x03, 0x02, 0xfb, 0x00, 0x00, 0x02, 0xf4, 0x00, 0x00, 0x20, 0xfd, 0x00, 0x00, 0x40,
  0xf2, 0x00, 0x00, 0xc0, 0xf7, 0x00, 0x00, 0x30, 0xfe, 0x00, 0x00, 0x40, 0xf2, 0x00, 0x00, 0x03,
  0xf5, 0x00, 0x00, 0x10, 0xee, 0x00, 0x01, 0x20, 0x08, 0xf9, 0x00, 0x00, 0x0a, 0xfe, 0x00, 0x00,
  0x02, 0xf6, 0x00, 0x00, 0x0a, 0xff, 0x40, 0xfe, 0x00, 0x00, 0x01, 0xff, 0x00, 0x00, 0x04, 0xfb,
  0x00, 0x00, 0x12, 0xfd, 0x00, 0x01, 0x01, 0x0c, 0xfd, 0x00, 0x00, 0x40, 0xfd, 0x00, 0x00, 0x0f,
  0xfe, 0x00, 0x02, 0x08, 0x02, 0x1f, 0xf8, 0x00, 0x00, 0x07, 0xff, 0x00, 0x00, 0x80, 0xff, 0x00,
  0x00, 0x3f, 0xf8, 0x00, 0x03, 0x06, 0x20, 0x40, 0x08, 0xff, 0x00, 0x01, 0x7e, 0x80, 0xff, 0x00,
  0x02, 0x20, 0x00, 0x08, 0xfd, 0x00, 0x02, 0x01, 0x3c, 0x10, 0xff, 0x00, 0x01, 0x7e, 0x80, 0xfd,
  0x00, 0x00, 0x0e, 0xfd, 0x00, 0x0c, 0x20, 0x78, 0x00, 0x40, 0x00, 0x38, 0x80, 0x00, 0x04, 0x00,
  0x20, 0x06, 0x08, 0xff, 0x00, 0x02, 0x04, 0x00, 0xf0, 0xfe, 0x00, 0x01, 0x30, 0x80, 0xff, 0x00,
  0x03, 0x10, 0x00, 0x1a, 0x18, 0xff, 0x00, 0x02, 0x04, 0x00, 0xe0, 0xfe, 0x00, 0x01, 0x30, 0x80,
  0xfe, 0x00, 0x02, 0x80, 0x1a, 0x18, 0xff, 0x00, 0x02, 0x06, 0x10, 0xc0, 0xff, 0x00, 0x02, 0x01,
  0x30, 0x01, 0xfd, 0x00, 0x01, 0x02, 0x08, 0xff, 0x00, 0x03, 0x06, 0x20, 0x00, 0x08, 0xff, 0x00,
  0x00, 0xf0, 0xfc, 0x00, 0x01, 0x0f, 0xc8, 0xff, 0x00, 0x03, 0x0e, 0x20, 0x00, 0x18, 0xff, 0x00,
  0x00, 0x70, 0xfc, 0x00, 0x01, 0x07, 0x40, 0xff, 0x00, 0x02, 0x18, 0x08, 0x02, 0xff, 0x00, 0x01,
  0x01, 0x10, 0xfd, 0x00, 0x02, 0x82, 0x00, 0x08, 0xff, 0x00, 0x02, 0x3b, 0x81, 0x38, 0xfe, 0x00,
  0x01, 0x20, 0x80, 0xfd, 0x00, 0x00, 0x1f, 0xfe, 0x00, 0x08, 0x3f, 0xc0, 0x03, 0xc0, 0x08, 0x01,
  0x00, 0x80, 0x20, 0xfe, 0x00, 0x00, 0x25, 0xfe, 0x00, 0x07, 0x3d, 0x80, 0x1d, 0xef, 0x48, 0x00,
  0xc0, 0x04, 0xfd, 0x00, 0x00, 0x21, 0xfe, 0x00, 0x06, 0x20, 0x01, 0x39, 0xef, 0x40, 0x02, 0x40,
  0xff, 0x00, 0x00, 0x80, 0xf9, 0x00, 0x03, 0x0d, 0xff, 0x40, 0x2c, 0xfd, 0x00, 0x03, 0x10, 0x40,
  0x00, 0x80, 0xfd, 0x00, 0x03, 0x07, 0xff, 0x00, 0x06, 0xfc, 0x00, 0x00, 0x40, 0xfb, 0x00, 0x01,
  0x07, 0xff, 0xfa, 0x00, 0x02, 0x80, 0x00, 0x40, 0xfd, 0x00, 0x0b, 0x05, 0xf7, 0x81, 0x08, 0x00,
  0x01, 0x50, 0x80, 0x10, 0x30, 0x00, 0x38, 0xfb, 0x00, 0x00, 0x82, 0xff, 0x00, 0x03, 0x33, 0x10,
  0x8e, 0x10, 0xff, 0x00, 0x00, 0x4c, 0xf8, 0x00, 0x03, 0x42, 0x00, 0x57, 0x40, 0xff, 0x00, 0x00,
  0x06, 0xf5, 0x00, 0x00, 0x80, 0xff, 0x00, 0x00, 0x02, 0xc2, 0x00, 0x00, 0x04, 0xf8, 0x00, 0x02,
  0x10, 0x00, 0x02, 0xff, 0x00, 0x00, 0x48, 0x81, 0x00, 0xff, 0x00, 0xaa, 0x00, 0x00, 0x08, 0xfb,
  0x00, 0x00, 0x08, 0xfb, 0x00, 0x02, 0x10, 0x00, 0x04, 0xfc, 0x00, 0x00, 0x44, 0xfb, 0x00, 0x00,
  0x40, 0xff, 0x00, 0x01, 0x1f, 0x80, 0xf4, 0x00, 0x04, 0x08, 0x1e, 0x88, 0x01, 0x80, 0xf9, 0x00,
  0x04, 0x04, 0x00, 0x40, 0x10, 0x7c, 0xf6, 0x00, 0x04, 0x04, 0x00, 0xc0, 0x00, 0xcc, 0xf6, 0x00,
  0x00, 0x80, 0xff, 0x00, 0x01, 0x01, 0x04, 0xf6, 0x00, 0x04, 0xd0, 0x40, 0x00, 0x01, 0x08, 0xfc,
  0x00, 0x00, 0x04, 0xfc, 0x00, 0x00, 0xf0, 0xff, 0x00, 0x00, 0x02, 0xf5, 0x00, 0x00, 0x50, 0xfd,
  0x00, 0x00, 0x04, 0xf9, 0x00, 0x02, 0x02, 0x00, 0x44, 0xf7, 0x00, 0x00, 0x04, 0xfe, 0x00, 0xff,
  0x40, 0xfe, 0x00, 0x00, 0x01, 0xf2, 0x00, 0x00, 0x08, 0xfc, 0x00, 0x00, 0x02, 0xfe, 0x00, 0x00,
  0x04, 0xf8, 0x00, 0x03, 0x08, 0x03, 0x00, 0x20, 0xff, 0x00, 0x00, 0x04, 0xfd, 0x00, 0x03, 0x80,
  0x00, 0x04, 0x10, 0xf8, 0x00, 0x04, 0x84, 0x00, 0x80, 0x00, 0x40, 0xf6, 0x00, 0x02, 0x80, 0x00,
  0x80, 0xf9, 0x00, 0x00, 0x40, 0xff, 0x00, 0x05, 0x04, 0x30, 0x00, 0x1b, 0x00, 0x40, 0xfa, 0x00,
  0x00, 0x08, 0xfc, 0x00, 0x02, 0x1d, 0x80, 0x03, 0xfa, 0x00, 0x00, 0x08, 0xfc, 0x00, 0x00, 0x1d,
  0xf2, 0x00, 0x00, 0x1f, 0xff, 0x00, 0x02, 0x01, 0x00, 0x21, 0xfd, 0x00, 0x00, 0x80, 0xff, 0x00,
  0x06, 0x0a, 0x00, 0x40, 0x00, 0x80, 0x00, 0x0e, 0xf8, 0x00, 0x06, 0x0a, 0x41, 0x70, 0x10, 0x40,
  0x00, 0x1f, 0xff, 0x00, 0x00, 0x04, 0xff, 0x00, 0x00, 0x02, 0xfe, 0x00, 0x06, 0x12, 0x00, 0x50,
  0x52, 0x08, 0x01, 0x13, 0xfc, 0x00, 0x00, 0x02, 0xfe, 0x00, 0x06, 0x0f, 0x00, 0xc0, 0x5a, 0x00,
  0x02, 0x20, 0xfc, 0x00, 0x00, 0x02, 0xfe, 0x00, 0x03, 0x07, 0x00, 0x80, 0xd8, 0xfd, 0x00, 0x01,
  0x20, 0x80, 0xff, 0x00, 0x00, 0x08, 0xfc, 0x00, 0x05, 0x40, 0x18, 0x00, 0x60, 0x00, 0x80, 0xfd,
  0x00, 0x01, 0x0e, 0x40, 0xff, 0x00, 0x07, 0x0a, 0x01, 0x78, 0x10, 0x02, 0x70, 0x00, 0x80, 0xfd,
  0x00, 0x01, 0x0e, 0x40, 0xff, 0x00, 0x07, 0x02, 0x00, 0x78, 0x00, 0x40, 0x60, 0x00, 0x09, 0xfd,
  0x00, 0x01, 0x16, 0x08, 0xff, 0x00, 0x02, 0x06, 0x00, 0xf0, 0xff, 0x00, 0x00, 0x60, 0xfa, 0x00,
  0x00, 0x18, 0xff, 0x00, 0x02, 0x07, 0x00, 0xe0, 0xff, 0x00, 0x00, 0x40, 0xfa, 0x00, 0x00, 0x18,
  0xff, 0x00, 0x02, 0x0f, 0x00, 0x10, 0xff, 0x00, 0x00, 0x01, 0xfb, 0x00, 0x01, 0x02, 0x08, 0xff,
  0x00, 0x06, 0x0f, 0x81, 0x30, 0x18, 0x40, 0x00, 0x80, 0xfc, 0x00, 0x01, 0x04, 0x48, 0xff, 0x00,
  0x04, 0x1f, 0x83, 0x74, 0x0e, 0x40, 0xfa, 0x00, 0x01, 0x04, 0x08, 0xff, 0x00, 0x04, 0x21, 0x81,
  0x38, 0x4f, 0x40, 0xfb, 0x00, 0x02, 0x80, 0x04, 0x08, 0xfe, 0x00, 0x04, 0x3c, 0x03, 0x7f, 0x00,
  0x60, 0xfb, 0x00, 0x00, 0x1b, 0xfd, 0x00, 0x04, 0x6c, 0x04, 0x3f, 0x88, 0x61, 0xff, 0x00, 0x00,
  0x20, 0xfe, 0x00, 0x00, 0x05, 0xfd, 0x00, 0x05, 0x4c, 0x00, 0x10, 0xc1, 0xf0, 0xc0, 0xff, 0x00,
  0x04, 0x80, 0x10, 0x00, 0x01, 0x52, 0xfe, 0x00, 0x04, 0x04, 0x01, 0xd0, 0x81, 0xfa, 0xfe, 0x00,
  0x01, 0x02, 0x10, 0xff, 0x00, 0x00, 0xd0, 0xfd, 0x00, 0x0b, 0x01, 0x80, 0xcb, 0xd0, 0x00, 0x1c,
  0x00, 0x02, 0x00, 0x40, 0x00, 0x90, 0xfd, 0x00, 0x03, 0x04, 0x00, 0x83, 0xfa, 0xfd, 0x00, 0x01,
  0x10, 0x40, 0xf9, 0x00, 0x02, 0x83, 0xff, 0xc0, 0xfd, 0x00, 0x02, 0xc2, 0x00, 0x40, 0xfb, 0x00,
  0x05, 0x32, 0x92, 0xc0, 0x05, 0x17, 0x86, 0xff, 0x30, 0x01, 0x00, 0x04, 0xf8, 0x00, 0x03, 0x7e,
  0x04, 0xff, 0xde, 0xf5, 0x00, 0x03, 0x42, 0x08, 0x77, 0xc0, 0xf2, 0x00, 0x00, 0x80, 0xc1, 0x00,
  0x00, 0x08, 0xfb, 0x00, 0x00, 0x04, 0xff, 0x00, 0x03, 0x24, 0x40, 0x00, 0xa0, 0xff, 0x00, 0x01,
  0x10, 0x40, 0x81, 0x00, 0xff, 0x00, 0x9d, 0x00, 0x03, 0xc0, 0x10, 0x00, 0x08, 0xd3, 0x00, 0x00,
  0x10, 0xef, 0x00, 0x00, 0x02, 0xfa, 0x00, 0x02, 0x08, 0x00, 0x80, 0xf2, 0x00, 0xff, 0xc0, 0xfe,
  0x00, 0x00, 0x60, 0xf8, 0x00, 0x02, 0x30, 0xf1, 0x80, 0xfe, 0x00, 0x00, 0x20, 0xf8, 0x00, 0x01,
  0x20, 0x50, 0xf9, 0x00, 0x00, 0x04, 0xfd, 0x00, 0x03, 0x02, 0x00, 0x41, 0xc0, 0xf4, 0x00, 0x02,
  0x50, 0x45, 0xe0, 0xfd, 0x00, 0x00, 0x01, 0xfa, 0x00, 0x03, 0x04, 0x10, 0x07, 0xc0, 0xf3, 0x00,
  0x01, 0x87, 0x40, 0xf5, 0x00, 0x0a, 0x02, 0x00, 0xc3, 0x80, 0x00, 0x80, 0x00, 0x04, 0x10, 0x00,
  0x08, 0xfa, 0x00, 0x00, 0xc6, 0xfe, 0x00, 0x00, 0x40, 0xf7, 0x00, 0x01, 0x01, 0xfa, 0xf3, 0x00,
  0x04, 0x01, 0xf8, 0x19, 0x00, 0x01, 0xf7, 0x00, 0x04, 0x04, 0x10, 0x30, 0x1d, 0x98, 0xf9, 0x00,
  0x00, 0x08, 0xff, 0x00, 0x00, 0x04, 0xff, 0x10, 0x00, 0x1d, 0xf8, 0x00, 0x00, 0x10, 0xff, 0x00,
  0x00, 0x02, 0xff, 0x00, 0x00, 0x1f, 0xff, 0x00, 0x00, 0x41, 0xff, 0x00, 0x00, 0x80, 0xfb, 0x00,
  0x02, 0x0b, 0x00, 0x40, 0xfe, 0x00, 0x00, 0x0e, 0xff, 0x00, 0x00, 0x08, 0xfb, 0x00, 0x02, 0x0b,
  0x01, 0x70, 0xfe, 0x00, 0x00, 0xdf, 0xf8, 0x00, 0x03, 0x0b, 0x00, 0x50, 0x12, 0xff, 0x00, 0x00,
  0x1f, 0xfd, 0x00, 0x01, 0x40, 0x1a, 0xfc, 0x00, 0x04, 0xc0, 0x1a, 0x10, 0x00, 0x3f, 0xfc, 0x00,
  0x00, 0x1e, 0xfc, 0x00, 0x04, 0x80, 0x18, 0x10, 0x00, 0x3b, 0xfc, 0x00, 0x00, 0x07, 0xfe, 0x00,
  0x00, 0x02, 0xff, 0x00, 0x02, 0x42, 0x00, 0x60, 0xfb, 0x00, 0x01, 0x01, 0x40, 0xff, 0x00, 0x00,
  0x0a, 0xff, 0x00, 0x04, 0x0f, 0xc2, 0x68, 0x00, 0x80, 0xfd, 0x00, 0x01, 0x01, 0x40, 0xff, 0x00,
  0x00, 0x02, 0xff, 0x00, 0x0a, 0x1f, 0x00, 0x60, 0x00, 0x08, 0x00, 0x80, 0x10, 0x00, 0x10, 0x08,
  0xff, 0x00, 0x05, 0x06, 0x10, 0x00, 0x0f, 0x08, 0x60, 0xfa, 0x00, 0x00, 0x18, 0xff, 0x00, 0x00,
  0x07, 0xff, 0x00, 0x02, 0x02, 0x08, 0x40, 0xfa, 0x00, 0x00, 0x18, 0xff, 0x00, 0x08, 0x0b, 0x00,
  0x20, 0x08, 0x40, 0x01, 0x00, 0x20, 0x01, 0xff, 0x00, 0x00, 0x04, 0xff, 0x08, 0xff, 0x00, 0x06,
  0x09, 0x81, 0x34, 0x10, 0x80, 0x00, 0x80, 0xfc, 0x00, 0x01, 0x0b, 0x08, 0xff, 0x00, 0x03, 0x19,
  0x83, 0x30, 0x1e, 0xff, 0x00, 0x00, 0x80, 0xfb, 0x00, 0x00, 0x48, 0xff, 0x00, 0x08, 0x39, 0x80,
  0x05, 0x8f, 0x00, 0x41, 0xc0, 0x00, 0x20, 0xff, 0x00, 0x01, 0xa2, 0x09, 0xfe, 0x00, 0x06, 0x3f,
  0x80, 0x04, 0x9f, 0x00, 0x07, 0xc0, 0xfc, 0x00, 0x00, 0x0b, 0xfe, 0x00, 0x0c, 0x3f, 0x90, 0x00,
  0x0f, 0x89, 0x9f, 0xc0, 0x00, 0x20, 0x00, 0x30, 0x00, 0x05, 0xfe, 0x00, 0x01, 0x30, 0xb0, 0xff,
  0x00, 0x02, 0xba, 0x0e, 0xc0, 0xfe, 0x00, 0x03, 0x20, 0x00, 0x01, 0x52, 0xfe, 0x00, 0x09, 0x78,
  0x01, 0xc0, 0xbe, 0x0a, 0x00, 0x1c, 0x00, 0x02, 0x28, 0xff, 0x00, 0x00, 0xd0, 0xfe, 0x00, 0x03,
  0x68, 0x01, 0x80, 0x3e, 0xff, 0x00, 0x06, 0x20, 0x00, 0x99, 0xe4, 0x70, 0x00, 0xd0, 0xfd, 0x00,
  0x0a, 0x04, 0x00, 0x7d, 0x0a, 0x00, 0x7f, 0xb6, 0xff, 0x28, 0xc3, 0xc0, 0xfa, 0x00, 0x03, 0x7c,
  0x1f, 0xc0, 0x7f, 0xff, 0xff, 0x02, 0xf8, 0xff, 0xc0, 0xfa, 0x00, 0x09, 0x34, 0x02, 0xc0, 0x5b,
  0x18, 0x79, 0xcb, 0x3c, 0x80, 0x24, 0xf8, 0x00, 0x01, 0x02, 0x08, 0xfd, 0x00, 0x00, 0x44, 0xf8,
  0x00, 0x00, 0x02, 0xfc, 0x00, 0x00, 0x06, 0xf2, 0x00, 0x00, 0x02, 0xf2, 0x00, 0x00, 0x02, 0xd4,
  0x00, 0x00, 0x08, 0xfb, 0x00, 0xff, 0x04, 0x00, 0x20, 0xfe, 0x00, 0x00, 0x20, 0xff, 0x00, 0x00,
  0x10, 0x81, 0x00, 0xfe, 0x00, 0xa4, 0x00, 0x01, 0x02, 0x08, 0xfc, 0x00, 0x00, 0xc2, 0xfe, 0x00,
  0x00, 0x20, 0xfd, 0x00, 0x01, 0x04, 0x08, 0xfc, 0x00, 0x00, 0x82, 0xfe, 0x00, 0x00, 0x60, 0xf7,
  0x00, 0x00, 0x80, 0xfc, 0x00, 0x01, 0x21, 0x80, 0xfe, 0x00, 0x00, 0x40, 0xfd, 0x00, 0x00, 0x04,
  0xfe, 0x00, 0x00, 0x20, 0xff, 0x00, 0x00, 0x08, 0xfe, 0x00, 0x00, 0x40, 0xfd, 0x00, 0x00, 0x02,
  0xfe, 0x00, 0x03, 0x80, 0x10, 0x02, 0x08, 0xfb, 0x00, 0x00, 0x08, 0xfe, 0x00, 0x00, 0x08, 0xff,
  0x00, 0x00, 0x20, 0xfd, 0x00, 0x00, 0x02, 0xfc, 0x00, 0x03, 0x10, 0x00, 0x08, 0x02, 0xfe, 0x00,
  0x00, 0x04, 0xff, 0x00, 0x00, 0x16, 0xfa, 0x00, 0x00, 0x20, 0xfd, 0x00, 0x02, 0x04, 0x00, 0x40,
  0xfc, 0x00, 0x00, 0x20, 0xfd, 0x00, 0x00, 0x01, 0xf6, 0x00, 0x06, 0x05, 0xc0, 0x06, 0x00, 0xc3,
  0x10, 0x02, 0xfd, 0x00, 0x00, 0x04, 0xfe, 0x00, 0x06, 0x10, 0x85, 0xe0, 0x02, 0x00, 0x42, 0x08,
  0xf9, 0x00, 0x07, 0x04, 0x10, 0x07, 0xc0, 0x00, 0x40, 0x04, 0x40, 0xfd, 0x00, 0x01, 0x80, 0x10,
  0xff, 0x00, 0x06, 0x04, 0x00, 0x85, 0xc6, 0x00, 0xc2, 0x14, 0xfb, 0x00, 0x00, 0x10, 0xff, 0x00,
  0x09, 0x06, 0x00, 0xc1, 0x84, 0x10, 0x00, 0x0f, 0x80, 0x00, 0x04, 0xfa, 0x00, 0x08, 0x30, 0x46,
  0x20, 0x80, 0x00, 0x40, 0x00, 0x40, 0x0c, 0xff, 0x00, 0x00, 0x10, 0xfd, 0x00, 0x08, 0x11, 0x7b,
  0xe0, 0x00, 0x18, 0x80, 0x00, 0x62, 0x0c, 0xff, 0x00, 0x00, 0x10, 0xfe, 0x00, 0x05, 0x04, 0x01,
  0x7f, 0xc2, 0x00, 0x40, 0xfa, 0x00, 0x00, 0x10, 0xff, 0x00, 0x05, 0x04, 0x10, 0x36, 0xc0, 0x10,
  0x40, 0xfa, 0x00, 0x00, 0x08, 0xff, 0x00, 0x05, 0x04, 0x10, 0x17, 0xc0, 0x00, 0x40, 0xfa, 0x00,
  0x00, 0x10, 0xff, 0x00, 0x02, 0x02, 0x00, 0x04, 0xfe, 0x00, 0x00, 0x40, 0xff, 0x00, 0x00, 0x80,
  0xfb, 0x00, 0x00, 0x0b, 0xfe, 0x00, 0x02, 0x82, 0x00, 0x02, 0xff, 0x00, 0x00, 0x08, 0xfb, 0x00,
  0x0b, 0x0b, 0x00, 0x04, 0x00, 0x02, 0x00, 0xc0, 0x04, 0x01, 0x04, 0x10, 0x02, 0xfd, 0x00, 0x03,
  0x0f, 0x00, 0x80, 0x02, 0xfe, 0x00, 0x05, 0x04, 0x00, 0x80, 0x00, 0x42, 0x1a, 0xfb, 0x00, 0x01,
  0x92, 0x10, 0xfa, 0x00, 0x00, 0x1e, 0xfb, 0x00, 0x01, 0x1c, 0x10, 0xff, 0x01, 0xfd, 0x00, 0x01,
  0x02, 0x0f, 0xfc, 0x00, 0x01, 0x30, 0x04, 0xfb, 0x00, 0x02, 0x20, 0x04, 0x0f, 0xfb, 0x00, 0x04,
  0x03, 0xc0, 0x10, 0x00, 0x80, 0xff, 0x00, 0x02, 0x10, 0x04, 0x07, 0xfd, 0x00, 0x02, 0x20, 0x00,
  0x07, 0xfe, 0x00, 0x06, 0x81, 0x00, 0x04, 0x00, 0x80, 0x04, 0x08, 0xfe, 0x00, 0x06, 0x10, 0x00,
  0x0f, 0x08, 0x40, 0x00, 0x80, 0xfe, 0x00, 0x02, 0x40, 0x9a, 0x18, 0xfc, 0x00, 0x04, 0x01, 0x00,
  0x40, 0x20, 0x80, 0xfe, 0x00, 0x02, 0x80, 0x1a, 0x18, 0xfe, 0x00, 0x07, 0x10, 0x90, 0x13, 0x40,
  0x01, 0x00, 0x21, 0x01, 0xfe, 0x00, 0x01, 0x08, 0x48, 0xff, 0x00, 0x06, 0x02, 0x00, 0x44, 0x00,
  0x80, 0x00, 0x80, 0xfb, 0x00, 0x00, 0x48, 0xff, 0x00, 0x02, 0x02, 0x20, 0xc4, 0xfe, 0x00, 0x00,
  0xe0, 0xfd, 0x00, 0x02, 0x20, 0x0b, 0x48, 0xff, 0x00, 0x08, 0x02, 0x03, 0xfd, 0x80, 0x40, 0x41,
  0xe0, 0x04, 0x20, 0xff, 0x00, 0x01, 0xa2, 0x12, 0xfd, 0x00, 0x05, 0x03, 0xfc, 0xa0, 0x00, 0x67,
  0xc0, 0xfc, 0x00, 0x00, 0x10, 0xfd, 0x00, 0x04, 0x03, 0xf8, 0x30, 0x09, 0xfe, 0xfd, 0x00, 0x03,
  0x20, 0x80, 0x0a, 0x40, 0xff, 0x00, 0x05, 0x0f, 0x13, 0x30, 0x3f, 0x3b, 0xbe, 0xfd, 0x00, 0x02,
  0x30, 0x00, 0x0e, 0xfe, 0x00, 0x04, 0x3f, 0xb3, 0x20, 0x09, 0x7f, 0xff, 0x00, 0x05, 0x1c, 0x00,
  0x02, 0x38, 0x40, 0x2f, 0xfe, 0x00, 0x01, 0x3d, 0x87, 0xff, 0x00, 0x08, 0xb5, 0x8c, 0x00, 0x38,
  0x00, 0x99, 0xe8, 0x90, 0xb7, 0xfe, 0x00, 0x01, 0x3f, 0xef, 0xff, 0x00, 0x09, 0xf6, 0x86, 0x00,
  0x7b, 0xb6, 0xf9, 0x38, 0xc3, 0xb1, 0x98, 0xff, 0x00, 0x01, 0x3f, 0xff, 0xff, 0x00, 0x09, 0x67,
  0x97, 0xc0, 0x53, 0xdf, 0xf1, 0xf8, 0x38, 0x00, 0xf8, 0xff, 0x00, 0x01, 0x3f, 0xff, 0xfe, 0x00,
  0x08, 0x07, 0xc0, 0x03, 0x1f, 0xe0, 0xeb, 0x38, 0x00, 0x20, 0xff, 0x00, 0x01, 0x31, 0xee, 0xfc,
  0x00, 0x06, 0x02, 0x1f, 0xf0, 0x06, 0x10, 0x00, 0x44, 0xff, 0x00, 0x01, 0x20, 0x04, 0xfc, 0x00,
  0x02, 0x02, 0x08, 0x60, 0xfe, 0x00, 0x00, 0x04, 0xf7, 0x00, 0x00, 0x08, 0xb4, 0x00, 0x02, 0x40,
  0x10, 0xa0, 0xff, 0x00, 0x00, 0x10, 0x81, 0x00, 0xfe, 0x00, 0x9c, 0x00, 0x01, 0x08, 0x43, 0xfb,
  0x00, 0x01, 0x82, 0x10, 0xfa, 0x00, 0x00, 0xc3, 0xfb, 0x00, 0x01, 0x82, 0x10, 0xfd, 0x00, 0x00,
  0x80, 0xfe, 0x00, 0x02, 0x01, 0x0c, 0x20, 0xfd, 0x00, 0x00, 0x40, 0xff, 0x00, 0x0d, 0x04, 0x00,
  0x84, 0x10, 0x00, 0x08, 0x43, 0x0c, 0x01, 0x80, 0x00, 0x06, 0x00, 0x40, 0xff, 0x00, 0x0b, 0x0c,
  0x00, 0x80, 0x10, 0x00, 0x18, 0x43, 0x08, 0x41, 0x04, 0x00, 0x06, 0xfd, 0x00, 0x00, 0x04, 0xfc,
  0x00, 0x05, 0x08, 0x00, 0x20, 0x04, 0x00, 0x80, 0xf9, 0x00, 0x03, 0x10, 0x00, 0x08, 0x01, 0xfe,
  0x00, 0x00, 0x80, 0xfa, 0x00, 0x01, 0x02, 0x10, 0xfe, 0x00, 0x00, 0x20, 0xff, 0x00, 0x01, 0x80,
  0x10, 0xfd, 0x00, 0x0a, 0x20, 0x80, 0x10, 0x40, 0x00, 0x01, 0x08, 0x01, 0x80, 0x30, 0x06, 0xfd,
  0x00, 0x0a, 0x08, 0x00, 0x80, 0x00, 0xc0, 0x00, 0x01, 0x08, 0x41, 0x88, 0x30, 0xfc, 0x00, 0x04,
  0x08, 0x00, 0x02, 0x00, 0xc0, 0xf0, 0x00, 0x01, 0x0c, 0x20, 0xf7, 0x00, 0x05, 0x02, 0x00, 0x10,
  0x02, 0x1c, 0x60, 0xfd, 0x00, 0x00, 0x80, 0xfc, 0x00, 0x0b, 0x02, 0x00, 0x10, 0x00, 0x0f, 0x80,
  0x20, 0x80, 0x10, 0x82, 0x00, 0x40, 0xff, 0x00, 0x0d, 0x04, 0x00, 0x06, 0x30, 0x40, 0x00, 0x02,
  0x0c, 0x21, 0x80, 0x30, 0x02, 0x00, 0xc0, 0xff, 0x00, 0x03, 0x0c, 0x00, 0x07, 0xf0, 0xff, 0x00,
  0x04, 0x40, 0x18, 0x03, 0x00, 0x20, 0xfa, 0x00, 0x01, 0x87, 0xc0, 0xf3, 0x00, 0x04, 0x06, 0xc2,
  0x08, 0x00, 0x08, 0xfb, 0x00, 0x00, 0x10, 0xfd, 0x00, 0x01, 0x07, 0xc2, 0xff, 0x00, 0x00, 0x08,
  0xf8, 0x00, 0x07, 0x04, 0x00, 0x84, 0x00, 0x40, 0x00, 0x01, 0x08, 0xfc, 0x00, 0x00, 0xc0, 0xfe,
  0x00, 0x00, 0x08, 0xff, 0x00, 0x02, 0x40, 0x00, 0x43, 0xfb, 0x00, 0x00, 0xc0, 0xff, 0x00, 0x03,
  0x04, 0x0c, 0x00, 0x10, 0xfe, 0x00, 0x05, 0x08, 0x20, 0x80, 0x00, 0x80, 0x10, 0xfd, 0x00, 0x04,
  0x20, 0x00, 0x02, 0x08, 0x01, 0xf6, 0x00, 0x04, 0x30, 0x00, 0x12, 0x08, 0x03, 0xf6, 0x00, 0x09,
  0x30, 0x00, 0x1c, 0x08, 0x00, 0x05, 0x00, 0x20, 0x00, 0x10, 0xfc, 0x00, 0x03, 0x04, 0x00, 0xb0,
  0x1e, 0xff, 0x00, 0x05, 0x7f, 0x0c, 0x01, 0x80, 0x10, 0x02, 0xfd, 0x00, 0x0c, 0x04, 0x00, 0x80,
  0x1c, 0x00, 0x08, 0x7f, 0x0c, 0x01, 0x80, 0x00, 0x02, 0x08, 0xfe, 0x00, 0x03, 0x04, 0x10, 0x80,
  0x18, 0xff, 0x00, 0x02, 0x3f, 0x04, 0x20, 0xff, 0x00, 0x01, 0x62, 0x1a, 0xfa, 0x00, 0x03, 0x08,
  0x40, 0x3f, 0x01, 0xfe, 0x00, 0x01, 0x02, 0x9a, 0xfb, 0x00, 0x04, 0x03, 0x00, 0x40, 0x1f, 0x01,
  0xff, 0x00, 0x02, 0x10, 0x02, 0x1a, 0xfe, 0x00, 0x03, 0x04, 0x00, 0x61, 0x9b, 0xff, 0x00, 0x05,
  0x3f, 0x84, 0x20, 0x84, 0x10, 0x86, 0xfd, 0x00, 0x0c, 0x04, 0x30, 0x85, 0xd8, 0x40, 0x00, 0x7f,
  0x8c, 0x21, 0x84, 0x10, 0x86, 0x0e, 0xfe, 0x00, 0x0c, 0x04, 0x10, 0x05, 0xd0, 0x40, 0x00, 0x1f,
  0x8c, 0x21, 0x84, 0x10, 0xc2, 0x0f, 0xfe, 0x00, 0x07, 0x04, 0x10, 0x05, 0x80, 0x08, 0x00, 0x1f,
  0x84, 0xfe, 0x00, 0x01, 0x40, 0x1f, 0xfc, 0x00, 0x01, 0x03, 0x40, 0xff, 0x00, 0x01, 0x37, 0x80,
  0xfd, 0x00, 0x00, 0x1f, 0xfc, 0x00, 0x06, 0x07, 0xc0, 0x00, 0x01, 0xf3, 0x80, 0x20, 0xfe, 0x00,
  0x01, 0x0f, 0x48, 0xfe, 0x00, 0x08, 0x10, 0xcd, 0xc0, 0x40, 0x41, 0xf1, 0x80, 0x00, 0x04, 0xff,
  0x00, 0x01, 0x11, 0x08, 0xfe, 0x00, 0x05, 0x30, 0xdf, 0xf4, 0x40, 0xf3, 0xe0, 0xff, 0x00, 0x04,
  0x04, 0x00, 0x40, 0x10, 0x08, 0xff, 0x00, 0x0d, 0x02, 0x00, 0xff, 0xfc, 0x48, 0x73, 0xe0, 0x04,
  0x00, 0x06, 0x10, 0xe0, 0xc8, 0x08, 0xfe, 0x00, 0x06, 0x6e, 0xfc, 0x38, 0x08, 0x71, 0xe0, 0x84,
  0xfd, 0x00, 0x01, 0x4e, 0x18, 0xff, 0x00, 0x08, 0x06, 0x7e, 0xfc, 0x00, 0x98, 0x70, 0x20, 0xac,
  0x20, 0xff, 0x00, 0x02, 0xc5, 0xf3, 0x78, 0xff, 0x00, 0x0d, 0x06, 0xfe, 0xb8, 0x00, 0xff, 0xd8,
  0x00, 0xf8, 0xe0, 0x81, 0x00, 0x05, 0xe0, 0xf8, 0xff, 0x00, 0x0d, 0x01, 0xee, 0x20, 0x00, 0xfe,
  0x90, 0x00, 0x61, 0xc1, 0x80, 0xe9, 0x2f, 0xc0, 0x7c, 0xff, 0x00, 0x01, 0x10, 0x04, 0xff, 0x00,
  0x00, 0x02, 0xff, 0x00, 0x06, 0x02, 0x00, 0x40, 0x06, 0x18, 0x00, 0x24, 0xa7, 0x00, 0x00, 0x20,
  0xfe, 0x00, 0x00, 0x40, 0x81, 0x00, 0xff, 0x00, 0x81, 0x00, 0xf7, 0x00, 0x02, 0x04, 0x10, 0x80,
  0xfc, 0x00, 0x03, 0x30, 0x06, 0x00, 0x40, 0xfe, 0x00, 0x04, 0x60, 0x04, 0x30, 0x80, 0x10, 0xfd,
  0x00, 0x03, 0x30, 0x04, 0x00, 0xc0, 0xfe, 0x00, 0x03, 0x20, 0x00, 0x20, 0x80, 0xe1, 0x00, 0x00,
  0x80, 0xee, 0x00, 0x02, 0x04, 0x10, 0x02, 0xfe, 0x00, 0x06, 0x01, 0x00, 0x20, 0x04, 0x00, 0x80,
  0x10, 0xfe, 0x00, 0x03, 0x04, 0x30, 0x02, 0x10, 0xff, 0x00, 0x06, 0x01, 0x00, 0x20, 0x04, 0x00,
  0x86, 0x10, 0xfe, 0x00, 0x03, 0x04, 0x20, 0x00, 0x10, 0xc3, 0x00, 0x00, 0x80, 0xfe, 0x00, 0x00,
  0x01, 0xfd, 0x00, 0x00, 0x80, 0xfc, 0x00, 0x05, 0x20, 0x80, 0x00, 0xc0, 0x00, 0x03, 0xdc, 0x00,
  0x00, 0x80, 0xf2, 0x00, 0x00, 0x80, 0xfd, 0x00, 0x01, 0x10, 0x02, 0xfd, 0x00, 0x05, 0x04, 0x21,
  0x84, 0x30, 0x82, 0x10, 0xfe, 0x00, 0x03, 0x04, 0x38, 0x86, 0x10, 0xfe, 0x00, 0x05, 0x0c, 0x21,
  0x84, 0x30, 0x82, 0x10, 0xfd, 0x00, 0x01, 0x3c, 0x82, 0xf3, 0x00, 0x00, 0x30, 0xf2, 0x00, 0x00,
  0x30, 0xf2, 0x00, 0x00, 0x30, 0xfa, 0x00, 0x03, 0x04, 0x00, 0x80, 0x10, 0xfd, 0x00, 0x03, 0x30,
  0x02, 0x00, 0x40, 0xfe, 0x00, 0x04, 0x20, 0x04, 0x00, 0x80, 0x10, 0xfd, 0x00, 0x03, 0x30, 0x06,
  0x00, 0xc0, 0xfe, 0x00, 0x04, 0x20, 0x04, 0x00, 0x80, 0x10, 0xcc, 0x00, 0x01, 0x03, 0x80, 0xf9,
  0x00, 0x00, 0x18, 0xfc, 0x00, 0x01, 0x07, 0xc0, 0xf9, 0x00, 0x00, 0x1e, 0xfc, 0x00, 0x01, 0x07,
  0xc0, 0xf9, 0x00, 0x00, 0x1f, 0xfc, 0x00, 0x01, 0x07, 0xc0, 0xfb, 0x00, 0x02, 0x10, 0x00, 0x1f,
  0xf8, 0x00, 0x00, 0x08, 0xfe, 0x00, 0x02, 0x10, 0x00, 0x1f, 0xf8, 0x00, 0x00, 0x0c, 0xfe, 0x00,
  0x03, 0x10, 0x00, 0x1f, 0x40, 0xfd, 0x00, 0x00, 0x02, 0xfe, 0x00, 0x02, 0x0e, 0x04, 0x20, 0xff,
  0x00, 0x01, 0x80, 0x01, 0xfb, 0x00, 0x00, 0x02, 0xff, 0x00, 0x02, 0x1f, 0x80, 0x20, 0xff, 0x00,
  0x00, 0x80, 0xfc, 0x00, 0x02, 0x10, 0x00, 0x03, 0xff, 0x00, 0x02, 0x1f, 0x80, 0x20, 0xff, 0x00,
  0x00, 0x80, 0xfc, 0x00, 0x02, 0x7e, 0x03, 0xc7, 0xff, 0x00, 0x00, 0x1f, 0xff, 0x00, 0x00, 0x06,
  0xfb, 0x00, 0x03, 0x06, 0x7e, 0x03, 0xff, 0xff, 0x00, 0x00, 0x1f, 0xff, 0x00, 0x03, 0x0e, 0x00,
  0x02, 0x0c, 0xfe, 0x00, 0x0c, 0x06, 0xe6, 0x47, 0xf3, 0x00, 0x20, 0x3f, 0x04, 0x00, 0x9e, 0x10,
  0xc2, 0x1f, 0xfe, 0x00, 0x0d, 0x0f, 0xe7, 0xdf, 0xff, 0x01, 0x6f, 0xff, 0x9c, 0x21, 0x8f, 0x10,
  0xc0, 0x3f, 0x80, 0xff, 0x00, 0x01, 0x0f, 0xc7, 0xff, 0xff, 0x09, 0xfd, 0xff, 0xe1, 0xff, 0xf7,
  0xdf, 0xf9, 0xe7, 0xfd, 0xd8, 0xff, 0x00, 0x0d, 0x3f, 0x81, 0x3f, 0xc0, 0xff, 0xfe, 0x60, 0xdf,
  0x77, 0xf0, 0xce, 0x00, 0xe0, 0x44, 0xff, 0x00, 0x00, 0x20, 0xfe, 0x00, 0x00, 0x02, 0xc3, 0x00,
  0x02, 0x10, 0x00, 0x20, 0xff, 0x00, 0x01, 0xa0, 0x04, 0xff, 0x00, 0x00, 0x40, 0x81, 0x00, 0xff,
  0x00, 0x81, 0x00, 0x81, 0x00, 0x81, 0x00, 0x81, 0x00, 0x81, 0x00, 0x8f, 0x00, 0x02, 0x18, 0x00,
  0x0c, 0xf4, 0x00, 0x00, 0x18, 0xf2, 0x00, 0x00, 0x38, 0xfd, 0x00, 0x00, 0x1e, 0xfc, 0x00, 0x00,
  0x02, 0xfd, 0x00, 0x0c, 0x7e, 0xc0, 0x3f, 0x00, 0x01, 0x9f, 0x20, 0x80, 0x0f, 0x31, 0xff, 0x1f,
  0xb8, 0xff, 0x00, 0x00, 0x1f, 0xfe, 0xff, 0x00, 0xfd, 0xf9, 0xff, 0x00, 0xfc, 0xff, 0x00, 0x00,
  0x39, 0xfd, 0xff, 0x00, 0xf0, 0xff, 0x00, 0x00, 0x0f, 0xfd, 0xff, 0x00, 0x02, 0xfb, 0x00, 0x01,
  0x01, 0xc0, 0xff, 0x00, 0x01, 0x01, 0xc0, 0xfe, 0x00, 0x00, 0x02, 0xfa, 0x00, 0x00, 0x80, 0xfe,
  0x00, 0x00, 0x80, 0xfe, 0x00, 0x00, 0x06, 0xff, 0x00, 0x00, 0x20, 0xff, 0x00, 0x0a, 0x34, 0xa4,
  0x36, 0xd2, 0xda, 0xfb, 0x3f, 0xed, 0xff, 0xbd, 0xb4, 0xff, 0x00, 0x00, 0x0f, 0xfe, 0xff, 0x01,
  0xfc, 0x3f, 0xff, 0xff, 0x01, 0xfe, 0x1f, 0xfe, 0xff, 0x00, 0xe0, 0xff, 0x00, 0x00, 0x01, 0xfe,
  0xff, 0x01, 0xf8, 0x1f, 0xff, 0xff, 0x01, 0xfc, 0x07, 0xfe, 0xff, 0x00, 0xc0, 0xfe, 0x00, 0xfe,
  0xff, 0x03, 0xc0, 0x01, 0xec, 0x38, 0xff, 0x00, 0x02, 0x3f, 0xff, 0xf0, 0xaf, 0x00, 0x81, 0x00,
  0x81, 0x00, 0x81, 0x00, 0x81, 0x00, 0x81, 0x00, 0x81, 0x00, 0xc0, 0x00, 0x00, 0x06, 0xfd, 0x00,
  0x03, 0x0f, 0xfc, 0x3f, 0xf0, 0xfd, 0x00, 0x00, 0xfc, 0xff, 0x00, 0x00, 0x3f, 0xfe, 0xff, 0x01,
  0x80, 0x3e, 0xff, 0x00, 0x04, 0x1e, 0x40, 0x00, 0x18, 0xe0, 0xf9, 0x00, 0x00, 0x70, 0xff, 0x00,
  0x00, 0x07, 0xf5, 0x00, 0x00, 0x60, 0xff, 0x00, 0x01, 0x03, 0xc0, 0xfe, 0x00, 0x00, 0x02, 0xff,
  0x00, 0x00, 0x10, 0xfe, 0x00, 0x01, 0x03, 0x20, 0xff, 0x00, 0x01, 0x02, 0x20, 0xfe, 0x00, 0x00,
  0x18, 0xff, 0x00, 0x00, 0x0e, 0xfe, 0x00, 0x00, 0x06, 0xfd, 0x00, 0x00, 0x18, 0xfe, 0x00, 0x00,
  0x30, 0xff, 0x00, 0x00, 0x07, 0xfe, 0x00, 0x09, 0x38, 0x1e, 0x13, 0xc7, 0xfc, 0x01, 0xc0, 0x00,
  0x0f, 0x80, 0xfe, 0x00, 0x00, 0x7f, 0xff, 0xff, 0x00, 0x80, 0xfc, 0x00, 0x02, 0x07, 0xff, 0xe0,
  0xfd, 0x00, 0x01, 0x01, 0xff, 0xfa, 0x00, 0x01, 0x02, 0x90, 0xce, 0x00, 0x81, 0x00, 0x81, 0x00,
  0x81, 0x00, 0x81, 0x00, 0x81, 0x00, 0x81, 0x00, 0x01, 0x00, 0x02, 0xf6, 0x00, 0x01, 0x01, 0xf0,
  0xff, 0x00, 0x01, 0x0f, 0xc0, 0xf7, 0x00, 0x01, 0x1f, 0xf8, 0xff, 0x00, 0x04, 0x0f, 0xff, 0xc0,
  0x0f, 0xfc, 0xfd, 0x00, 0x00, 0x3f, 0xfe, 0xff, 0x00, 0xf8, 0xff, 0x00, 0x00, 0x0f, 0xfe, 0xff,
  0x01, 0xfe, 0x0f, 0xff, 0xff, 0x01, 0xf8, 0x3f, 0xfe, 0xff, 0x00, 0xf8, 0xff, 0x00, 0x00, 0x0f,
  0xfe, 0xff, 0x05, 0xfe, 0x1f, 0xfc, 0x3f, 0xfc, 0x3f, 0xfe, 0xff, 0x00, 0xf8, 0xff, 0x00, 0x00,
  0x0f, 0xfe, 0xff, 0x01, 0x80, 0x1e, 0xff, 0x00, 0x05, 0x1c, 0x40, 0x00, 0x18, 0xe0, 0x0c, 0xff,
  0x00, 0x00, 0x38, 0xfe, 0x00, 0x01, 0x01, 0x10, 0xff, 0x00, 0x01, 0x04, 0x40, 0xfe, 0x00, 0x00,
  0x1e, 0xff, 0x00, 0x00, 0x3c, 0xfe, 0x00, 0x00, 0x07, 0xfd, 0x00, 0x00, 0x60, 0xfe, 0x00, 0x00,
  0x3e, 0xff, 0x00, 0x00, 0x1f, 0xfe, 0x00, 0x00, 0x07, 0xfe, 0x00, 0x01, 0x04, 0x3c, 0xff, 0x00,
  0x01, 0x01, 0xf8, 0xff, 0x00, 0x01, 0x0f, 0xc0, 0xff, 0x00, 0x01, 0x1e, 0x1c, 0xff, 0x00, 0x01,
  0x0c, 0x1e, 0xff, 0x00, 0x01, 0x07, 0xf0, 0xff, 0x00, 0x01, 0x07, 0xe0, 0xff, 0x00, 0x09, 0xb8,
  0x1e, 0xc0, 0x07, 0xfc, 0x01, 0xe8, 0x00, 0x3f, 0x80, 0xfe, 0x00, 0x00, 0x7f, 0xff, 0xff, 0x00,
  0x80, 0xfc, 0x00, 0x02, 0x07, 0xff, 0xe0, 0xfd, 0x00, 0x01, 0x01, 0xff, 0xfa, 0x00, 0x01, 0x02,
  0x90, 0xce, 0x00, 0x81, 0x00, 0x8e, 0x00, 0x01, 0x07, 0xc0, 0xfb, 0x00, 0x01, 0x3f, 0xfe, 0xfc,
  0x00, 0x00, 0x0f, 0xff, 0xff, 0xfc, 0x00, 0x00, 0x03, 0xff, 0xff, 0x00, 0xfe, 0xfe, 0x00, 0x00,
  0x01, 0xfe, 0xff, 0x00, 0xe0, 0xfd, 0x00, 0x00, 0x07, 0xfe, 0xff, 0x00, 0x80, 0xff, 0x00, 0x00,
  0x03, 0xfe, 0xff, 0x00, 0xe0, 0xfd, 0x00, 0x00, 0x0f, 0xfe, 0xff, 0x00, 0xc0, 0xff, 0x00, 0x00,
  0x03, 0xfe, 0xff, 0x00, 0xf0, 0xfd, 0x00, 0x00, 0x0f, 0xfe, 0xff, 0x00, 0xc0, 0xff, 0x00, 0x00,
  0x03, 0xfe, 0xff, 0x00, 0xf0, 0xfd, 0x00, 0x00, 0x0f, 0xfe, 0xff, 0x00, 0xe0, 0xff, 0x00, 0x00,
  0x03, 0xfe, 0xff, 0x00, 0xf0, 0xfd, 0x00, 0x00, 0x0f, 0xfe, 0xff, 0x00, 0xe0, 0xff, 0x00, 0x00,
  0x07, 0xfe, 0xff, 0x00, 0xf0, 0xfd, 0x00, 0x00, 0x0f, 0xfe, 0xff, 0x00, 0xe0, 0xff, 0x00, 0x00,
  0x07, 0xfe, 0xff, 0x00, 0xf0, 0xfd, 0x00, 0x00, 0x0f, 0xfe, 0xff, 0x00, 0xe0, 0xff, 0x00, 0x00,
  0x07, 0xfe, 0xff, 0x00, 0xf0, 0xfd, 0x00, 0x00, 0x0f, 0xfe, 0xff, 0x00, 0xe0, 0xff, 0x00, 0x00,
  0x07, 0xfe, 0xff, 0x00, 0xf0, 0xfd, 0x00, 0x00, 0x0f, 0xfe, 0xff, 0x00, 0xe0, 0xff, 0x00, 0x00,
  0x07, 0xfe, 0xff, 0x00, 0xf0, 0xfd, 0x00, 0x00, 0x0f, 0xfe, 0xff, 0x00, 0xe0, 0xff, 0x00, 0x00,
  0x07, 0xfe, 0xff, 0x00, 0xf0, 0xfd, 0x00, 0x00, 0x0f, 0xfe, 0xff, 0x00, 0xe0, 0xff, 0x00, 0x00,
  0x07, 0xfe, 0xff, 0x00, 0xf0, 0xfd, 0x00, 0x00, 0x0f, 0xfe, 0xff, 0x00, 0xe0, 0xff, 0x00, 0x00,
  0x07, 0xfe, 0xff, 0x00, 0xf0, 0xfd, 0x00, 0x00, 0x0f, 0xfe, 0xff, 0x00, 0xe0, 0xff, 0x00, 0x00,
  0x07, 0xfe, 0xff, 0x00, 0xf0, 0xfd, 0x00, 0x00, 0x0f, 0xfe, 0xff, 0x00, 0xe0, 0xff, 0x00, 0x00,
  0x07, 0xfe, 0xff, 0x00, 0xf0, 0xfd, 0x00, 0x00, 0x0f, 0xfe, 0xff, 0x00, 0xe0, 0xff, 0x00, 0x00,
  0x07, 0xfe, 0xff, 0x00, 0xf0, 0xfd, 0x00, 0x00, 0x0f, 0xfe, 0xff, 0x00, 0xe0, 0xff, 0x00, 0x00,
  0x07, 0xfe, 0xff, 0x00, 0xf0, 0xfd, 0x00, 0x00, 0x0f, 0xfe, 0xff, 0x00, 0xe0, 0xff, 0x00, 0x00,
  0x03, 0xfe, 0xff, 0x00, 0xf0, 0xfd, 0x00, 0x00, 0x0f, 0xfe, 0xff, 0x00, 0xe0, 0xff, 0x00, 0x00,
  0x03, 0xfe, 0xff, 0x00, 0xf0, 0xfd, 0x00, 0x00, 0x0f, 0xfe, 0xff, 0x00, 0xe0, 0xff, 0x00, 0x00,
  0x03, 0xfe, 0xff, 0x00, 0xf0, 0xfd, 0x00, 0x00, 0x07, 0xfe, 0xff, 0x00, 0xe0, 0xff, 0x00, 0x00,
  0x03, 0xfe, 0xff, 0x00, 0xf0, 0xfd, 0x00, 0x00, 0x07, 0xfe, 0xff, 0x00, 0xc0, 0xff, 0x00, 0x00,
  0x03, 0xfe, 0xff, 0x00, 0xf0, 0xfd, 0x00, 0x00, 0x07, 0xfe, 0xff, 0x00, 0xc0, 0xff, 0x00, 0x00,
  0x03, 0xfe, 0xff, 0x00, 0xf0, 0xfd, 0x00, 0x00, 0x07, 0xfe, 0xff, 0x00, 0xc0, 0xff, 0x00, 0x00,
  0x01, 0xfe, 0xff, 0x00, 0xf0, 0xfd, 0x00, 0x00, 0x07, 0xfe, 0xff, 0x00, 0xc0, 0xff, 0x00, 0x00,
  0x01, 0xfe, 0xff, 0x00, 0xf0, 0xfd, 0x00, 0x00, 0x07, 0xfe, 0xff, 0x00, 0xc0, 0xff, 0x00, 0x00,
  0x01, 0xfe, 0xff, 0x00, 0xe0, 0xfd, 0x00, 0x00, 0x07, 0xfe, 0xff, 0x00, 0x80, 0xff, 0x00, 0x00,
  0x01, 0xfe, 0xff, 0x00, 0xe0, 0xfd, 0x00, 0x00, 0x07, 0xfe, 0xff, 0x00, 0x80, 0xfe, 0x00, 0xfe,
  0xff, 0x00, 0xe0, 0xfe, 0x00, 0x01, 0x60, 0x07, 0xfe, 0xff, 0xfd, 0x00, 0xfe, 0xff, 0x05, 0xe0,
  0x0f, 0x80, 0x01, 0xf0, 0x03, 0xfe, 0xff, 0xfd, 0x00, 0x00, 0x7f, 0xff, 0xff, 0x05, 0xe0, 0x1f,
  0xe0, 0x03, 0xf8, 0x03, 0xff, 0xff, 0x00, 0xfe, 0xfd, 0x00, 0x00, 0x3f, 0xff, 0xff, 0x05, 0xe0,
  0x1f, 0xf0, 0x1f, 0xf8, 0x03, 0xff, 0xff, 0x00, 0xfc, 0xfe, 0x00, 0x01, 0x02, 0x1f, 0xff, 0xff,
  0x01, 0xe0, 0x1f, 0xff, 0xff, 0x01, 0xf8, 0x03, 0xff, 0xff, 0x01, 0xfd, 0xf0, 0xff, 0x00, 0x01,
  0x0f, 0xcf, 0xff, 0xff, 0x01, 0xc0, 0x1f, 0xff, 0xff, 0x01, 0xf8, 0x01, 0xff, 0xff, 0x01, 0xe7,
  0xf8, 0xff, 0x00, 0x05, 0x0f, 0xf8, 0x3f, 0xf0, 0x7c, 0x1f, 0xff, 0xff, 0x01, 0xf8, 0x3f, 0xff,
  0x00, 0x01, 0x0f, 0xf8, 0xff, 0x00, 0x04, 0x0f, 0xfe, 0x00, 0x01, 0xfe, 0xfe, 0x00, 0x05, 0x08,
  0x3f, 0xc0, 0x00, 0xff, 0xf8, 0xff, 0x00, 0x05, 0x0f, 0xff, 0x80, 0x03, 0xfe, 0x18, 0xff, 0x00,
  0x05, 0x0c, 0x3f, 0xe0, 0x01, 0xff, 0xf8, 0xff, 0x00, 0x05, 0x0f, 0xff, 0xfd, 0xff, 0xfe, 0x1c,
  0xff, 0x00, 0x01, 0x1c, 0x3f, 0xfe, 0xff, 0x00, 0xf0, 0xff, 0x00, 0x00, 0x07, 0xfe, 0xff, 0x01,
  0xfe, 0x1f, 0xff, 0x00, 0x01, 0x7c, 0x3f, 0xfe, 0xff, 0x00, 0xe0, 0xff, 0x00, 0x00, 0x03, 0xfe,
  0xff, 0x05, 0xf8, 0x1f, 0xc0, 0x00, 0x7c, 0x1f, 0xfe, 0xff, 0x00, 0xc0, 0xfe, 0x00, 0xfe, 0xff,
  0x05, 0xf8, 0x1f, 0xf8, 0x0f, 0xf8, 0x03, 0xff, 0xff, 0x00, 0xfe, 0xfd, 0x00, 0x00, 0x3f, 0xff,
  0xff, 0x01, 0xe0, 0x03, 0xff, 0xff, 0x01, 0xf0, 0x01, 0xff, 0xff, 0x00, 0xf8, 0xfd, 0x00, 0x00,
  0x1f, 0xff, 0xff, 0x03, 0x40, 0x01, 0x3f, 0xf8, 0xff, 0x00, 0x02, 0x17, 0xff, 0xc0, 0xaf, 0x00,
  0x81, 0x00, 0xee, 0x00, 0x01, 0x7f, 0xf0, 0xfb, 0x00, 0x02, 0x1f, 0xff, 0xe0, 0xfd, 0x00, 0x02,
  0x07, 0xff, 0xfe, 0xfb, 0x00, 0xff, 0xff, 0x00, 0xf8, 0xfd, 0x00, 0x00, 0x1f, 0xff, 0xff, 0xfc,
  0x00, 0x00, 0x01, 0xff, 0xff, 0x00, 0xfc, 0xfd, 0x00, 0x00, 0x3f, 0xff, 0xff, 0x00, 0x80, 0xfd,
  0x00, 0x00, 0x03, 0xff, 0xff, 0x00, 0xfe, 0xfd, 0x00, 0x00, 0x7f, 0xff, 0xff, 0x00, 0xc0, 0xfd,
  0x00, 0x00, 0x03, 0xff, 0xff, 0x00, 0xfe, 0xfd, 0x00, 0x00, 0x7f, 0xff, 0xff, 0x00, 0xe0, 0xfd,
  0x00, 0x00, 0x07, 0xfe, 0xff, 0xfd, 0x00, 0x03, 0xff, 0xf8, 0x3f, 0xe0, 0xfd, 0x00, 0x04, 0x07,
  0xc0, 0x01, 0xff, 0x80, 0xfe, 0x00, 0x00, 0xf0, 0xff, 0x00, 0x00, 0xe0, 0xfd, 0x00, 0x00, 0x04,
  0xff, 0x00, 0x01, 0x01, 0x80, 0xfb, 0x00, 0x00, 0x10, 0xfd, 0x00, 0x00, 0x08, 0xfb, 0x00, 0x00,
  0x02, 0xfe, 0x00, 0x00, 0x10, 0xd9, 0x00, 0x00, 0x20, 0xef, 0x00, 0x00, 0x04, 0xf2, 0x00, 0x00,
  0x04, 0xf2, 0x00, 0x00, 0x04, 0xf2, 0x00, 0x00, 0x04, 0xf9, 0x00, 0x00, 0x08, 0xfb, 0x00, 0x00,
  0x04, 0xf9, 0x00, 0x00, 0x08, 0xfb, 0x00, 0x00, 0x04, 0xf9, 0x00, 0x00, 0x08, 0xfb, 0x00, 0x00,
  0x04, 0xf9, 0x00, 0x00, 0x08, 0xfb, 0x00, 0x00, 0x04, 0xf9, 0x00, 0x00, 0x08, 0xfb, 0x00, 0x00,
  0x04, 0xfe, 0x00, 0x00, 0x10, 0xfd, 0x00, 0x00, 0x08, 0xfb, 0x00, 0x00, 0x04, 0xf9, 0x00, 0x00,
  0x08, 0xfb, 0x00, 0x00, 0x04, 0xf9, 0x00, 0x00, 0x08, 0xfb, 0x00, 0x00, 0x04, 0xf9, 0x00, 0x00,
  0x08, 0xf2, 0x00, 0x00, 0x08, 0xfe, 0x00, 0x00, 0x20, 0xf6, 0x00, 0x00, 0x08, 0xfe, 0x00, 0x00,
  0x20, 0xff, 0x00, 0x00, 0x02, 0xf5, 0x00, 0x00, 0x20, 0xff, 0x00, 0x00, 0x02, 0xf2, 0x00, 0x00,
  0x02, 0xf2, 0x00, 0x00, 0x02, 0xf5, 0x00, 0x00, 0x40, 0xf2, 0x00, 0x00, 0x40, 0xf2, 0x00, 0x00,
  0x40, 0xff, 0x00, 0x00, 0x01, 0xfe, 0x00, 0x00, 0x10, 0xf9, 0x00, 0x00, 0x80, 0xff, 0x00, 0x00,
  0x01, 0xfd, 0x00, 0x03, 0x0f, 0x80, 0x00, 0xf0, 0xfd, 0x00, 0x00, 0x80, 0xfe, 0x00, 0x00, 0x80,
  0xfe, 0x00, 0x04, 0x1f, 0xe0, 0x03, 0x98, 0x04, 0xff, 0x00, 0x00, 0x01, 0xfd, 0x00, 0x00, 0xc0,
  0xfe, 0x00, 0x03, 0x10, 0x78, 0x0e, 0x0c, 0xfe, 0x00, 0x00, 0x01, 0xfd, 0x00, 0x00, 0x40, 0xff,
  0x00, 0x05, 0x20, 0x00, 0x1f, 0xfc, 0x04, 0x02, 0xff, 0x00, 0x00, 0x02, 0xfd, 0x00, 0x00, 0x20,
  0xff, 0x00, 0x05, 0x20, 0x00, 0x0f, 0xe0, 0x04, 0x03, 0xff, 0x00, 0x00, 0x04, 0xfd, 0x00, 0x00,
  0x10, 0xff, 0x00, 0x00, 0xe0, 0xfe, 0x00, 0x04, 0x04, 0x03, 0x80, 0x00, 0x1c, 0xfd, 0x00, 0x03,
  0x0c, 0x00, 0x01, 0xc0, 0xfd, 0x00, 0x03, 0x01, 0xe0, 0x00, 0x78, 0xfd, 0x00, 0x04, 0x07, 0xa0,
  0x1f, 0x80, 0x10, 0xff, 0x00, 0x01, 0x08, 0x00, 0xff, 0xff, 0x00, 0xf0, 0xfd, 0x00, 0x04, 0x01,
  0xff, 0xfe, 0x00, 0x08, 0xff, 0x00, 0x03, 0x10, 0x00, 0x3f, 0xff, 0xfb, 0x00, 0x03, 0x7f, 0xfc,
  0x00, 0x04, 0xff, 0x00, 0x03, 0x30, 0x00, 0x1f, 0xfe, 0xfb, 0x00, 0x00, 0x02, 0xff, 0x00, 0x03,
  0x03, 0x00, 0x01, 0xe0, 0xf4, 0x00, 0x02, 0xf8, 0x7f, 0x80, 0xf4, 0x00, 0x02, 0x3f, 0xff, 0x80,
  0xf4, 0x00, 0x01, 0x07, 0xf0, 0x8a, 0x00, 0x81, 0x00, 0xf6, 0x00, 0x01, 0x01, 0xfe, 0xfb, 0x00,
  0x00, 0x80, 0xe3, 0x00, 0x00, 0x20, 0xf2, 0x00, 0x00, 0x40, 0xf7, 0x00, 0x00, 0x02, 0xd1, 0x00,
  0x00, 0x80, 0x81, 0x00, 0xab, 0x00, 0x00, 0x10, 0xe2, 0x00, 0x00, 0x10, 0xb2, 0x00, 0x00, 0x10,
  0xf2, 0x00, 0x00, 0x10, 0xd2, 0x00, 0x00, 0x10, 0xf6, 0x00, 0x00, 0x01, 0xfe, 0x00, 0x00, 0x10,
  0xf9, 0x00, 0x00, 0x80, 0xfb, 0x00, 0x00, 0x10, 0xf5, 0x00, 0x00, 0x80, 0xfd, 0x00, 0x00, 0x80,
  0xe0, 0x00, 0x00, 0x04, 0xe6, 0x00, 0x00, 0x40, 0xee, 0x00, 0x02, 0x04, 0x00, 0x40, 0xf9, 0x00,
  0x00, 0x02, 0xfb, 0x00, 0x00, 0x10, 0xfa, 0x00, 0x01, 0x40, 0x20, 0xcf, 0x00, 0x00, 0x80, 0x81,
  0x00, 0xd9, 0x00, 0x81, 0x00, 0xf6, 0x00, 0x01, 0x01, 0xfe, 0xfb, 0x00, 0x00, 0x80, 0x81, 0x00,
  0xeb, 0x00, 0x00, 0x08, 0xf2, 0x00, 0x00, 0x08, 0xde, 0x00, 0x00, 0x20, 0xd6, 0x00, 0x00, 0x08,
  0xb7, 0x00, 0x00, 0x10, 0xe2, 0x00, 0x00, 0x10, 0xf2, 0x00, 0x00, 0x10, 0x92, 0x00, 0x00, 0x10,
  0xc0, 0x00, 0x00, 0x80, 0xe0, 0x00, 0x00, 0x04, 0xe6, 0x00, 0x00, 0x40, 0xee, 0x00, 0x00, 0x04,
  0x81, 0x00, 0x8b, 0x00, 0x81, 0x00, 0xe6, 0x00, 0x00, 0x20, 0xeb, 0x00, 0x00, 0x20, 0xca, 0x00,
  0x00, 0x04, 0xee, 0x00, 0x00, 0x80, 0xd6, 0x00, 0x00, 0x08, 0xce, 0x00, 0x00, 0x20, 0x81, 0x00,
  0xfb, 0x00, 0x00, 0x10, 0x81, 0x00, 0xb0, 0x00, 0x00, 0x80, 0xff, 0x00, 0x00, 0x04, 0xe5, 0x00,
  0x02, 0x08, 0x00, 0x04, 0x92, 0x00, 0x00, 0x40, 0xe3, 0x00, 0x00, 0x20, 0x81, 0x00, 0xea, 0x00,
  0x81, 0x00, 0xee, 0x00, 0xff, 0x40, 0xfb, 0x00, 0x00, 0x20, 0xf9, 0x00, 0x00, 0x02, 0xfb, 0x00,
  0x02, 0x80, 0x00, 0x08, 0xe5, 0x00, 0x00, 0x02, 0xce, 0x00, 0x00, 0x80, 0x81, 0x00, 0xab, 0x00,
  0x00, 0x10, 0xf2, 0x00, 0x00, 0x10, 0xc9, 0x00, 0x00, 0x20, 0xef, 0x00, 0x00, 0x02, 0x81, 0x00,
  0xf9, 0x00, 0x00, 0x04, 0xe5, 0x00, 0x02, 0x08, 0x00, 0x04, 0xc7, 0x00, 0x00, 0x02, 0xfb, 0x00,
  0x00, 0x10, 0xfa, 0x00, 0xff, 0x20, 0xdd, 0x00, 0x00, 0x40, 0xf3, 0x00, 0x00, 0x01, 0x81, 0x00,
  0xda, 0x00, 0x81, 0x00, 0xed, 0x00, 0x00, 0x30, 0x98, 0x00, 0x00, 0x80, 0xcf, 0x00, 0x00, 0x02,
  0xd5, 0x00, 0x00, 0x20, 0x8b, 0x00, 0x00, 0x10, 0xf2, 0x00, 0x00, 0x10, 0x81, 0x00, 0xad, 0x00,
  0x00, 0x04, 0xf5, 0x00, 0x01, 0x20, 0x02, 0xf2, 0x00, 0x00, 0x08, 0x81, 0x00, 0x81, 0x00, 0xda,
  0x00, 0x81, 0x00, 0xee, 0x00, 0x00, 0x38, 0xfa, 0x00, 0x02, 0x10, 0x00, 0x20, 0xdd, 0x00, 0x00,
  0x40, 0xc6, 0x00, 0x00, 0x80, 0x81, 0x00, 0x81, 0x00, 0x81, 0x00, 0xfb, 0x00, 0x00, 0x10, 0xf2,
  0x00, 0x00, 0x10, 0xf2, 0x00, 0x00, 0x10, 0xed, 0x00, 0x00, 0x04, 0xe4, 0x00, 0x00, 0x08, 0xd5,
  0x00, 0x00, 0x80, 0xfc, 0x00, 0x00, 0x40, 0xf0, 0x00, 0x00, 0x40, 0xfc, 0x00, 0x01, 0xc0, 0x10,
  0xbf, 0x00, 0x01, 0x08, 0x58, 0x81, 0x00, 0xea, 0x00, 0x81, 0x00, 0xee, 0x00, 0x01, 0x18, 0x40,
  0xfb, 0x00, 0x00, 0x10, 0xdb, 0x00, 0x00, 0x40, 0x81, 0x00, 0x81, 0x00, 0x81, 0x00, 0x8e, 0x00,
  0x00, 0x08, 0xfe, 0x00, 0x00, 0x04, 0xf6, 0x00, 0x00, 0x10, 0xf1, 0x00, 0xff, 0x08, 0x81, 0x00,
  0xf3, 0x00, 0x00, 0x10, 0x81, 0x00, 0xe9, 0x00, 0x81, 0x00, 0xee, 0x00, 0x01, 0x1c, 0xc0, 0xfb,
  0x00, 0x00, 0x10, 0xe3, 0x00, 0x00, 0x01, 0xfa, 0x00, 0x00, 0x40, 0xaa, 0x00, 0x00, 0x08, 0xf2,
  0x00, 0x00, 0x08, 0xe2, 0x00, 0x00, 0x08, 0xd2, 0x00, 0x00, 0x08, 0x81, 0x00, 0xf7, 0x00, 0x00,
  0x10, 0xc2, 0x00, 0x00, 0x10, 0xf2, 0x00, 0x00, 0x10, 0xe2, 0x00, 0x00, 0x10, 0xb0, 0x00, 0x00,
  0x20, 0xf2, 0x00, 0xff, 0x08, 0xb6, 0x00, 0x00, 0x08, 0x81, 0x00, 0xa6, 0x00, 0x81, 0x00, 0xee,
  0x00, 0x00, 0x0c, 0xdb, 0x00, 0x00, 0x01, 0xef, 0x00, 0x00, 0x02, 0x81, 0x00, 0xe5, 0x00, 0x00,
  0x08, 0x81, 0x00, 0xce, 0x00, 0x00, 0x20, 0xff, 0x00, 0x00, 0x02, 0x81, 0x00, 0xf9, 0x00, 0x00,
  0x04, 0xf6, 0x00, 0x00, 0x05, 0xf1, 0x00, 0x00, 0x20, 0xf2, 0x00, 0xff, 0x08, 0x81, 0x00, 0xf2,
  0x00, 0x00, 0x08, 0x81, 0x00, 0xea, 0x00, 0x81, 0x00, 0xee, 0x00, 0x00, 0x0c, 0xdb, 0x00, 0x00,
  0x01, 0x81, 0x00, 0x81, 0x00, 0x81, 0x00, 0xbe, 0x00, 0x00, 0x40, 0xd6, 0x00, 0x00, 0x04, 0xf6,
  0x00, 0x00, 0x05, 0xe1, 0x00, 0x00, 0x08, 0x81, 0x00, 0xf1, 0x00, 0x00, 0x08, 0x81, 0x00, 0xea,
  0x00, 0x81, 0x00, 0xed, 0x00, 0x00, 0x80, 0xdc, 0x00, 0x00, 0x01, 0x81, 0x00, 0x81, 0x00, 0x81,
  0x00, 0xbe, 0x00, 0x00, 0x40, 0xca, 0x00, 0x00, 0x05, 0xef, 0x00, 0x00, 0x08, 0xf4, 0x00, 0x02,
  0x08, 0x00, 0x04, 0xf3, 0x00, 0x00, 0x60, 0x81, 0x00, 0x81, 0x00, 0xea, 0x00, 0x81, 0x00, 0xed,
  0x00, 0x00, 0x80, 0xeb, 0x00, 0x00, 0x40, 0xf3, 0x00, 0x00, 0x01, 0xef, 0x00, 0x00, 0x02, 0x81,
  0x00, 0x81, 0x00, 0x81, 0x00, 0x99, 0x00, 0x00, 0x05, 0xfe, 0x00, 0x00, 0x04, 0xf3, 0x00, 0x00,
  0x08, 0xf4, 0x00, 0x02, 0x08, 0x00, 0x04, 0xf3, 0x00, 0x00, 0x60, 0xc8, 0x00, 0x00, 0x01, 0x81,
  0x00, 0xa4, 0x00, 0x81, 0x00, 0xee, 0x00, 0x01, 0x7c, 0xc0, 0xfb, 0x00, 0x00, 0x30, 0xfb, 0x00,
  0x00, 0x08, 0xf9, 0x00, 0x00, 0xc0, 0xfb, 0x00, 0x02, 0x20, 0x00, 0x01, 0xfc, 0x00, 0x00, 0x01,
  0xff, 0x00, 0x00, 0x04, 0xfd, 0x00, 0x00, 0x40, 0xfa, 0x00, 0x00, 0x02, 0xea, 0x00, 0x00, 0x80,
  0xff, 0x00, 0x00, 0x20, 0xfd, 0x00, 0x00, 0x04, 0xeb, 0x00, 0x00, 0x01, 0xf9, 0x00, 0x00, 0x08,
  0xfe, 0x00, 0x00, 0x80, 0xfb, 0x00, 0x00, 0x10, 0xfd, 0x00, 0x00, 0x08, 0xfb, 0x00, 0x00, 0x02,
  0xf9, 0x00, 0x00, 0x08, 0xfe, 0x00, 0x00, 0x40, 0xff, 0x00, 0x00, 0x02, 0xf9, 0x00, 0x00, 0x08,
  0xfe, 0x00, 0x00, 0x40, 0xf6, 0x00, 0x00, 0x08, 0xe7, 0x00, 0x00, 0x10, 0xfd, 0x00, 0x00, 0x08,
  0xfe, 0x00, 0x00, 0x20, 0xfb, 0x00, 0x00, 0x10, 0xfd, 0x00, 0x00, 0x08, 0xfe, 0x00, 0x00, 0x20,
  0xf6, 0x00, 0x00, 0x08, 0xfe, 0x00, 0x00, 0x20, 0xff, 0x00, 0x00, 0x04, 0xfe, 0x00, 0x00, 0x10,
  0xfd, 0x00, 0x00, 0x08, 0xfe, 0x00, 0x00, 0x20, 0xff, 0x00, 0x00, 0x04, 0xfe, 0x00, 0x00, 0x10,
  0xf9, 0x00, 0x00, 0x20, 0xff, 0x00, 0x00, 0x04, 0xfe, 0x00, 0x00, 0x10, 0xf9, 0x00, 0x00, 0x20,
  0xff, 0x00, 0x00, 0x04, 0xfe, 0x00, 0x00, 0x10, 0xf9, 0x00, 0x00, 0x20, 0xff, 0x00, 0x00, 0x04,
  0xfe, 0x00, 0x00, 0x10, 0xf9, 0x00, 0x00, 0x20, 0xff, 0x00, 0x00, 0x04, 0xfe, 0x00, 0x00, 0x10,
  0xf9, 0x00, 0x00, 0x20, 0xff, 0x00, 0x00, 0x04, 0xfe, 0x00, 0x00, 0x10, 0xf9, 0x00, 0x00, 0x20,
  0xfb, 0x00, 0x00, 0x10, 0xf9, 0x00, 0x00, 0x20, 0xfb, 0x00, 0x00, 0x10, 0xf9, 0x00, 0x00, 0x20,
  0xff, 0x00, 0x00, 0x02, 0xfe, 0x00, 0x00, 0x10, 0xf6, 0x00, 0x00, 0x02, 0xfe, 0x00, 0x00, 0x10,
  0xf9, 0x00, 0x00, 0x40, 0xff, 0x00, 0x00, 0x02, 0xfe, 0x00, 0x00, 0x10, 0xf9, 0x00, 0x00, 0x40,
  0xff, 0x00, 0x00, 0x02, 0xfe, 0x00, 0x00, 0x10, 0xf9, 0x00, 0x00, 0x40, 0xff, 0x00, 0x00, 0x02,
  0xfe, 0x00, 0x00, 0x10, 0xf9, 0x00, 0x00, 0x40, 0xff, 0x00, 0x00, 0x02, 0xfe, 0x00, 0x00, 0x10,
  0xf2, 0x00, 0x00, 0x10, 0xf9, 0x00, 0x00, 0x80, 0xff, 0x00, 0x00, 0x01, 0xfe, 0x00, 0x00, 0x10,
  0xf2, 0x00, 0x00, 0x10, 0xf5, 0x00, 0x00, 0x80, 0xfb, 0x00, 0x00, 0x10, 0xfe, 0x00, 0x00, 0x01,
  0xf9, 0x00, 0x04, 0x10, 0x40, 0x02, 0x08, 0x04, 0xff, 0x00, 0x00, 0x02, 0xfd, 0x00, 0x00, 0x40,
  0xff, 0x00, 0x04, 0x20, 0x00, 0x18, 0x08, 0x04, 0xfe, 0x00, 0x00, 0x02, 0xfd, 0x00, 0x00, 0x40,
  0xfc, 0x00, 0x02, 0x40, 0x04, 0x02, 0xff, 0x00, 0x00, 0x04, 0xfd, 0x00, 0x00, 0x20, 0xff, 0x00,
  0x00, 0x40, 0xfe, 0x00, 0x01, 0x04, 0x01, 0xff, 0x00, 0x00, 0x08, 0xfd, 0x00, 0x00, 0x10, 0xff,
  0x00, 0x00, 0x80, 0xfe, 0x00, 0x02, 0x04, 0x00, 0x80, 0xf9, 0x00, 0x00, 0x02, 0xfb, 0x00, 0x02,
  0x20, 0x00, 0x40, 0xfb, 0x00, 0x00, 0x18, 0xcf, 0x00, 0x01, 0x80, 0x01, 0xf3, 0x00, 0x01, 0x38,
  0x18, 0x81, 0x00, 0xea, 0x00, 0x81, 0x00, 0xee, 0x00, 0x01, 0x71, 0xc0, 0xfb, 0x00, 0x02, 0x20,
  0x00, 0x40, 0xfd, 0x00, 0x00, 0x08, 0xf9, 0x00, 0x00, 0x80, 0xfb, 0x00, 0x00, 0x20, 0xef, 0x00,
  0x00, 0x80, 0xf2, 0x00, 0x00, 0x40, 0xea, 0x00, 0x00, 0x01, 0xca, 0x00, 0x00, 0x10, 0xf2, 0x00,
  0x00, 0x10, 0xf2, 0x00, 0x00, 0x10, 0xf9, 0x00, 0x00, 0x40, 0xfb, 0x00, 0x00, 0x10, 0x81, 0x00,
  0x81, 0x00, 0xe6, 0x00, 0x00, 0x02, 0xbd, 0x00, 0x00, 0x09, 0xe0, 0x00, 0x00, 0x08, 0x81, 0x00,
  0xf3, 0x00, 0x01, 0x08, 0x10, 0x81, 0x00, 0xea, 0x00, 0x81, 0x00, 0xee, 0x00, 0x01, 0x31, 0x80,
  0xf9, 0x00, 0x00, 0x40, 0xf4, 0x00, 0x00, 0x80, 0xe8, 0x00, 0x00, 0x80, 0xf2, 0x00, 0x00, 0x40,
  0xfd, 0x00, 0x00, 0x04, 0xef, 0x00, 0x00, 0x01, 0xca, 0x00, 0x00, 0x10, 0xf2, 0x00, 0x00, 0x10,
  0xf2, 0x00, 0x00, 0x10, 0xf9, 0x00, 0x00, 0x40, 0xfb, 0x00, 0x00, 0x10, 0x81, 0x00, 0x81, 0x00,
  0x8a, 0x00, 0x00, 0x02, 0xe2, 0x00, 0x00, 0x04, 0xf2, 0x00, 0x00, 0x08, 0xdb, 0x00, 0x00, 0x10,
  0xbf, 0x00, 0x01, 0x08, 0x10, 0x81, 0x00, 0xea, 0x00, 0x81, 0x00, 0xee, 0x00, 0x01, 0x31, 0x80,
  0xf9, 0x00, 0x00, 0x40, 0xf4, 0x00, 0x00, 0x80, 0xe8, 0x00, 0x00, 0x80, 0xf2, 0x00, 0x00, 0x40,
  0xfd, 0x00, 0x00, 0x04, 0xfa, 0x00, 0x00, 0x80, 0xda, 0x00, 0x00, 0x08, 0xe7, 0x00, 0x00, 0x10,
  0xf2, 0x00, 0x00, 0x10, 0xf2, 0x00, 0x00, 0x10, 0xf2, 0x00, 0x00, 0x10, 0x81, 0x00, 0x81, 0x00,
  0x81, 0x00, 0xf5, 0x00, 0x00, 0x40, 0x81, 0x00, 0xfd, 0x00, 0x01, 0x08, 0x10, 0x81, 0x00, 0xea,
  0x00, 0x81, 0x00, 0xee, 0x00, 0x01, 0x11, 0xc0, 0xf9, 0x00, 0x00, 0x40, 0xf4, 0x00, 0x00, 0x80,
  0xfb, 0x00, 0x00, 0x20, 0xef, 0x00, 0x00, 0x80, 0xf2, 0x00, 0x00, 0x40, 0xf5, 0x00, 0x00, 0x80,
  0xda, 0x00, 0x00, 0x08, 0xe7, 0x00, 0x00, 0x10, 0xf2, 0x00, 0x00, 0x10, 0xf2, 0x00, 0x00, 0x10,
  0xf2, 0x00, 0x00, 0x10, 0xb9, 0x00, 0x00, 0x20, 0xf2, 0x00, 0x00, 0x20, 0x81, 0x00, 0xa2, 0x00,
  0x00, 0x80, 0xd3, 0x00, 0x00, 0x01, 0xd7, 0x00, 0x00, 0x80, 0x83, 0x00, 0x00, 0x08, 0x81, 0x00,
  0xe9, 0x00, 0x81, 0x00, 0xee, 0x00, 0x01, 0x11, 0xc0, 0xf9, 0x00, 0x00, 0x40, 0xf4, 0x00, 0x00,
  0x80, 0xfb, 0x00, 0x00, 0x20, 0xef, 0x00, 0x00, 0x80, 0xf2, 0x00, 0x00, 0x40, 0xa2, 0x00, 0x00,
  0x10, 0x81, 0x00, 0x81, 0x00, 0x81, 0x00, 0x00, 0x09, 0xd0, 0x00, 0x00, 0xa0, 0xc6, 0x00, 0x00,
  0x10, 0xbf, 0x00, 0x01, 0x18, 0x08, 0x81, 0x00, 0xea, 0x00, 0x81, 0x00, 0xee, 0x00, 0x01, 0x51,
  0x80, 0xf9, 0x00, 0x00, 0x40, 0xda, 0x00, 0x00, 0x80, 0xf2, 0x00, 0x00, 0x40, 0xc6, 0x00, 0x00,
  0x02, 0xde, 0x00, 0x00, 0x10, 0x89, 0x00, 0x00, 0x20, 0x81, 0x00, 0x81, 0x00, 0x8c, 0x00, 0x00,
  0x10, 0xbf, 0x00, 0x00, 0x10, 0x81, 0x00, 0xe9, 0x00, 0x81, 0x00, 0xee, 0x00, 0x01, 0x11, 0x80,
  0xfb, 0x00, 0x02, 0x10, 0x00, 0x40, 0xfb, 0x00, 0x00, 0x04, 0xf9, 0x00, 0x00, 0x10, 0xea, 0x00,
  0x00, 0x80, 0xb6, 0x00, 0x00, 0x02, 0x81, 0x00, 0x81, 0x00, 0x81, 0x00, 0x81, 0x00, 0xbb, 0x00,
  0x00, 0x01, 0x81, 0x00, 0xda, 0x00, 0x81, 0x00, 0xee, 0x00, 0x00, 0x41, 0xfa, 0x00, 0x00, 0x10,
  0xf9, 0x00, 0x00, 0x04, 0xf9, 0x00, 0x00, 0x10, 0xea, 0x00, 0x00, 0x80, 0xbd, 0x00, 0x00, 0x08,
  0x81, 0x00, 0x81, 0x00, 0x81, 0x00, 0x81, 0x00, 0xb4, 0x00, 0x00, 0x01, 0x81, 0x00, 0xda, 0x00,
  0x81, 0x00, 0xee, 0x00, 0x00, 0x0f, 0xfa, 0x00, 0x02, 0x1f, 0xff, 0x80, 0xfd, 0x00, 0x02, 0x07,
  0xff, 0xfc, 0xfb, 0x00, 0x02, 0x7f, 0xff, 0xf0, 0xfd, 0x00, 0x02, 0x1f, 0xff, 0xfe, 0xfc, 0x00,
  0x00, 0x01, 0xff, 0xff, 0x00, 0xf8, 0xfd, 0x00, 0x00, 0x7f, 0xff, 0xff, 0x00, 0x80, 0xfd, 0x00,
  0x00, 0x03, 0xff, 0xff, 0x00, 0xfc, 0xfd, 0x00, 0x00, 0x7f, 0xff, 0xff, 0x00, 0xc0, 0xfd, 0x00,
  0x00, 0x03, 0xff, 0xff, 0x00, 0xfe, 0xfd, 0x00, 0xfe, 0xff, 0x00, 0xc0, 0xfd, 0x00, 0x00, 0x07,
  0xfe, 0xff, 0xfd, 0x00, 0xfe, 0xff, 0x00, 0xe0, 0xfd, 0x00, 0x00, 0x07, 0xfe, 0xff, 0xfe, 0x00,
  0x00, 0x01, 0xfe, 0xff, 0x00, 0xe0, 0xfd, 0x00, 0x03, 0x07, 0xfc, 0x07, 0xff, 0xfe, 0x00, 0x04,
  0x01, 0xff, 0x00, 0x0f, 0xe0, 0xfd, 0x00, 0x04, 0x0f, 0xc0, 0x00, 0x3f, 0x80, 0xff, 0x00, 0x04,
  0x03, 0xf8, 0x00, 0x03, 0xf0, 0xfd, 0x00, 0x00, 0x0f, 0xff, 0x00, 0x01, 0x0f, 0x80, 0xff, 0x00,
  0x01, 0x03, 0xf0, 0xff, 0x00, 0x00, 0xf0, 0xfd, 0x00, 0x00, 0x0c, 0xff, 0x00, 0x01, 0x07, 0x80,
  0xff, 0x00, 0x01, 0x03, 0xc0, 0xff, 0x00, 0x00, 0x70, 0xfd, 0x00, 0x00, 0x0c, 0xff, 0x00, 0x01,
  0x03, 0xc0, 0xff, 0x00, 0x01, 0x03, 0x80, 0xff, 0x00, 0x00, 0x30, 0xfd, 0x00, 0x00, 0x08, 0xff,
  0x00, 0x01, 0x01, 0xc0, 0xff, 0x00, 0x00, 0x03, 0xf5, 0x00, 0x00, 0xc0, 0xff, 0x00, 0x00, 0x02,
  0xf5, 0x00, 0x00, 0x40, 0xff, 0x00, 0x00, 0x02, 0xf5, 0x00, 0x00, 0x40, 0xff, 0x00, 0x00, 0x04,
  0xfe, 0x00, 0x00, 0x10, 0xfd, 0x00, 0x00, 0x10, 0xfe, 0x00, 0x00, 0x60, 0xff, 0x00, 0x00, 0x04,
  0xfe, 0x00, 0x00, 0x10, 0xfd, 0x00, 0x00, 0x18, 0xfe, 0x00, 0x00, 0x40, 0xff, 0x00, 0x00, 0x04,
  0xfe, 0x00, 0x00, 0x10, 0xfd, 0x00, 0x00, 0x18, 0xfb, 0x00, 0x00, 0x04, 0xfe, 0x00, 0x00, 0x10,
  0xfd, 0x00, 0x00, 0x18, 0xfb, 0x00, 0x00, 0x04, 0xfe, 0x00, 0x00, 0x10, 0xfd, 0x00, 0x00, 0x18,
  0xfb, 0x00, 0x00, 0x04, 0xfe, 0x00, 0x00, 0x10, 0xfd, 0x00, 0x00, 0x18, 0xf7, 0x00, 0x00, 0x10,
  0xfd, 0x00, 0x00, 0x18, 0xfe, 0x00, 0x00, 0x20, 0xff, 0x00, 0x00, 0x04, 0xfe, 0x00, 0x00, 0x10,
  0xfd, 0x00, 0x00, 0x08, 0xfe, 0x00, 0x00, 0x20, 0xff, 0x00, 0x00, 0x04, 0xfe, 0x00, 0x00, 0x10,
  0xfd, 0x00, 0x00, 0x08, 0xfe, 0x00, 0x00, 0x20, 0xff, 0x00, 0x00, 0x04, 0xfe, 0x00, 0x00, 0x10,
  0xfd, 0x00, 0x00, 0x08, 0xfe, 0x00, 0x00, 0x20, 0xff, 0x00, 0x00, 0x04, 0xfe, 0x00, 0x00, 0x10,
  0xfd, 0x00, 0x00, 0x08, 0xfe, 0x00, 0x00, 0x60, 0xff, 0x00, 0x00, 0x04, 0xfe, 0x00, 0x00, 0x10,
  0xfd, 0x00, 0x00, 0x08, 0xfe, 0x00, 0x00, 0x60, 0xff, 0x00, 0x00, 0x04, 0xfe, 0x00, 0x00, 0x10,
  0xfd, 0x00, 0x00, 0x08, 0xfe, 0x00, 0x00, 0x40, 0xff, 0x00, 0x00, 0x04, 0xfe, 0x00, 0x00, 0x10,
  0xfd, 0x00, 0x00, 0x08, 0xfe, 0x00, 0x00, 0x40, 0xff, 0x00, 0x00, 0x06, 0xfe, 0x00, 0x00, 0x10,
  0xfd, 0x00, 0x00, 0x08, 0xfe, 0x00, 0x00, 0x40, 0xff, 0x00, 0x00, 0x02, 0xfe, 0x00, 0x00, 0x10,
  0xfd, 0x00, 0x00, 0x08, 0xfe, 0x00, 0x00, 0x40, 0xff, 0x00, 0x00, 0x02, 0xfe, 0x00, 0x00, 0x10,
  0xfd, 0x00, 0x00, 0x08, 0xfe, 0x00, 0x00, 0xc0, 0xff, 0x00, 0x00, 0x03, 0xf5, 0x00, 0x00, 0xc0,
  0xff, 0x00, 0x00, 0x03, 0xfd, 0x00, 0x00, 0x07, 0xff, 0x00, 0x00, 0xe0, 0xfd, 0x00, 0x00, 0x80,
  0xff, 0x00, 0x01, 0x03, 0x80, 0xfe, 0x00, 0x03, 0x1f, 0x80, 0x03, 0xf0, 0xfe, 0x00, 0x01, 0x01,
  0x80, 0xff, 0x00, 0x01, 0x01, 0x80, 0xff, 0x00, 0x05, 0x20, 0x1f, 0xe0, 0x07, 0xf8, 0x04, 0xff,
  0x00, 0x01, 0x03, 0x80, 0xff, 0x00, 0x01, 0x01, 0xc0, 0xff, 0x00, 0x05, 0x20, 0x1f, 0xff, 0x9f,
  0xf8, 0x04, 0xff, 0x00, 0x00, 0x03, 0xfd, 0x00, 0x00, 0xc0, 0xff, 0x00, 0x01, 0x60, 0x18, 0xff,
  0xff, 0x01, 0x08, 0x06, 0xff, 0x00, 0x00, 0x07, 0xfd, 0x00, 0x00, 0xe0, 0xff, 0x00, 0x05, 0xe0,
  0x00, 0x3f, 0xfc, 0x00, 0x07, 0xff, 0x00, 0x00, 0x1f, 0xfd, 0x00, 0x0b, 0x7c, 0x00, 0x03, 0xe0,
  0x00, 0x03, 0xe0, 0x00, 0x07, 0xc0, 0x00, 0x7e, 0xfd, 0x00, 0x04, 0x7e, 0x00, 0x0f, 0xc0, 0x10,
  0xff, 0x00, 0x01, 0x08, 0x03, 0xff, 0xff, 0x00, 0xfe, 0xfd, 0x00, 0x00, 0x3f, 0xff, 0xff, 0x01,
  0xc0, 0x18, 0xff, 0x00, 0x01, 0x18, 0x03, 0xff, 0xff, 0x00, 0xf8, 0xfd, 0x00, 0x00, 0x1f, 0xff,
  0xff, 0x01, 0x80, 0x1c, 0xff, 0x00, 0x01, 0x38, 0x01, 0xff, 0xff, 0x00, 0xf8, 0xfd, 0x00, 0x00,
  0x0f, 0xff, 0xff, 0x05, 0x80, 0x1f, 0x00, 0x01, 0xf8, 0x00, 0xff, 0xff, 0x00, 0xf0, 0xfd, 0x00,
  0x00, 0x07, 0xff, 0xff, 0x08, 0x00, 0x0f, 0xd0, 0x07, 0xf0, 0x00, 0x7f, 0xff, 0x80, 0xfd, 0x00,
  0x04, 0x01, 0xff, 0xfc, 0x00, 0x07, 0xff, 0xff, 0x03, 0xc0, 0x00, 0x3f, 0xfe, 0xfb, 0x00, 0x03,
  0x0f, 0xe0, 0x00, 0x01, 0xff, 0xff, 0x00, 0x80, 0xf4, 0x00, 0x01, 0x7f, 0xf8, 0xf3, 0x00, 0x01,
  0x03, 0xc0, 0xaa, 0x00
};
